question_id,standard_stars,standard_level,standard_level_name,calibrated_stars,calibrated_level,calibrated_level_name,original_teacher_level,label_changed,review_status,review_confidence,acceptable_levels,review_reason,teacher_reason,stem_summary,stem_pic_url,analysis_pic_url
3660414888162418688,★,1,送分题,★,1,送分题,送分题,否,一致保留,高,送分题,最高难任务属于单一熟悉模板的直接识别，没有第二次化学决策。 原标注依据：知识点纯识记，地壳中元素含量前五位,知识点纯识记，地壳中元素含量前五位,地壳中含量最多的金属元素是（ ）,https://k12static.xdf.cn/k12/image/externalized/eb35b784-13ba-4d85-8fdd-e18b0825f9a5.png,https://k12static.xdf.cn/k12/image/externalized/c78dcc92-2532-43c6-80c4-e73000519d4c.png
3409521577253249024,★,1,送分题,★,1,送分题,送分题,否,一致保留,高,送分题,最高难任务属于单一熟悉模板的直接识别，没有第二次化学决策。 原标注依据：知识点纯识记，描述化学性质的词直接判断,知识点纯识记，描述化学性质的词直接判断,下列物质的性质中属于化学性质的是$(\quad\;\;\;\;)$。,https://k12static.xdf.cn/k12/image/externalized/92ab5582-962c-4ca7-aa26-4032ed2c74a2.png,https://k12static.xdf.cn/k12/image/externalized/6c972700-626d-4c99-9279-759bb5fb9e22.png
3655002365996331008,★,1,送分题,★,1,送分题,送分题,否,一致保留,高,送分题,最高难任务属于单一熟悉模板的直接识别，没有第二次化学决策。 原标注依据：识记内容，化学式的简单识别,识记内容，化学式的简单识别,一氧化碳具有还原性，常用于冶金工业。一氧化碳的化学式是,https://k12static.xdf.cn/k12/image/externalized/5193a6ae-ad6f-498d-ae65-b5b50267f890.png,https://k12static.xdf.cn/k12/image/externalized/a5086d2b-58ff-4723-a2d6-a11d6d4b29c6.png
3671904479224631296,★,1,送分题,★,1,送分题,送分题,否,边界保留,中,送分题 / 基础题,最高难任务属于单一熟悉模板的直接识别，没有第二次化学决策。 原标注依据：识记内容，仪器的简单辨别 现有模型存在相邻档分歧；复核后主标签保留原档，同时记录相邻档为可接受边界。,识记内容，仪器的简单辨别,正确认识和使用化学仪器是进行化学实验操作的重要前提。下列仪器与名称对应错误的是,https://k12static.xdf.cn/k12/image/externalized/9e5e1b4f-738f-48a9-8f18-1d77ba782935.png,https://k12static.xdf.cn/k12/image/externalized/0e339c9f-7a15-48ad-892f-6d7a9cd1a787.png
2764781751692218369,★,1,送分题,★,1,送分题,送分题,否,一致保留,高,送分题,最高难任务属于单一熟悉模板的直接识别，没有第二次化学决策。 原标注依据：识记内容，课本原文内容的直接考查,识记内容，课本原文内容的直接考查,化学就在我们身边，人类的衣食住行都离不开化学，下列关于化学的作用不正确的是,https://k12static.xdf.cn/k12/image/externalized/15907c65-7519-427e-a201-b76faa8b7d3e.png,https://k12static.xdf.cn/k12/image/externalized/028f89b5-a433-4fc7-93d2-babb99771452.png
2752929474936156160,★,1,送分题,★,1,送分题,送分题,否,边界保留,中,送分题 / 基础题,最高难任务属于单一熟悉模板的直接识别，没有第二次化学决策。 原标注依据：识记内容，化学实验现象判断 现有模型存在相邻档分歧；复核后主标签保留原档，同时记录相邻档为可接受边界。,识记内容，化学实验现象判断,下列有关化学实验现象叙述正确的是,https://k12static.xdf.cn/k12/image/externalized/60490542-88a8-45cb-bed6-87faa35b9e88.png,https://k12static.xdf.cn/k12/image/externalized/9b3f66c2-9299-4779-9648-cbd84c559e69.png
3176345477817044992,★,1,送分题,★,1,送分题,送分题,否,一致保留,高,送分题,最高难任务属于单一熟悉模板的直接识别，没有第二次化学决策。 原标注依据：识记内容，图标的直接识别,识记内容，图标的直接识别,化学是一门以实验为基础的学科，在“做实验”中“学化学”是化学学习的主要方法，下列实验室安全标志表示“戴好防护手套”的是,https://k12static.xdf.cn/k12/image/externalized/d740878e-4df1-4649-9ad7-2b954512663b.png,https://k12static.xdf.cn/k12/image/externalized/97320344-3eff-4f54-9d75-ffbc17122e04.png
3643272458319765504,★,1,送分题,★,1,送分题,送分题,否,一致保留,高,送分题,最高难任务属于单一熟悉模板的直接识别，没有第二次化学决策。 原标注依据：识记内容，空气成分的体积分数直接判断,识记内容，空气成分的体积分数直接判断,空气是一种宝贵的资源，空气中体积分数约占21%的是,https://k12static.xdf.cn/k12/image/externalized/329b3102-d360-4498-b143-64fd4b48a73d.png,https://k12static.xdf.cn/k12/image/externalized/276f2de1-1ad0-4eef-b3b4-90ca9bd9d545.png
3663189178208792576,★,1,送分题,★,1,送分题,送分题,否,一致保留,高,送分题,最高难任务属于单一熟悉模板的直接识别，没有第二次化学决策。 原标注依据：识记内容，空气中各成分用途识别,识记内容，空气中各成分用途识别,夏日傍晚，公园里闪烁着美丽的霓虹灯，霓虹灯内填充的气体是空气中的,https://k12static.xdf.cn/k12/image/externalized/8de58b82-d856-4fb7-8c23-58b49daa77a0.png,https://k12static.xdf.cn/k12/image/externalized/076363ec-3519-46a0-a89e-5ec9e71b3aec.png
3590830079028281344,★,1,送分题,★,1,送分题,送分题,否,一致保留,高,送分题,最高难任务属于单一熟悉模板的直接识别，没有第二次化学决策。 原标注依据：识记内容，金属之最,识记内容，金属之最,下列金属中，熔点最高的是（ ）,https://k12static.xdf.cn/k12/image/externalized/959d6cd1-b272-4958-a244-812f4a6d92e5.png,https://k12static.xdf.cn/k12/image/externalized/b012bdc0-5dad-4b9d-92ef-bcd4e8a22d77.png
3545970445305868288,★,1,送分题,★,1,送分题,送分题,否,边界保留,中,送分题 / 基础题,最高难任务属于单一熟悉模板的直接识别，没有第二次化学决策。 原标注依据：化学变化直接判断 现有模型存在相邻档分歧；复核后主标签保留原档，同时记录相邻档为可接受边界。,化学变化直接判断,下列生产过程中蕴藏化学变化的是,https://k12static.xdf.cn/k12/image/externalized/4585560b-b772-4153-abcb-7cf1ea82f2ec.png,https://k12static.xdf.cn/k12/image/externalized/4d8bbfe9-7656-48b4-899c-0f38ffe4bfcd.png
3444660908863332352,★,1,送分题,★,1,送分题,送分题,否,边界保留,中,送分题 / 基础题,最高难任务属于单一熟悉模板的直接识别，没有第二次化学决策。 原标注依据：单一反应类型的直接判断 现有模型存在相邻档分歧；复核后主标签保留原档，同时记录相邻档为可接受边界。,单一反应类型的直接判断,下列化学反应属于化合反应的是,https://k12static.xdf.cn/k12/image/externalized/8e04bd97-c512-47b2-8f0d-e44bfc077bab.png,https://k12static.xdf.cn/k12/image/externalized/1d2bd2b0-ea67-43a0-8927-4c621cfe5635.png
3428530846454001664,★,1,送分题,★,1,送分题,送分题,否,一致保留,高,送分题,最高难任务属于单一熟悉模板的直接识别，没有第二次化学决策。 原标注依据：缓慢氧化的判断，单一概念,缓慢氧化的判断，单一概念,下列过程不属于缓慢氧化的是（ ）,https://k12static.xdf.cn/k12/image/externalized/6033c2fb-0744-4501-94ca-a00163098887.png,https://k12static.xdf.cn/k12/image/externalized/b148f2eb-2b8b-4439-be8f-db023486ef17.png
3444534131291172864,★,1,送分题,★,1,送分题,送分题,否,边界保留,中,送分题 / 基础题,最高难任务属于单一熟悉模板的直接识别，没有第二次化学决策。 原标注依据：根据化学式判断元素种类，单一元素辨别 现有模型存在相邻档分歧；复核后主标签保留原档，同时记录相邻档为可接受边界。,根据化学式判断元素种类，单一元素辨别,含有三种元素的物质是,https://k12static.xdf.cn/k12/image/externalized/099bfa5b-b8d1-437b-8fb1-623bcd9ca4d0.png,https://k12static.xdf.cn/k12/image/externalized/c9ee22fc-900a-4393-a5bd-42d6589f44bc.png
2474759447092416512,★,1,送分题,★,1,送分题,送分题,否,边界保留,中,送分题 / 基础题,最高难任务属于单一熟悉模板的直接识别，没有第二次化学决策。 原标注依据：离子符号书写判断，根据书写的知识点即可判断 现有模型存在相邻档分歧；复核后主标签保留原档，同时记录相邻档为可接受边界。,离子符号书写判断，根据书写的知识点即可判断,下列离子符号的书写正确的是（ ）,https://k12static.xdf.cn/k12/image/externalized/f5eb0510-adb2-40cb-9121-24a51c14c85b.png,https://k12static.xdf.cn/k12/image/externalized/e83fd68d-75dd-4f54-b0c1-b7f71d9a6610.png
3658616733984890880,★,1,送分题,★,1,送分题,送分题,否,一致保留,高,送分题,最高难任务属于单一熟悉模板的直接识别，没有第二次化学决策。 原标注依据：单一微粒符号判断，氮气化学式,单一微粒符号判断，氮气化学式,下列化学用语表示氮气的是,https://k12static.xdf.cn/k12/image/externalized/70d0a7fd-39d0-48a8-85aa-4f458ab47b5b.png,https://k12static.xdf.cn/k12/image/externalized/70bf0ea1-8ae1-42a1-9d14-aea2df983284.png
3637272561530511360,★,1,送分题,★,1,送分题,送分题,否,一致保留,高,送分题,最高难任务属于单一熟悉模板的直接识别，没有第二次化学决策。 原标注依据：化学家的成就单一判断,化学家的成就单一判断,下列科学家在化学的发展史上都作出了巨大贡献，18世纪通过实验得出质量守恒定律的科学家是,https://k12static.xdf.cn/k12/image/externalized/1af12fa4-a818-490d-a6bd-01b91b794925.png,https://k12static.xdf.cn/k12/image/externalized/844ad303-6d21-4fae-a0f7-50e9fcfdc314.png
3607181564695609344,★,1,送分题,★,1,送分题,送分题,否,边界保留,中,送分题 / 基础题,最高难任务属于单一熟悉模板的直接识别，没有第二次化学决策。 原标注依据：化学方程式的意义判断，书本上内容考查 现有模型存在相邻档分歧；复核后主标签保留原档，同时记录相邻档为可接受边界。,化学方程式的意义判断，书本上内容考查,关于化学方程式的意义，下列说法错误的是,https://k12static.xdf.cn/k12/image/externalized/334e58d7-be46-47d2-891a-750dca27b174.png,https://k12static.xdf.cn/k12/image/externalized/befb8479-0662-4d7c-8a9b-90e3d42c78ff.png
3161742685600026624,★★,2,基础题,★★,2,基础题,送分题,是,明确改标,高,基础题,题目不是单一教材结论的直接检索：需要完成实质表征转换、书写规则转换，或在不同化学/实验规则之间切换，因此校准为基础题。,文字表达式的直接书写,拉瓦锡为了研究空气的成分，曾把汞放在密闭容器中加热，得到了红色粉末氧化汞，他又把这种红色粉末加热，得到了汞和氧气。写出上述两个反应的文字表达式：&emsp;&emsp;&emsp; 、&emsp;&emsp;&emsp; 。,https://k12static.xdf.cn/k12/image/externalized/46b6e286-af5b-4eac-9b5d-e24114984cc8.png,https://k12static.xdf.cn/k12/image/externalized/577debab-862f-4035-b2fc-cc6df4d74c8b.png
3654291368419553280,★,1,送分题,★,1,送分题,送分题,否,一致保留,高,送分题,最高难任务属于单一熟悉模板的直接识别，没有第二次化学决策。 原标注依据：原子的构成，书本上知识,原子的构成，书本上知识,原子由原子核与核外电子构成，原子绝大部分质量集中在,https://k12static.xdf.cn/k12/image/externalized/b39ad6f3-5093-4761-8c58-4a19f312d1ab.png,https://k12static.xdf.cn/k12/image/externalized/1583756a-6ac4-4349-aff2-9d28d38a21c2.png
3654210123107467264,★,1,送分题,★,1,送分题,送分题,否,边界保留,中,送分题 / 基础题,最高难任务属于单一熟悉模板的直接识别，没有第二次化学决策。 原标注依据：分子不断运动的直接现象考查 现有模型存在相邻档分歧；复核后主标签保留原档，同时记录相邻档为可接受边界。,分子不断运动的直接现象考查,煮豆浆时能闻到浓浓的豆香，说明分子具有的性质是,https://k12static.xdf.cn/k12/image/externalized/9a8e5ed5-d253-44d5-9706-b7b0ebde3678.png,https://k12static.xdf.cn/k12/image/externalized/9ce9306f-55e7-48b5-9c77-c4f2c7087f88.png
3476099216835158016,★★,2,基础题,★★,2,基础题,送分题,是,明确改标,高,基础题,题目不是单一教材结论的直接检索：需要完成实质表征转换、书写规则转换，或在不同化学/实验规则之间切换，因此校准为基础题。,物质分类的微观解释-微观图直接判断纯净物、混合物,下列各图中的“●”和“○”分别表示不同元素的原子，其中表示混合物的是,https://k12static.xdf.cn/k12/image/externalized/a70fc064-26e5-4121-bbc3-e9bf365a077b.png,https://k12static.xdf.cn/k12/image/externalized/48dc6a0d-ed50-47d3-a28a-d8d972e7fe51.png
3658616781375627264,★,1,送分题,★,1,送分题,送分题,否,一致保留,高,送分题,最高难任务属于单一熟悉模板的直接识别，没有第二次化学决策。 原标注依据：元素的本质区别-书本上定义,元素的本质区别-书本上定义,碳化硅（SiC）是人形机器人关节的重要材料。碳化硅中碳元素与硅元素的本质区别是,https://k12static.xdf.cn/k12/image/externalized/d1fdd0e1-8938-4dc9-853e-f2069942fa5d.png,https://k12static.xdf.cn/k12/image/externalized/1a4345c8-5eb4-4916-8fb4-ed2684919478.png
3660268590535122944,★,1,送分题,★,1,送分题,送分题,否,边界保留,中,送分题 / 基础题,最高难任务属于单一熟悉模板的直接识别，没有第二次化学决策。 原标注依据：元素名称与符号的对应判断1-20号元素 现有模型存在相邻档分歧；复核后主标签保留原档，同时记录相邻档为可接受边界。,元素名称与符号的对应判断1-20号元素,我国近代化学先驱徐寿创造了部分元素的汉语名称。下列元素名称与符号一致的是,https://k12static.xdf.cn/k12/image/externalized/015dd0a2-f1fd-430a-8775-bf862f747890.png,https://k12static.xdf.cn/k12/image/externalized/74eb4eba-9585-4ca7-87c4-10e80c77496d.png
3444279123728945152,★,1,送分题,★,1,送分题,送分题,否,一致保留,高,送分题,最高难任务属于单一熟悉模板的直接识别，没有第二次化学决策。 原标注依据：元素分类判断，根据化学式直接判断金属元素或非金属元素,元素分类判断，根据化学式直接判断金属元素或非金属元素,下列物质含金属元素的是,https://k12static.xdf.cn/k12/image/externalized/f59e3fbf-b64d-4bf9-88a6-bdb28177652c.png,https://k12static.xdf.cn/k12/image/externalized/1a68a945-92e3-4ea3-ae0a-9b73a4060f51.png
3444588336026595328,★,1,送分题,★,1,送分题,送分题,否,边界保留,中,送分题 / 基础题,最高难任务属于单一熟悉模板的直接识别，没有第二次化学决策。 原标注依据：根据化学式，氧化物的直接判断 现有模型存在相邻档分歧；复核后主标签保留原档，同时记录相邻档为可接受边界。,根据化学式，氧化物的直接判断,下列物质属于氧化物的是,https://k12static.xdf.cn/k12/image/externalized/1b5c210e-6832-47be-baa7-5651bb521ec4.png,https://k12static.xdf.cn/k12/image/externalized/d91458c9-a599-4ee2-a65f-552a0db0eca0.png
3597941089643810816,★,1,送分题,★,1,送分题,送分题,否,边界保留,中,送分题 / 基础题,最高难任务属于单一熟悉模板的直接识别，没有第二次化学决策。 原标注依据：混合物、纯净物判断 现有模型存在相邻档分歧；复核后主标签保留原档，同时记录相邻档为可接受边界。,混合物、纯净物判断,生活中常见的下列物质属于纯净物的是（ ）,https://k12static.xdf.cn/k12/image/externalized/99ad845b-2c2e-4c36-a7f4-645e276ea258.png,https://k12static.xdf.cn/k12/image/externalized/93aacc1a-e18d-4e6e-8101-330d5168f8c6.png
3444558493167759360,★,1,送分题,★,1,送分题,送分题,否,一致保留,高,送分题,最高难任务属于单一熟悉模板的直接识别，没有第二次化学决策。 原标注依据：空气污染物的直接判断,空气污染物的直接判断,下列物质属于空气污染物的是 ①$\text{SO}_2$ ②$\text{CO}_2$ ③$\text{NO}_2$ ④$\text{N}_2$,https://k12static.xdf.cn/k12/image/externalized/b10f7757-64d2-44eb-aeea-237c80e4202d.png,https://k12static.xdf.cn/k12/image/externalized/f8b36a4e-5e4e-4c3d-ae8e-034b9c95b2c5.png
3669585899308523520,★,1,送分题,★,1,送分题,送分题,否,一致保留,高,送分题,最高难任务属于单一熟悉模板的直接识别，没有第二次化学决策。 原标注依据：保护环境的常见措施判断,保护环境的常见措施判断,保护环境是我们每个人的责任与使命，下列做法中不利于环保的是,https://k12static.xdf.cn/k12/image/externalized/2a6ad601-eb8e-4ddf-8f1d-ec67c3b650db.png,https://k12static.xdf.cn/k12/image/externalized/61896ded-ec75-4f3d-9776-810479851a0c.png
3659094374673825792,★,1,送分题,★,1,送分题,送分题,否,一致保留,高,送分题,最高难任务属于单一熟悉模板的直接识别，没有第二次化学决策。 原标注依据：氧气用途判断,氧气用途判断,用空气泵向鱼池中鼓入空气，主要目的是补充能供给鱼呼吸的（ ）,https://k12static.xdf.cn/k12/image/externalized/22e09660-1303-497e-b155-8c9abeaf7d02.png,https://k12static.xdf.cn/k12/image/externalized/a62af040-14a7-412d-98b3-a90eff67ec85.png
3672524139133419520,★,1,送分题,★,1,送分题,送分题,否,一致保留,高,送分题,最高难任务属于单一熟悉模板的直接识别，没有第二次化学决策。 原标注依据：简单图标的判断-节水标志,简单图标的判断-节水标志,公共标志具有警示、引导、规范等作用。以下为“国家节水标志”的是,https://k12static.xdf.cn/k12/image/externalized/5791b309-a28c-4692-a3d6-0fe952f5d115.png,https://k12static.xdf.cn/k12/image/externalized/36260ddb-81be-4b44-aab6-4e6070fb4a55.png
3663163520844902400,★,1,送分题,★,1,送分题,送分题,否,一致保留,高,送分题,最高难任务属于单一熟悉模板的直接识别，没有第二次化学决策。 原标注依据：单一碳单质的用途直接考查-切割玻璃,单一碳单质的用途直接考查-切割玻璃,天然存在的最硬的物质，且可用来切割玻璃的是,https://k12static.xdf.cn/k12/image/externalized/97913ab2-3196-46aa-893d-0f623171646e.png,https://k12static.xdf.cn/k12/image/externalized/2c1ccc28-da82-4000-b686-dfd9aa4202d8.png
3591982340942876672,★,1,送分题,★,1,送分题,送分题,否,一致保留,高,送分题,最高难任务属于单一熟悉模板的直接识别，没有第二次化学决策。 原标注依据：一氧化碳的毒性单一判断,一氧化碳的毒性单一判断,香烟产生的烟气中含有一种能与血液中血红蛋白结合的有毒气体，该气体是（ ）,https://k12static.xdf.cn/k12/image/externalized/a94389e9-0a7f-4e89-820a-be82e0515485.png,https://k12static.xdf.cn/k12/image/externalized/4bed77a4-f6ac-4641-8d4e-29634a82bd79.png
3664869257830817792,★,1,送分题,★,1,送分题,送分题,否,一致保留,高,送分题,最高难任务属于单一熟悉模板的直接识别，没有第二次化学决策。 原标注依据：二氧化碳单一用途判断,二氧化碳单一用途判断,温室大棚中，常补充一种气体作为植物生长的肥料，这种气体是,https://k12static.xdf.cn/k12/image/externalized/d36b0750-1a5c-48f2-a973-324ecec867dc.png,https://k12static.xdf.cn/k12/image/externalized/ac0e5231-4851-46cf-ac18-3397461e1e0d.png
3675448775241441280,★,1,送分题,★,1,送分题,送分题,否,一致保留,高,送分题,最高难任务属于单一熟悉模板的直接识别，没有第二次化学决策。 原标注依据：低碳生活相关考查,低碳生活相关考查,“低碳生活，节能减排”理念已深入人心。“低碳生活”中的“碳”是指,https://k12static.xdf.cn/k12/image/externalized/b246db33-d9ef-42b7-8e5f-f1fa48fe4b15.png,https://k12static.xdf.cn/k12/image/externalized/98626038-e14f-45ef-bbf1-bb2a0b0bb0fc.png
3647026128320536576,★,1,送分题,★,1,送分题,送分题,否,一致保留,高,送分题,最高难任务属于单一熟悉模板的直接识别，没有第二次化学决策。 原标注依据：化石能源的直接判断,化石能源的直接判断,人类在很长一段时间内依赖的是化石能源，现在人们将眼光投向清洁可再生能源。下列不属于化石能源的是,https://k12static.xdf.cn/k12/image/externalized/1065a8bb-2390-4644-b3e6-f453fd67d207.png,https://k12static.xdf.cn/k12/image/externalized/520434ff-ca24-4d5a-a9d8-5972c1e184ad.png
3522345421794967552,★,1,送分题,★,1,送分题,送分题,否,边界保留,中,送分题 / 基础题,最高难任务属于单一熟悉模板的直接识别，没有第二次化学决策。 原标注依据：基本营养物质的判断 现有模型存在相邻档分歧；复核后主标签保留原档，同时记录相邻档为可接受边界。,基本营养物质的判断,下列几种物质中，其主要成分不属于人体所需基本营养物质的是（ ）,https://k12static.xdf.cn/k12/image/externalized/77f23035-3cf7-4c68-bdb7-08c1ccfde487.png,https://k12static.xdf.cn/k12/image/externalized/8fab1c5c-3c96-4759-8b58-9f1558fb5269.png
3653405402042310656,★,1,送分题,★,1,送分题,送分题,否,一致保留,高,送分题,最高难任务属于单一熟悉模板的直接识别，没有第二次化学决策。 原标注依据：金属材料的直接判断,金属材料的直接判断,下列材料中，属于金属材料的是,https://k12static.xdf.cn/k12/image/externalized/598eeb33-2a92-4c93-8800-404f73370af3.png,https://k12static.xdf.cn/k12/image/externalized/25206bc5-b8ce-4c6b-b11b-e9ebc7a028e8.png
3590396736184573952,★,1,送分题,★,1,送分题,送分题,否,一致保留,高,送分题,最高难任务属于单一熟悉模板的直接识别，没有第二次化学决策。 原标注依据：合金的直接判断,合金的直接判断,下列物质不属于合金的是（ ）,https://k12static.xdf.cn/k12/image/externalized/5c92b516-0a22-42e7-b6c3-b431e2ed1a27.png,https://k12static.xdf.cn/k12/image/externalized/fd2e8b90-4b90-4eba-8c05-a0a72ecbd0d6.png
3610818464538206208,★,1,送分题,★,1,送分题,送分题,否,一致保留,高,送分题,最高难任务属于单一熟悉模板的直接识别，没有第二次化学决策。 原标注依据：常见矿石的主要成分判断-赤铁矿,常见矿石的主要成分判断-赤铁矿,赤铁矿的主要成分是,https://k12static.xdf.cn/k12/image/externalized/98bfb39e-6e7d-4421-9f85-3246ee3ed550.png,https://k12static.xdf.cn/k12/image/externalized/1a6bc997-8b07-4258-b2ba-32821f81cf3a.png
3553259477000019968,★,1,送分题,★,1,送分题,送分题,否,边界保留,中,送分题 / 基础题,最高难任务属于单一熟悉模板的直接识别，没有第二次化学决策。 原标注依据：溶液的直接判断 现有模型存在相邻档分歧；复核后主标签保留原档，同时记录相邻档为可接受边界。,溶液的直接判断,下列生活中常见的物质中，不属于溶液的是,https://k12static.xdf.cn/k12/image/externalized/feaad2ff-7217-4526-9f1b-9c10c785d7f2.png,https://k12static.xdf.cn/k12/image/externalized/f42c159b-cd2f-4c64-8b56-a795e0b07581.png
3633349743636987904,★,1,送分题,★,1,送分题,送分题,否,边界保留,中,送分题 / 基础题,最高难任务属于单一熟悉模板的直接识别，没有第二次化学决策。 原标注依据：溶剂的直接判断 现有模型存在相邻档分歧；复核后主标签保留原档，同时记录相邻档为可接受边界。,溶剂的直接判断,下列日常生活常见溶液中，溶剂不是水的是,https://k12static.xdf.cn/k12/image/externalized/0036694f-bcae-4241-a960-3e3bed566209.png,https://k12static.xdf.cn/k12/image/externalized/60ee8129-4645-4ba5-8b5f-6e4d6881ddee.png
3557435507641208832,★,1,送分题,★,1,送分题,送分题,否,边界保留,中,送分题 / 基础题,最高难任务属于单一熟悉模板的直接识别，没有第二次化学决策。 原标注依据：溶于水吸热、放热的物质直接判断 现有模型存在相邻档分歧；复核后主标签保留原档，同时记录相邻档为可接受边界。,溶于水吸热、放热的物质直接判断,下列物质与水混合过程中，使溶液温度显著降低的是,https://k12static.xdf.cn/k12/image/externalized/cf1b50ef-a636-4db9-b92a-5c91b08cae56.png,https://k12static.xdf.cn/k12/image/externalized/35870793-e163-4636-8e7c-39973cf3d68f.png
3615560263417528320,★,1,送分题,★,1,送分题,送分题,否,一致保留,高,送分题,最高难任务属于单一熟悉模板的直接识别，没有第二次化学决策。 原标注依据：单一考查活性炭的作用,单一考查活性炭的作用,谷雨时节，雷雨骤降，祝诗妍同学发现清澈抚河水变成浑浊发黄，她利用化学所学水的净化知识将它净化成生活饮用水，其中用到活性炭，活性炭的主要作用是,https://k12static.xdf.cn/k12/image/externalized/4af179c6-3c53-4fe9-b1e4-25601ab0d29d.png,https://k12static.xdf.cn/k12/image/externalized/35bf9b7f-96b7-4ad8-9e9a-9f0b625712c4.png
2288076244160638976,★,1,送分题,★,1,送分题,送分题,否,边界保留,中,送分题 / 基础题,最高难任务属于单一熟悉模板的直接识别，没有第二次化学决策。 原标注依据：根据化学式判断酸 现有模型存在相邻档分歧；复核后主标签保留原档，同时记录相邻档为可接受边界。,根据化学式判断酸,下列物质中属于酸的是（ ）,https://k12static.xdf.cn/k12/image/externalized/0d252703-86d7-44ee-b0e5-f3ce020cb66e.png,https://k12static.xdf.cn/k12/image/externalized/0a3f66ad-5b0e-49f6-a79c-313c3635465c.png
3676860504545972224,★,1,送分题,★,1,送分题,送分题,否,一致保留,高,送分题,最高难任务属于单一熟悉模板的直接识别，没有第二次化学决策。 原标注依据：浓硫酸对应的图标,浓硫酸对应的图标,化学实验室里存放浓硫酸药品柜上应张贴的图标为,https://k12static.xdf.cn/k12/image/externalized/cf66dddc-8052-4a3d-a688-2f38fa7aebef.png,https://k12static.xdf.cn/k12/image/externalized/c9e65e8b-f76a-4ab9-a499-0304ff10fbb3.png
3676886726901248000,★,1,送分题,★,1,送分题,送分题,否,一致保留,高,送分题,最高难任务属于单一熟悉模板的直接识别，没有第二次化学决策。 原标注依据：单一物质俗称判断,单一物质俗称判断,碳酸氢钠常用于治疗胃酸过多症，它的俗称是,https://k12static.xdf.cn/k12/image/externalized/6105e3b5-6319-4cf5-9fe8-b395e01fc14b.png,https://k12static.xdf.cn/k12/image/externalized/a7ff8b89-1e39-4842-b675-4ebb9f45f1e5.png
3555973551201468416,★★,2,基础题,★★,2,基础题,送分题,是,明确改标,高,基础题,题目不是单一教材结论的直接检索：需要完成实质表征转换、书写规则转换，或在不同化学/实验规则之间切换，因此校准为基础题。,酸碱指示剂变色判断,下表是生活中几种常见物质的pH，其中能使无色酚酞试液变红的是选项ABCD物质柠檬肥皂水西瓜酱油pH2.2~2.49.0~10.05.2~5.84.5~5.5,https://k12static.xdf.cn/k12/image/externalized/04493111-6e9e-4415-9c86-e777f9ab1715.png,https://k12static.xdf.cn/k12/image/externalized/9b99d76f-2f33-4393-ae05-ba34c313dccc.png
3583610252476862464,★,1,送分题,★,1,送分题,送分题,否,边界保留,中,送分题 / 基础题,最高难任务属于单一熟悉模板的直接识别，没有第二次化学决策。 原标注依据：根据pH判断溶液酸碱性 现有模型存在相邻档分歧；复核后主标签保留原档，同时记录相邻档为可接受边界。,根据pH判断溶液酸碱性,身边一些物质的pH如下图，其中显碱性的是（ ）,https://k12static.xdf.cn/k12/image/externalized/2cffdc97-209c-4253-b946-4bcd5125b8a9.png,https://k12static.xdf.cn/k12/image/externalized/d0ffc5e7-82d8-4b26-aafe-a6a17b84b1e1.png
3335781052741697536,★,1,送分题,★,1,送分题,送分题,否,边界保留,中,送分题 / 基础题,最高难任务属于单一熟悉模板的直接识别，没有第二次化学决策。 原标注依据：根据化学方程式，直接判断中和反应 现有模型存在相邻档分歧；复核后主标签保留原档，同时记录相邻档为可接受边界。,根据化学方程式，直接判断中和反应,下列反应属于中和反应的是,https://k12static.xdf.cn/k12/image/externalized/598110a0-f162-4557-9f34-c45b72522566.png,https://k12static.xdf.cn/k12/image/externalized/2cd696a4-aa5c-4b0d-bc8e-dcff658c7b14.png
3670897364673531904,★,1,送分题,★,1,送分题,送分题,否,边界保留,中,送分题 / 基础题,最高难任务属于单一熟悉模板的直接识别，没有第二次化学决策。 原标注依据：化学变化的直接判断 现有模型存在相邻档分歧；复核后主标签保留原档，同时记录相邻档为可接受边界。,化学变化的直接判断,2024年龙年春节期间全国各地举行了丰富多彩的民俗活动，下列四个场景中涉及化学变化的是（ ）,https://k12static.xdf.cn/k12/image/externalized/23533b74-bb37-4b82-af95-d579c7ec0ffd.png,https://k12static.xdf.cn/k12/image/externalized/acd0b4cf-3ad9-4887-b7e8-4e5b66897bb5.png
3624484585825722368,★,1,送分题,★,1,送分题,送分题,否,边界保留,中,送分题 / 基础题,最高难任务属于单一熟悉模板的直接识别，没有第二次化学决策。 原标注依据：化学变化判断 现有模型存在相邻档分歧；复核后主标签保留原档，同时记录相邻档为可接受边界。,化学变化判断,海南椰壳活性炭广泛用于净水、除味、脱色。下列制作椰壳活性炭的过程中，属于化学变化的是,https://k12static.xdf.cn/k12/image/externalized/30ed4908-d699-4128-8e22-3da12e243cd9.png,https://k12static.xdf.cn/k12/image/externalized/f118a86b-6969-4244-82da-49c573472cd5.png
3567666179899170816,★,1,送分题,★,1,送分题,送分题,否,边界保留,中,送分题 / 基础题,最高难任务属于单一熟悉模板的直接识别，没有第二次化学决策。 原标注依据：实验安全规范直接判断 现有模型存在相邻档分歧；复核后主标签保留原档，同时记录相邻档为可接受边界。,实验安全规范直接判断,实验安全无小事。下列做法不符合安全规范的是,https://k12static.xdf.cn/k12/image/externalized/17148713-4368-422c-97c1-c897d91a8f5f.png,https://k12static.xdf.cn/k12/image/externalized/7307eda5-ee14-4340-8286-d0c606970c5a.png
3544548090448293888,★,1,送分题,★,1,送分题,送分题,否,边界保留,中,送分题 / 基础题,最高难任务属于单一熟悉模板的直接识别，没有第二次化学决策。 原标注依据：化学变化判断 现有模型存在相邻档分歧；复核后主标签保留原档，同时记录相邻档为可接受边界。,化学变化判断,“玉粽袭香千舸竞，艾叶黄酒可驱邪。”端午节是中国重要的传统节日，习俗丰富多样，融合了祈福辟邪、纪念先贤、体育竞技和饮食文化等元素。下列端午活动中，主要为化学变化的是,https://k12static.xdf.cn/k12/image/externalized/e934be9f-fe94-4c9b-b0d8-4b583fedec1b.png,https://k12static.xdf.cn/k12/image/externalized/1b2741a6-68be-4428-89c4-9597d4a42975.png
3444197330307268608,★,1,送分题,★,1,送分题,送分题,否,一致保留,高,送分题,最高难任务属于单一熟悉模板的直接识别，没有第二次化学决策。 原标注依据：纯识记内容，发现元素周期律的化学家为门捷列夫，课本原文直接考查,纯识记内容，发现元素周期律的化学家为门捷列夫，课本原文直接考查,发现元素周期律的化学家是,https://k12static.xdf.cn/k12/image/externalized/b0f8c764-2190-48dd-9719-cd9336c4734b.png,https://k12static.xdf.cn/k12/image/externalized/ba0dcea2-fc2c-4d47-8e9d-83ff22ed6fee.png
3444150705216094208,★,1,送分题,★,1,送分题,送分题,否,一致保留,高,送分题,最高难任务属于单一熟悉模板的直接识别，没有第二次化学决策。 原标注依据：碱的概念直接判断,碱的概念直接判断,碱溶液中都含有氢氧根离子。,https://k12static.xdf.cn/k12/image/externalized/7ab324f0-763d-48f2-a95a-1b480386e0ca.png,https://k12static.xdf.cn/k12/image/externalized/45fa180f-c382-4f3b-b4f6-0e333dcf6e50.png
3397871072306331648,★,1,送分题,★,1,送分题,送分题,否,边界保留,中,送分题 / 基础题,最高难任务属于单一熟悉模板的直接识别，没有第二次化学决策。 原标注依据：纯识记内容，工业炼铁原料直接判断 现有模型存在相邻档分歧；复核后主标签保留原档，同时记录相邻档为可接受边界。,纯识记内容，工业炼铁原料直接判断,以下不是工业炼铁主要原料的物质,https://k12static.xdf.cn/k12/image/externalized/9b30d318-cea4-4898-85dd-77b617dc7a14.png,https://k12static.xdf.cn/k12/image/externalized/5d37f81f-78eb-4acc-9c2a-84dc08362673.png
3382320942281445376,★,1,送分题,★,1,送分题,送分题,否,边界保留,中,送分题 / 基础题,最高难任务属于单一熟悉模板的直接识别，没有第二次化学决策。 原标注依据：分子不断运动的直接现象考查 现有模型存在相邻档分歧；复核后主标签保留原档，同时记录相邻档为可接受边界。,分子不断运动的直接现象考查,每到秋天，院子里就被桂花的香气填满了。一推开院门，那股扑鼻的香味就直钻鼻子，让人瞬间精神一振。外婆总是笑着说：“这桂花啊，就是咱秋天的味道。”下列从微观角度对“桂花香味扑鼻”的解释合理的是,https://k12static.xdf.cn/k12/image/externalized/6bd86186-5a39-4ad1-8c1b-fed8dc567f01.png,https://k12static.xdf.cn/k12/image/externalized/73569e73-2954-49ff-a774-fc2837c9537b.png
3367438428092350464,★,1,送分题,★,1,送分题,送分题,否,一致保留,高,送分题,最高难任务属于单一熟悉模板的直接识别，没有第二次化学决策。 原标注依据：纯识记内容，国家节水标志的图标直接识别,纯识记内容，国家节水标志的图标直接识别,水是生命之源，是人类宝贵的自然资源。下列图标是我国“国家节水标志”的是,https://k12static.xdf.cn/k12/image/externalized/9555c987-b2eb-45a6-958c-ceaa4fc418e9.png,https://k12static.xdf.cn/k12/image/externalized/43dbe8b8-8d36-420c-b53e-56f37efa1c02.png
3325861688198402048,★,1,送分题,★,1,送分题,送分题,否,边界保留,中,送分题 / 基础题,最高难任务属于单一熟悉模板的直接识别，没有第二次化学决策。 原标注依据：碳达峰碳中和做法直接判断 现有模型存在相邻档分歧；复核后主标签保留原档，同时记录相邻档为可接受边界。,碳达峰碳中和做法直接判断,“绿水青山就是金山银山”。下列做法有利于实现“碳达峰”、“碳中和”目标的是,https://k12static.xdf.cn/k12/image/externalized/34a48746-ffb9-41ce-ba79-8f8c709b71ae.png,https://k12static.xdf.cn/k12/image/externalized/b553363a-38ad-4c28-b792-f5a9b47b8b82.png
3318180825409372160,★,1,送分题,★,1,送分题,送分题,否,边界保留,中,送分题 / 基础题,最高难任务属于单一熟悉模板的直接识别，没有第二次化学决策。 原标注依据：纯识记内容，碳单质用途直接考查 现有模型存在相邻档分歧；复核后主标签保留原档，同时记录相邻档为可接受边界。,纯识记内容，碳单质用途直接考查,在人类历史的长河中，碳元素的开发与利用始终伴随着文明的进步。下列含碳物质中，最早被人类用于书写和绘画的是,https://k12static.xdf.cn/k12/image/externalized/5a2ea177-f7a1-4ed1-a963-253d2a989c19.png,https://k12static.xdf.cn/k12/image/externalized/775dcae8-93ab-469c-b310-fa0432c98d22.png
3299304586548617217,★,1,送分题,★,1,送分题,送分题,否,边界保留,中,送分题 / 基础题,最高难任务属于单一熟悉模板的直接识别，没有第二次化学决策。 原标注依据：化学变化判断 现有模型存在相邻档分歧；复核后主标签保留原档，同时记录相邻档为可接受边界。,化学变化判断,乌铜走银是云南独有的传统铜制工艺品。乌铜走银的下列制作工艺中主要发生化学变化的是,https://k12static.xdf.cn/k12/image/externalized/ae216ed9-c081-4d9e-8cc9-c7d5b1217cc9.png,https://k12static.xdf.cn/k12/image/externalized/7ddbc367-9512-4e2b-92cf-46e288639b7b.png
3280646512889663488,★,1,送分题,★,1,送分题,送分题,否,边界保留,中,送分题 / 基础题,最高难任务属于单一熟悉模板的直接识别，没有第二次化学决策。 原标注依据：化学变化判断 现有模型存在相邻档分歧；复核后主标签保留原档，同时记录相邻档为可接受边界。,化学变化判断,下列制作过程中一定发生了化学变化的是（ ）,https://k12static.xdf.cn/k12/image/externalized/a3f094ff-e368-45fd-bbf3-3f66e4e572a5.png,https://k12static.xdf.cn/k12/image/externalized/ef4a2c4e-e504-4a72-9313-9ca91557ee9d.png
3273658370444242944,★,1,送分题,★,1,送分题,送分题,否,边界保留,中,送分题 / 基础题,最高难任务属于单一熟悉模板的直接识别，没有第二次化学决策。 原标注依据：金属物理性质直接判断 现有模型存在相邻档分歧；复核后主标签保留原档，同时记录相邻档为可接受边界。,金属物理性质直接判断,“金缕玉衣”所用金丝的最细处仅有0.08 mm，体现了我国古代工匠精湛的技艺。金能制成金丝是利用了其,https://k12static.xdf.cn/k12/image/externalized/a00dddd5-3845-4b9d-9b82-9f8e253fd2df.png,https://k12static.xdf.cn/k12/image/externalized/334f0fee-beb6-49ae-b4a4-c7af290cca39.png
3273658027514568704,★,1,送分题,★,1,送分题,送分题,否,边界保留,中,送分题 / 基础题,最高难任务属于单一熟悉模板的直接识别，没有第二次化学决策。 原标注依据：硫在空气中燃烧实验相关图标直接识别 现有模型存在相邻档分歧；复核后主标签保留原档，同时记录相邻档为可接受边界。,硫在空气中燃烧实验相关图标直接识别,下列图标与硫在空气中燃烧实验无关的是,https://k12static.xdf.cn/k12/image/externalized/d9ad48ee-3915-4afd-a699-59f1593c095a.png,https://k12static.xdf.cn/k12/image/externalized/e913436a-182d-4de7-9110-79e93a1a3c96.png
3266067272688570368,★,1,送分题,★,1,送分题,送分题,否,边界保留,中,送分题 / 基础题,最高难任务属于单一熟悉模板的直接识别，没有第二次化学决策。 原标注依据：化学变化判断 现有模型存在相邻档分歧；复核后主标签保留原档，同时记录相邻档为可接受边界。,化学变化判断,成语是中国传统文化的瑰宝，下列成语主要体现化学变化的是,https://k12static.xdf.cn/k12/image/externalized/14dd7004-d6ec-4752-b123-37909bbf875b.png,https://k12static.xdf.cn/k12/image/externalized/d784ca33-d20b-41f4-be04-c4f845a102a4.png
3262910028907585536,★,1,送分题,★,1,送分题,送分题,否,一致保留,高,送分题,最高难任务属于单一熟悉模板的直接识别，没有第二次化学决策。 原标注依据：纯识记内容，氢气燃烧火焰呈淡蓝色，课本原文直接考查,纯识记内容，氢气燃烧火焰呈淡蓝色，课本原文直接考查,氢气燃烧时火焰呈,https://k12static.xdf.cn/k12/image/externalized/73d63f7e-ea23-4382-8adb-9c89489a4c81.png,https://k12static.xdf.cn/k12/image/externalized/0ef5ecde-4581-4907-9113-859e4994d76e.png
3228725855668953088,★,1,送分题,★,1,送分题,送分题,否,一致保留,高,送分题,最高难任务属于单一熟悉模板的直接识别，没有第二次化学决策。 原标注依据：绿色发展做法直接判断，生活常识,绿色发展做法直接判断，生活常识,坚持绿色发展，促进人与自然和谐共生。下列做法与这一理念不相符合的是,https://k12static.xdf.cn/k12/image/externalized/73d8d865-7602-448d-8793-eebe6e0d9bdc.png,https://k12static.xdf.cn/k12/image/externalized/40e105ef-030b-4a3f-a2c4-6537ba57def4.png
3228724837472907264,★,1,送分题,★,1,送分题,送分题,否,一致保留,高,送分题,最高难任务属于单一熟悉模板的直接识别，没有第二次化学决策。 原标注依据：纯识记内容，青蒿素诺贝尔奖科学家为屠呦呦，课本原文直接考查,纯识记内容，青蒿素诺贝尔奖科学家为屠呦呦，课本原文直接考查,因青蒿素的研究获得诺贝尔生理学或医学奖的我国科学家是,https://k12static.xdf.cn/k12/image/externalized/a5770cb0-86fe-416d-bf21-fa4f3fc0b7c8.png,https://k12static.xdf.cn/k12/image/externalized/f574502f-14ac-4435-8765-72ce3b277fa0.png
3219465327832801280,★,1,送分题,★,1,送分题,送分题,否,边界保留,中,送分题 / 基础题,最高难任务属于单一熟悉模板的直接识别，没有第二次化学决策。 原标注依据：氢氧化钠危险品标志直接识别 现有模型存在相邻档分歧；复核后主标签保留原档，同时记录相邻档为可接受边界。,氢氧化钠危险品标志直接识别,实验室存放氢氧化钠的化学试剂柜应张贴的危险化学品标志是A．爆炸性物质B．易燃固体C．腐蚀性物质D．毒性物质,https://k12static.xdf.cn/k12/image/externalized/8e685f47-0d04-452a-bdf1-d8093295ad55.png,https://k12static.xdf.cn/k12/image/externalized/3442f2e3-6a3b-40b1-84ad-87193a0c10c6.png
3206921570233417728,★,1,送分题,★,1,送分题,送分题,否,一致保留,高,送分题,最高难任务属于单一熟悉模板的直接识别，没有第二次化学决策。 原标注依据：不利于建设美丽中国做法直接判断,不利于建设美丽中国做法直接判断,2025年六五环境日主题为“美丽中国我先行”。下列做法不利于建设美丽中国的是,https://k12static.xdf.cn/k12/image/externalized/4e740834-3e79-4ebd-8555-0a705af7cb0b.png,https://k12static.xdf.cn/k12/image/externalized/96bf6730-faca-4b65-9bc7-37a506fd1420.png
3202367521566294016,★,1,送分题,★,1,送分题,送分题,否,一致保留,高,送分题,最高难任务属于单一熟悉模板的直接识别，没有第二次化学决策。 原标注依据：纯识记内容，青蒿素诺贝尔奖科学家为屠呦呦，课本原文直接考查,纯识记内容，青蒿素诺贝尔奖科学家为屠呦呦，课本原文直接考查,下列我国科学家中因青蒿素的研究获得诺贝尔生理学或医学奖的是,https://k12static.xdf.cn/k12/image/externalized/41f764bd-9f69-410a-abc3-53d633486091.png,https://k12static.xdf.cn/k12/image/externalized/381e3e41-9bda-4815-ab96-7fca8312e4b0.png
3200760463150612480,★,1,送分题,★,1,送分题,送分题,否,一致保留,高,送分题,最高难任务属于单一熟悉模板的直接识别，没有第二次化学决策。 原标注依据：纯识记内容，中国稀土之父为徐光宪，课本原文直接考查,纯识记内容，中国稀土之父为徐光宪，课本原文直接考查,中华民族的复兴和崛起离不开科学家们的贡献。被誉为“中国稀土之父”的科学家是,https://k12static.xdf.cn/k12/image/externalized/35f0a246-fc63-407c-af03-b6097fb24ef7.png,https://k12static.xdf.cn/k12/image/externalized/ec37b021-9509-4d8f-81fd-bf8d50758563.png
3168733978419298304,★,1,送分题,★,1,送分题,送分题,否,边界保留,中,送分题 / 基础题,最高难任务属于单一熟悉模板的直接识别，没有第二次化学决策。 原标注依据：单质概念直接判断，选择属于单质的物质 现有模型存在相邻档分歧；复核后主标签保留原档，同时记录相邻档为可接受边界。,单质概念直接判断，选择属于单质的物质,下列物质中属于单质的是,https://k12static.xdf.cn/k12/image/externalized/5c6fcab0-f212-4e3a-a689-bf85b7c4aa04.png,https://k12static.xdf.cn/k12/image/externalized/e7836fea-0696-4e6c-a17f-1826e8ddda95.png
3162246090663407616,★,1,送分题,★,1,送分题,送分题,否,一致保留,高,送分题,最高难任务属于单一熟悉模板的直接识别，没有第二次化学决策。 原标注依据：纯识记内容，活性炭用于除去水中异味和色素，课本知识直接考查,纯识记内容，活性炭用于除去水中异味和色素，课本知识直接考查,下列物质能用于除去水中异味和色素的是,https://k12static.xdf.cn/k12/image/externalized/8252ed67-8a2c-412f-a445-715e3c2718f5.png,https://k12static.xdf.cn/k12/image/externalized/00ffb789-9d8b-4643-a284-bd339d3f4d3f.png
3153070363633106944,★,1,送分题,★,1,送分题,送分题,否,边界保留,中,送分题 / 基础题,最高难任务属于单一熟悉模板的直接识别，没有第二次化学决策。 原标注依据：化学变化判断 现有模型存在相邻档分歧；复核后主标签保留原档，同时记录相邻档为可接受边界。,化学变化判断,下列我国古代制陶工艺中包含化学变化的是,https://k12static.xdf.cn/k12/image/externalized/71b2729b-ebf1-4524-8f4e-d28b25efaefa.png,https://k12static.xdf.cn/k12/image/externalized/999321e2-c016-4f28-993a-48adeba6e53c.png
3142477959179923456,★,1,送分题,★,1,送分题,送分题,否,边界保留,中,送分题 / 基础题,最高难任务属于单一熟悉模板的直接识别，没有第二次化学决策。 原标注依据：化学变化判断 现有模型存在相邻档分歧；复核后主标签保留原档，同时记录相邻档为可接受边界。,化学变化判断,2022年5月10日，在文昌成功发射天舟四号货运飞船，将在太空与我国空间站组合体进行自动对接，与之相关的过程中一定发生化学变化的是,https://k12static.xdf.cn/k12/image/externalized/72c3b48d-181c-49c7-b82f-b3467e9941a7.png,https://k12static.xdf.cn/k12/image/externalized/3da58707-e36e-4ffa-aeba-f76410a45d8a.png
3136714206464778240,★,1,送分题,★,1,送分题,送分题,否,边界保留,中,送分题 / 基础题,最高难任务属于单一熟悉模板的直接识别，没有第二次化学决策。 原标注依据：化学变化判断 现有模型存在相邻档分歧；复核后主标签保留原档，同时记录相邻档为可接受边界。,化学变化判断,“山水洲城”长沙，值得你来打卡。下列具有城市辨识度的活动中，主要涉及化学变化的是,https://k12static.xdf.cn/k12/image/externalized/cc9308d9-ea11-4fea-b3cd-3d84c90fa9f8.png,https://k12static.xdf.cn/k12/image/externalized/59dd1820-22a6-43bc-afa5-e5094b3b5541.png
3135389976578039809,★,1,送分题,★,1,送分题,送分题,否,一致保留,高,送分题,最高难任务属于单一熟悉模板的直接识别，没有第二次化学决策。 原标注依据：生活常识直接判断,生活常识直接判断,国家卫健委持续推进“体重管理年”行动，下列做法不科学的是,https://k12static.xdf.cn/k12/image/externalized/21047201-ea84-4926-95bd-e82bf0a0d2e7.png,https://k12static.xdf.cn/k12/image/externalized/c86c6680-e6be-4bfd-8cc3-05930743a8b3.png
3134699465192632320,★,1,送分题,★,1,送分题,送分题,否,一致保留,高,送分题,最高难任务属于单一熟悉模板的直接识别，没有第二次化学决策。 原标注依据：物质分类直接判断,物质分类直接判断,奶茶是将茶叶冲成的茶汤和牛奶混合，添加珍珠、椰果等配料，香甜可口，是广受大家喜爱的休闲饮品。奶茶按照物质的分类属于,https://k12static.xdf.cn/k12/image/externalized/66d0f14f-d699-4c44-93e4-b80f3b8500e1.png,https://k12static.xdf.cn/k12/image/externalized/1562786e-6b6d-437e-8243-6ec4669ee9ad.png
3126774706848714752,★,1,送分题,★,1,送分题,送分题,否,一致保留,高,送分题,最高难任务属于单一熟悉模板的直接识别，没有第二次化学决策。 原标注依据：纯识记内容，防毒面具吸附有毒气体用活性炭，课本知识直接考查,纯识记内容，防毒面具吸附有毒气体用活性炭，课本知识直接考查,防毒面具中用来吸附有毒气体的物质是( ),https://k12static.xdf.cn/k12/image/externalized/977e210d-6143-4d93-a990-5144b7f8a174.png,https://k12static.xdf.cn/k12/image/externalized/f60ae77d-3a64-4dba-a794-7ec1c796ece0.png
3116842088338300929,★,1,送分题,★,1,送分题,送分题,否,边界保留,中,送分题 / 基础题,最高难任务属于单一熟悉模板的直接识别，没有第二次化学决策。 原标注依据：分子不断运动的直接现象考查 现有模型存在相邻档分歧；复核后主标签保留原档，同时记录相邻档为可接受边界。,分子不断运动的直接现象考查,经过专门训练的缉毒犬，对毒品的气味形成牢固、特定的条件反射。一旦发现隐藏有毒品的地方、物品等，就会有有明显的发应。缉毒犬能根据气味发现毒品的根本原因是,https://k12static.xdf.cn/k12/image/externalized/f675065b-73ec-46e8-8cc6-c3031c18b184.png,https://k12static.xdf.cn/k12/image/externalized/11e23d96-5852-4c4e-ab3d-667e901b8469.png
3113960379745845248,★,1,送分题,★,1,送分题,送分题,否,边界保留,中,送分题 / 基础题,最高难任务属于单一熟悉模板的直接识别，没有第二次化学决策。 原标注依据：纯识记内容，金属活动性顺序直接判断 现有模型存在相邻档分歧；复核后主标签保留原档，同时记录相邻档为可接受边界。,纯识记内容，金属活动性顺序直接判断,《周礼·考工记》记载古代“五金”为金、银、铜、铁、锡，它们常用于铸造礼器、兵器与钱币。“五金”中金属活动性最强的是,https://k12static.xdf.cn/k12/image/externalized/41305af5-f3c0-4334-bb0e-3d8c447185e0.png,https://k12static.xdf.cn/k12/image/externalized/e6d06538-c888-454a-98f4-efc8e1cc236b.png
3093520387562663936,★,1,送分题,★,1,送分题,送分题,否,边界保留,中,送分题 / 基础题,最高难任务属于单一熟悉模板的直接识别，没有第二次化学决策。 原标注依据：基本反应类型直接判断 现有模型存在相邻档分歧；复核后主标签保留原档，同时记录相邻档为可接受边界。,基本反应类型直接判断,白瓷烧制过程中会发生一系列化学反应，包括$\mathrm{CaO}+\mathrm{SiO}_{2}\begin{array}{c} \underline{\underline{\mathrm{高温}}}\\ \end{array}\text{CaSiO}_{3}$，该反应的基本类型是,https://k12static.xdf.cn/k12/image/externalized/6fbb0e78-f340-4b03-88c1-94192529d657.png,https://k12static.xdf.cn/k12/image/externalized/718a4321-d454-4691-8e35-b84f492efeb9.png
3084711582028566528,★,1,送分题,★,1,送分题,送分题,否,边界保留,中,送分题 / 基础题,最高难任务属于单一熟悉模板的直接识别，没有第二次化学决策。 原标注依据：化学变化判断 现有模型存在相邻档分歧；复核后主标签保留原档，同时记录相邻档为可接受边界。,化学变化判断,中华历史文化底蕴深厚，拥有众多非物质文化遗产。下列非物质文化遗产的制作过程中涉及化学变化的是（ ）,https://k12static.xdf.cn/k12/image/externalized/f33d41ac-b659-4851-ab07-4f29c34477ef.png,https://k12static.xdf.cn/k12/image/externalized/8ebc167b-97e6-47a1-bbf3-f80feb9c2772.png
3083128764390793216,★,1,送分题,★,1,送分题,送分题,否,边界保留,中,送分题 / 基础题,最高难任务属于单一熟悉模板的直接识别，没有第二次化学决策。 原标注依据：化学变化判断 现有模型存在相邻档分歧；复核后主标签保留原档，同时记录相邻档为可接受边界。,化学变化判断,传统工艺是中华优秀传统文化的重要组成部分。下列传统工艺涉及化学变化的是,https://k12static.xdf.cn/k12/image/externalized/483d6074-e9d3-41f2-8593-368b91de9f4e.png,https://k12static.xdf.cn/k12/image/externalized/2cd7cffc-e029-4d71-966f-ada336ace32b.png
3068922262795423744,★,1,送分题,★,1,送分题,送分题,否,一致保留,高,送分题,最高难任务属于单一熟悉模板的直接识别，没有第二次化学决策。 原标注依据：纯识记内容，基本营养物质的判断,纯识记内容，基本营养物质的判断,你喜欢烹饪吗？高超的烹饪技艺不仅能改善营养，而且能丰富生活情趣。下列烹饪的菜肴中富含油脂的是（ ）,https://k12static.xdf.cn/k12/image/externalized/0b922209-fc51-4a13-a4d9-9498d1eaf254.png,https://k12static.xdf.cn/k12/image/externalized/e262b96f-e7f7-4f09-8ffd-262848916448.png
3061414004529881089,★,1,送分题,★,1,送分题,送分题,否,一致保留,高,送分题,最高难任务属于单一熟悉模板的直接识别，没有第二次化学决策。 原标注依据：不利于文明城市做法直接判断,不利于文明城市做法直接判断,“创建全国县级文明城市”是我县政府正在实施的一项工程，下列做法不利于此项工程实施的是,https://k12static.xdf.cn/k12/image/externalized/47612275-f8dc-41fd-a1be-c97d687c9253.png,https://k12static.xdf.cn/k12/image/externalized/829c2952-7655-4375-830f-10d442faf674.png
3059868253412417536,★,1,送分题,★,1,送分题,送分题,否,一致保留,高,送分题,最高难任务属于单一熟悉模板的直接识别，没有第二次化学决策。 原标注依据：纯识记内容，实验图标直接识别,纯识记内容，实验图标直接识别,下列与实验有关的图标中表示热烫的是,https://k12static.xdf.cn/k12/image/externalized/ee8e2e8d-1397-4991-8e55-080cb72e50b6.png,https://k12static.xdf.cn/k12/image/externalized/09c0ef2d-d596-4a52-ba79-794e2aafb04a.png
3035725163518779392,★,1,送分题,★,1,送分题,送分题,否,一致保留,高,送分题,最高难任务属于单一熟悉模板的直接识别，没有第二次化学决策。 原标注依据：纯识记内容，基本营养物质的判断,纯识记内容，基本营养物质的判断,糖类是人体所需的重要营养物质之一，下列食物富含糖类的是（ ）,https://k12static.xdf.cn/k12/image/externalized/3ed35183-c8a5-43f1-9379-1ebd40b42e72.png,https://k12static.xdf.cn/k12/image/externalized/c5d1ade6-8f5f-4843-9acd-ad8aaad8031f.png
3031018725222420480,★,1,送分题,★,1,送分题,送分题,否,一致保留,高,送分题,最高难任务属于单一熟悉模板的直接识别，没有第二次化学决策。 原标注依据：人与自然和谐共生做法直接判断,人与自然和谐共生做法直接判断,中国式现代化是人与自然和谐共生的现代化。下列做法中符合这一理念的是,https://k12static.xdf.cn/k12/image/externalized/717c65ce-37d5-4e72-bc0f-1148547c2bff.png,https://k12static.xdf.cn/k12/image/externalized/3dce3d22-0823-4663-a6a2-62e8db50ab3f.png
3027058200983429120,★,1,送分题,★,1,送分题,送分题,否,边界保留,中,送分题 / 基础题,最高难任务属于单一熟悉模板的直接识别，没有第二次化学决策。 原标注依据：化学变化判断 现有模型存在相邻档分歧；复核后主标签保留原档，同时记录相邻档为可接受边界。,化学变化判断,2025年蛇年春晚向世界展示了中国丰富的传统文化。下列一定发生化学变化的是,https://k12static.xdf.cn/k12/image/externalized/d120c59d-6a2b-43d9-85d2-bedaf85ace8d.png,https://k12static.xdf.cn/k12/image/externalized/39046821-27b3-435d-9c8b-b5369d1828c3.png
3021564194111176704,★,1,送分题,★,1,送分题,送分题,否,边界保留,中,送分题 / 基础题,最高难任务属于单一熟悉模板的直接识别，没有第二次化学决策。 原标注依据：化学变化判断 现有模型存在相邻档分歧；复核后主标签保留原档，同时记录相邻档为可接受边界。,化学变化判断,2025春节档电影《哪吒之魔童闹海》中的片段一定涉及化学变化的是,https://k12static.xdf.cn/k12/image/externalized/3fa32851-2f27-4e45-ad3c-64d5234155ff.png,https://k12static.xdf.cn/k12/image/externalized/556a86ff-7c4c-4fcd-b8ff-d992c5eed2d5.png
2984547581374849024,★,1,送分题,★,1,送分题,送分题,否,一致保留,高,送分题,最高难任务属于单一熟悉模板的直接识别，没有第二次化学决策。 原标注依据：碳中和的'碳'指二氧化碳直接判断得出答案,碳中和的'碳'指二氧化碳直接判断得出答案,我国力争于2060年前实现碳中和，彰显大国作为与担当。碳中和的“碳”指的是（ ）,https://k12static.xdf.cn/k12/image/externalized/e1d756e5-e5b4-48af-a838-604fd689465e.png,https://k12static.xdf.cn/k12/image/externalized/e1277a36-be52-4769-90a1-680903ee700a.png
2984530333860392960,★,1,送分题,★,1,送分题,送分题,否,边界保留,中,送分题 / 基础题,最高难任务属于单一熟悉模板的直接识别，没有第二次化学决策。 原标注依据：不能改善空气质量做法直接判断 现有模型存在相邻档分歧；复核后主标签保留原档，同时记录相邻档为可接受边界。,不能改善空气质量做法直接判断,2021年河北省PM2.5平均浓度同比下降15.3%，改善幅度为“十三五”以来最高。下列举措不能改善空气质量的是（ ）,https://k12static.xdf.cn/k12/image/externalized/8bdcbfc1-2088-456a-8320-1d4eb667ba65.png,https://k12static.xdf.cn/k12/image/externalized/18fd4ecc-4621-4b38-975f-747c9c3235cf.png
2982250130796183552,★,1,送分题,★,1,送分题,送分题,否,边界保留,中,送分题 / 基础题,最高难任务属于单一熟悉模板的直接识别，没有第二次化学决策。 原标注依据：纯识记内容，二氧化碳使澄清石灰水变浑浊的直接判断 现有模型存在相邻档分歧；复核后主标签保留原档，同时记录相邻档为可接受边界。,纯识记内容，二氧化碳使澄清石灰水变浑浊的直接判断,将上述反应中生成的气体通入澄清石灰水中，石灰水变浑浊，此气体的化学式为,https://k12static.xdf.cn/k12/image/externalized/a3e6e92f-0614-4603-812d-4f3449fe210e.png,https://k12static.xdf.cn/k12/image/externalized/3eb909bc-5e3a-45e4-8234-1aeb8b1769f8.png
2981733953280999424,★,1,送分题,★,1,送分题,送分题,否,边界保留,中,送分题 / 基础题,最高难任务属于单一熟悉模板的直接识别，没有第二次化学决策。 原标注依据：化学变化判断 现有模型存在相邻档分歧；复核后主标签保留原档，同时记录相邻档为可接受边界。,化学变化判断,我国是茶文化的发源地。下列有关“茶”的描述一定涉及化学变化的是（ ）,https://k12static.xdf.cn/k12/image/externalized/6c7fe955-7361-43a4-8d8a-8cafbf561922.png,https://k12static.xdf.cn/k12/image/externalized/b2c0b462-91bf-465d-8ec2-9c6acd0f819b.png
2981591332470710272,★,1,送分题,★,1,送分题,送分题,否,边界保留,中,送分题 / 基础题,最高难任务属于单一熟悉模板的直接识别，没有第二次化学决策。 原标注依据：化学变化判断 现有模型存在相邻档分歧；复核后主标签保留原档，同时记录相邻档为可接受边界。,化学变化判断,2025春晚官方吉祥物“巳升升”的背部，设计巧妙地运用了景泰蓝工艺，勾勒出缠枝纹，寓意“生生不息”。从化学的视角认识景泰蓝制作这一我国传统手工技艺，其制作过程一定含有化学变化的是（ ）,https://k12static.xdf.cn/k12/image/externalized/d5bf850f-2080-45cf-a1a7-ce66a0266426.png,https://k12static.xdf.cn/k12/image/externalized/6e984154-5ce2-4ebc-99d5-49afee0f200b.png
2964587095738310656,★,1,送分题,★,1,送分题,送分题,否,边界保留,中,送分题 / 基础题,最高难任务属于单一熟悉模板的直接识别，没有第二次化学决策。 原标注依据：化学变化判断 现有模型存在相邻档分歧；复核后主标签保留原档，同时记录相邻档为可接受边界。,化学变化判断,《天工开物》被誉为“中国17世纪的百科全书”，其中记载的下列工艺涉及化学变化的是（ ）,https://k12static.xdf.cn/k12/image/externalized/ba887ae5-b705-49a3-b076-140199bef1ed.png,https://k12static.xdf.cn/k12/image/externalized/7db5f36e-f317-47ee-9d97-81eb4a2e8b47.png
2896979173031817216,★,1,送分题,★,1,送分题,送分题,否,一致保留,高,送分题,最高难任务属于单一熟悉模板的直接识别，没有第二次化学决策。 原标注依据：纯识记内容，化石能源的直接判断,纯识记内容，化石能源的直接判断,下列属于化石能源的是（ ）,https://k12static.xdf.cn/k12/image/externalized/2fa257f1-4876-4eb9-8a6e-ff6afb14c09b.png,https://k12static.xdf.cn/k12/image/externalized/74980805-216c-46dd-abbf-5ba1c060b97b.png
2883159639500840960,★,1,送分题,★,1,送分题,送分题,否,一致保留,高,送分题,最高难任务属于单一熟悉模板的直接识别，没有第二次化学决策。 原标注依据：纯识记内容，物理变化和化学变化的本质区别是有无新物质生成，课本原文直接考查,纯识记内容，物理变化和化学变化的本质区别是有无新物质生成，课本原文直接考查,物理变化和化学变化的本质区别是（ ）,https://k12static.xdf.cn/k12/image/externalized/25064ad4-18bc-4d92-92d0-afa232bfaf9d.png,https://k12static.xdf.cn/k12/image/externalized/cc186de5-5db4-44f5-ae0d-1d2f844dff1b.png
2840981759233110016,★,1,送分题,★,1,送分题,送分题,否,一致保留,高,送分题,最高难任务属于单一熟悉模板的直接识别，没有第二次化学决策。 原标注依据：纯识记内容，加油站安全标识直接识别，禁止烟火标志,纯识记内容，加油站安全标识直接识别，禁止烟火标志,为确保安全，加油站通常要在明显位置张贴的标识是（ ）,https://k12static.xdf.cn/k12/image/externalized/1eee4923-a612-4016-a2f6-940804e1d418.png,https://k12static.xdf.cn/k12/image/externalized/1beb2a2d-f6f4-46be-9b3a-df67e549cd7e.png
2829522588475953152,★,1,送分题,★,1,送分题,送分题,否,一致保留,高,送分题,最高难任务属于单一熟悉模板的直接识别，没有第二次化学决策。 原标注依据：纯识记内容，骨密度低应补充钙元素，课本知识直接考查,纯识记内容，骨密度低应补充钙元素，课本知识直接考查,王奶奶去医院检查骨密度，发现骨密度偏低，患有轻度骨质疏松。王奶奶应该及时补充的营养元素是（ ）,https://k12static.xdf.cn/k12/image/externalized/91e8c2ea-90d3-404d-9209-2ed120e454b9.png,https://k12static.xdf.cn/k12/image/externalized/97aea4d1-0b43-4ef6-9c38-cda35e22a614.png
2786193857760301057,★,1,送分题,★,1,送分题,送分题,否,边界保留,中,送分题 / 基础题,最高难任务属于单一熟悉模板的直接识别，没有第二次化学决策。 原标注依据：分子不断运动的直接现象考查 现有模型存在相邻档分歧；复核后主标签保留原档，同时记录相邻档为可接受边界。,分子不断运动的直接现象考查,下列事实能够说明“分子在不停地运动”的是,https://k12static.xdf.cn/k12/image/externalized/59ce9266-7970-474b-8c3d-34a96377b53d.png,https://k12static.xdf.cn/k12/image/externalized/dad108ce-f21e-49d5-96df-0a15f2e097cd.png
2785156756033867776,★,1,送分题,★,1,送分题,送分题,否,一致保留,高,送分题,最高难任务属于单一熟悉模板的直接识别，没有第二次化学决策。 原标注依据：纯识记内容，微量元素与健康直接判断,纯识记内容，微量元素与健康直接判断,下列人体必需的微量元素中，摄入量不足可能引起贫血的是,https://k12static.xdf.cn/k12/image/externalized/5599d48d-32df-4498-a899-c8080d83a86f.png,https://k12static.xdf.cn/k12/image/externalized/cc369062-8bf7-465f-9b5a-443bb7fa1302.png
2775045139933454336,★,1,送分题,★,1,送分题,送分题,否,一致保留,高,送分题,最高难任务属于单一熟悉模板的直接识别，没有第二次化学决策。 原标注依据：纯净物概念直接判断,纯净物概念直接判断,下列物质属于纯净物的是（ ）,https://k12static.xdf.cn/k12/image/externalized/4814f316-10d1-4cfd-b4b4-f3a6decd4cf9.png,https://k12static.xdf.cn/k12/image/externalized/184befe2-6e86-4af4-9ca2-283f70fadd35.png
2764681653855506433,★,1,送分题,★,1,送分题,送分题,否,一致保留,高,送分题,最高难任务属于单一熟悉模板的直接识别，没有第二次化学决策。 原标注依据：不符合绿色发展做法直接判断,不符合绿色发展做法直接判断,9月学校开展了有关“改善环境质量，推动绿色发展”的一系列活动，下列做法不符合该理念的是,https://k12static.xdf.cn/k12/image/externalized/e1c69c2f-ba5f-451a-859c-dbf270b4acf4.png,https://k12static.xdf.cn/k12/image/externalized/1c9449ee-0182-4ba1-9c0b-78563a86569a.png
2754720455343493120,★,1,送分题,★,1,送分题,送分题,否,一致保留,高,送分题,最高难任务属于单一熟悉模板的直接识别，没有第二次化学决策。 原标注依据：危险化学品标志直接识别,危险化学品标志直接识别,下列标志中，属于“常用危险化学品”标志的是,https://k12static.xdf.cn/k12/image/externalized/abbd47ea-842d-40f8-a1ad-13ff9faa7715.png,https://k12static.xdf.cn/k12/image/externalized/5ee47b01-100a-411b-a602-b24c757410d6.png
2754627481966755840,★,1,送分题,★,1,送分题,送分题,否,一致保留,高,送分题,最高难任务属于单一熟悉模板的直接识别，没有第二次化学决策。 原标注依据：纯识记内容，青蒿素诺贝尔奖科学家为屠呦呦，课本原文直接考查,纯识记内容，青蒿素诺贝尔奖科学家为屠呦呦，课本原文直接考查,从中草药中分离出青蒿素，应用于疟疾的治疗，从而获得了诺贝尔医学奖的科学家是,https://k12static.xdf.cn/k12/image/externalized/70727b49-3109-4585-8d3b-cc53c71e6342.png,https://k12static.xdf.cn/k12/image/externalized/20a9aaf2-e3d9-4bfb-aff7-8973df49f71c.png
2752314858005721089,★,1,送分题,★,1,送分题,送分题,否,一致保留,高,送分题,最高难任务属于单一熟悉模板的直接识别，没有第二次化学决策。 原标注依据：纯识记内容，木炭和活性炭吸附性原因疏松多孔表面积大，课本知识直接考查,纯识记内容，木炭和活性炭吸附性原因疏松多孔表面积大，课本知识直接考查,木炭和活性炭具有很强的吸附性，是由于,https://k12static.xdf.cn/k12/image/externalized/00aa9e11-d39d-4fee-8270-962765513f55.png,https://k12static.xdf.cn/k12/image/externalized/760419b6-78a1-441a-85d1-edc6a234b80c.png
2698099382960009216,★,1,送分题,★,1,送分题,送分题,否,边界保留,中,送分题 / 基础题,最高难任务属于单一熟悉模板的直接识别，没有第二次化学决策。 原标注依据：化学变化判断 现有模型存在相邻档分歧；复核后主标签保留原档，同时记录相邻档为可接受边界。,化学变化判断,以下非物质文化遗产项目涉及化学变化的是（ ）,https://k12static.xdf.cn/k12/image/externalized/cd8aca59-d72b-48a2-b84b-17751a9abedf.png,https://k12static.xdf.cn/k12/image/externalized/06c3869e-67f6-4b85-a860-3c834eb5bcce.png
2639524193759182848,★★,2,基础题,★★,2,基础题,送分题,是,明确改标,高,基础题,题目不是单一教材结论的直接检索：需要完成实质表征转换、书写规则转换，或在不同化学/实验规则之间切换，因此校准为基础题。,分子不断运动的直接现象考查,杜甫诗中写到“迟日江山丽，春风花草香”。该情景主要说明（ ）,https://k12static.xdf.cn/k12/image/externalized/163cd6e5-cfa9-4b21-9557-119450ef7a8b.png,https://k12static.xdf.cn/k12/image/externalized/f58e3105-c43b-4a2b-b081-e7d82e768c79.png
2625957920543916032,★,1,送分题,★,1,送分题,送分题,否,一致保留,高,送分题,最高难任务属于单一熟悉模板的直接识别，没有第二次化学决策。 原标注依据：纯识记内容，药品取用方法直接判断,纯识记内容，药品取用方法直接判断,将少量的氯化钠粉末放入试管中，可用（ ）,https://k12static.xdf.cn/k12/image/externalized/bc0f887a-95d5-45fc-8e97-38d57d40af75.png,https://k12static.xdf.cn/k12/image/externalized/1f2d6a2c-38e7-40eb-b1c1-a939d5ec1142.png
2624025407462334464,★,1,送分题,★,1,送分题,送分题,否,边界保留,中,送分题 / 基础题,最高难任务属于单一熟悉模板的直接识别，没有第二次化学决策。 原标注依据：不符合低碳生活做法直接判断 现有模型存在相邻档分歧；复核后主标签保留原档，同时记录相邻档为可接受边界。,不符合低碳生活做法直接判断,杭州亚运会、亚残运会在亚运史上首次实现碳中和，体现了“低碳生活”理念。以下做法中，不符合低碳生活理念的是（ ）,https://k12static.xdf.cn/k12/image/externalized/987743cf-80f5-4f4d-8fd8-9c8618f77649.png,https://k12static.xdf.cn/k12/image/externalized/c3271d7b-cea8-49e8-9799-8269c4976894.png
2623901360636321792,★,1,送分题,★,1,送分题,送分题,否,一致保留,高,送分题,最高难任务属于单一熟悉模板的直接识别，没有第二次化学决策。 原标注依据：纯识记内容，禁止燃放鞭炮图标直接识别,纯识记内容，禁止燃放鞭炮图标直接识别,下列图标中表示禁止燃放鞭炮的是（ ）,https://k12static.xdf.cn/k12/image/externalized/b8d19cfa-d16c-4ff1-b024-a8e7899e53e6.png,https://k12static.xdf.cn/k12/image/externalized/22bc7e10-15d9-4fd6-ae94-4108c9e689ea.png
2623901295641387008,★,1,送分题,★,1,送分题,送分题,否,一致保留,高,送分题,最高难任务属于单一熟悉模板的直接识别，没有第二次化学决策。 原标注依据：纯识记内容，化肥种类直接判断,纯识记内容，化肥种类直接判断,下列化肥中，属于钾肥的是（ ）,https://k12static.xdf.cn/k12/image/externalized/89201c13-9620-46a5-961c-2deecae761eb.png,https://k12static.xdf.cn/k12/image/externalized/1d16afb4-fc94-4122-bbc0-bcc737198174.png
2586798700574810112,★,1,送分题,★,1,送分题,送分题,否,一致保留,高,送分题,最高难任务属于单一熟悉模板的直接识别，没有第二次化学决策。 原标注依据：纯识记内容，空气中供给呼吸的是氧气，课本知识直接考查,纯识记内容，空气中供给呼吸的是氧气，课本知识直接考查,空气中供给呼吸的是（ ）,https://k12static.xdf.cn/k12/image/externalized/59a2ea77-fdd6-49be-b185-d5126eae3481.png,https://k12static.xdf.cn/k12/image/externalized/af1749e1-bc90-47f8-a6c1-7ee5729e3a38.png
2559725202945970176,★,1,送分题,★,1,送分题,送分题,否,边界保留,中,送分题 / 基础题,最高难任务属于单一熟悉模板的直接识别，没有第二次化学决策。 原标注依据：单质概念直接判断 现有模型存在相邻档分歧；复核后主标签保留原档，同时记录相邻档为可接受边界。,单质概念直接判断,下列物质中属于单质的是（ ）,https://k12static.xdf.cn/k12/image/externalized/46b65da7-e2ee-4c9c-bc85-ba51f1d38d4c.png,https://k12static.xdf.cn/k12/image/externalized/d68df030-c7b1-40d6-ba25-3d023a0fb33d.png
2558359129103556608,★,1,送分题,★,1,送分题,送分题,否,边界保留,中,送分题 / 基础题,最高难任务属于单一熟悉模板的直接识别，没有第二次化学决策。 原标注依据：化学变化判断 现有模型存在相邻档分歧；复核后主标签保留原档，同时记录相邻档为可接受边界。,化学变化判断,青少年应掌握基本的家庭饮食烹饪技法。下列厨房中的变化属于化学变化的是（ ）,https://k12static.xdf.cn/k12/image/externalized/c0689dba-de22-4b38-b9eb-2c94527ee2b3.png,https://k12static.xdf.cn/k12/image/externalized/d43a3192-298d-47b7-9ff2-fa35ee986fdd.png
2558316610023956480,★,1,送分题,★,1,送分题,送分题,否,边界保留,中,送分题 / 基础题,最高难任务属于单一熟悉模板的直接识别，没有第二次化学决策。 原标注依据：化学变化判断 现有模型存在相邻档分歧；复核后主标签保留原档，同时记录相邻档为可接受边界。,化学变化判断,下列变化过程中，发生化学变化的是（ ）,https://k12static.xdf.cn/k12/image/externalized/c8665f25-47c1-4bcd-ace5-510b72ea1140.png,https://k12static.xdf.cn/k12/image/externalized/a5d967ff-710a-4347-9c7f-fa07c8b4123b.png
2538073437036699648,★,1,送分题,★,1,送分题,送分题,否,边界保留,中,送分题 / 基础题,最高难任务属于单一熟悉模板的直接识别，没有第二次化学决策。 原标注依据：化学变化判断 现有模型存在相邻档分歧；复核后主标签保留原档，同时记录相邻档为可接受边界。,化学变化判断,华夏造物历史悠久、《天工开物》中记载的下列造物过程只发生物理变化的是（ ）,https://k12static.xdf.cn/k12/image/externalized/9163efe2-4d60-444f-9b70-b327e4d70ae6.png,https://k12static.xdf.cn/k12/image/externalized/2af06638-b94d-49c1-a004-42f7b5ebfafc.png
2454238089525342208,★,1,送分题,★,1,送分题,送分题,否,边界保留,中,送分题 / 基础题,最高难任务属于单一熟悉模板的直接识别，没有第二次化学决策。 原标注依据：化学变化判断 现有模型存在相邻档分歧；复核后主标签保留原档，同时记录相邻档为可接受边界。,化学变化判断,成语蕴含丰富的中华文化。下列成语的本义一定体现化学变化的是（ ）,https://k12static.xdf.cn/k12/image/externalized/b3c8173c-8b05-4761-9645-377f0e6c3b3e.png,https://k12static.xdf.cn/k12/image/externalized/101c86cc-f6a9-4343-a10f-639e6361847d.png
2377093279129309184,★,1,送分题,★,1,送分题,送分题,否,边界保留,中,送分题 / 基础题,最高难任务属于单一熟悉模板的直接识别，没有第二次化学决策。 原标注依据：化学变化判断 现有模型存在相邻档分歧；复核后主标签保留原档，同时记录相邻档为可接受边界。,化学变化判断,2023年9月23日在杭州举行的亚运会开幕式活动表演中，一定有新物质生成的是（ ）,https://k12static.xdf.cn/k12/image/externalized/0aa8c546-cd0c-475c-89f9-5fe3e6588891.png,https://k12static.xdf.cn/k12/image/externalized/8c7fb76d-2a08-43e1-9c94-55cc0d4a61e3.png
2139839661019861002,★,1,送分题,★,1,送分题,送分题,否,一致保留,高,送分题,最高难任务属于单一熟悉模板的直接识别，没有第二次化学决策。 原标注依据：纯识记内容，门捷列夫提出元素周期律，课本原文直接考查,纯识记内容，门捷列夫提出元素周期律，课本原文直接考查,在科学史上每一次重大的发现都极大地推进了科学的发展。俄国科学家门捷列夫对化学的突出贡献在于$(\qquad)$,https://k12static.xdf.cn/k12/image/externalized/95d70059-aaf5-45ea-a582-afc129705fb8.png,https://k12static.xdf.cn/k12/image/externalized/e02047d4-55aa-4298-bd26-cc1ab2f58ca4.png
3152699449283248128,★,1,送分题,★,1,送分题,送分题,否,边界保留,中,送分题 / 基础题,最高难任务属于单一熟悉模板的直接识别，没有第二次化学决策。 原标注依据：化学变化判断 现有模型存在相邻档分歧；复核后主标签保留原档，同时记录相邻档为可接受边界。,化学变化判断,2025春节档电影《哪吒之魔童闹海》中的片段一定涉及化学变化的是,https://k12static.xdf.cn/k12/image/externalized/74ada561-3c99-4626-81ae-bd00d830a994.png,https://k12static.xdf.cn/k12/image/externalized/e316f62f-e79b-4fc5-b65c-ef78c35d50a7.png
2291921486588952576,★,1,送分题,★,1,送分题,送分题,否,一致保留,高,送分题,最高难任务属于单一熟悉模板的直接识别，没有第二次化学决策。 原标注依据：纯识记内容，防火标识直接识别，找出与防火无关的标识,纯识记内容，防火标识直接识别，找出与防火无关的标识,下列标识与防火无关的是（ ）,https://k12static.xdf.cn/k12/image/externalized/14cfae77-228c-4dba-a602-871a03c19644.png,https://k12static.xdf.cn/k12/image/externalized/77e703fa-9ade-4663-9900-410c0ec70b79.png
2960193661803241472,★,1,送分题,★,1,送分题,送分题,否,一致保留,高,送分题,最高难任务属于单一熟悉模板的直接识别，没有第二次化学决策。 原标注依据：纯识记内容，锂的元素符号为Li，课本原文直接考查,纯识记内容，锂的元素符号为Li，课本原文直接考查,2019年诺贝尔化学奖授予给了如图的三位科学家，以表彰他们在发明锂电池过程中做出的贡献。锂的元素符号是（ ）,https://k12static.xdf.cn/k12/image/externalized/4cb2ad5b-2e82-4022-a4af-e45c30e2cc7b.png,https://k12static.xdf.cn/k12/image/externalized/f594c244-6d36-4a68-8055-09185c3b60e6.png
2744478003495981058,★,1,送分题,★,1,送分题,送分题,否,边界保留,中,送分题 / 基础题,最高难任务属于单一熟悉模板的直接识别，没有第二次化学决策。 原标注依据：氧化物概念直接判断，选择属于氧化物的物质 现有模型存在相邻档分歧；复核后主标签保留原档，同时记录相邻档为可接受边界。,氧化物概念直接判断，选择属于氧化物的物质,下列物质属于氧化物的是,https://k12static.xdf.cn/k12/image/externalized/eb9a9aa4-7c6d-4395-b39d-a5c95f27f7e6.png,https://k12static.xdf.cn/k12/image/externalized/375178ac-0c5f-4ad4-9b09-3d004732bbcc.png
2566350747692748800,★,1,送分题,★,1,送分题,送分题,否,边界保留,中,送分题 / 基础题,最高难任务属于单一熟悉模板的直接识别，没有第二次化学决策。 原标注依据：化学变化判断 现有模型存在相邻档分歧；复核后主标签保留原档，同时记录相邻档为可接受边界。,化学变化判断,属于化学变化的是（ ）,https://k12static.xdf.cn/k12/image/externalized/2b302e99-bc6d-45d8-8916-a9bb1e3f178e.png,https://k12static.xdf.cn/k12/image/externalized/1864f0a7-39e5-4fa2-831f-33c549f9a015.png
2425440753901379584,★,1,送分题,★,1,送分题,送分题,否,一致保留,高,送分题,最高难任务属于单一熟悉模板的直接识别，没有第二次化学决策。 原标注依据：纯识记内容，基本营养物质的判断,纯识记内容，基本营养物质的判断,四天学校食堂美味无穷，下列食品富含蛋白质的是（ ）,https://k12static.xdf.cn/k12/image/externalized/ab570c9d-524a-4417-9ac6-12537637bd52.png,https://k12static.xdf.cn/k12/image/externalized/c11b1e53-2010-4cc7-9471-784d026dc279.png
2425439785252077568,★,1,送分题,★,1,送分题,送分题,否,边界保留,中,送分题 / 基础题,最高难任务属于单一熟悉模板的直接识别，没有第二次化学决策。 原标注依据：化学变化判断 现有模型存在相邻档分歧；复核后主标签保留原档，同时记录相邻档为可接受边界。,化学变化判断,四天文脉传四方，劳动课程中笔墨纸砚的制作，涉及到化学变化的是（ ）,https://k12static.xdf.cn/k12/image/externalized/bc12c098-9e03-4355-a103-e4833bcbea41.png,https://k12static.xdf.cn/k12/image/externalized/07bb26b5-4268-4c16-ab8e-89dee7da3da9.png
2746291248796028928,★,1,送分题,★,1,送分题,送分题,否,一致保留,高,送分题,最高难任务属于单一熟悉模板的直接识别，没有第二次化学决策。 原标注依据：纯识记内容，发现元素周期律的科学家为门捷列夫，课本原文直接考查,纯识记内容，发现元素周期律的科学家为门捷列夫，课本原文直接考查,在化学发展史中，发现元素周期律并编制元素周期表的科学家是,https://k12static.xdf.cn/k12/image/externalized/c4f2d331-a9bb-4b5b-b8dc-759f3773d2db.png,https://k12static.xdf.cn/k12/image/externalized/37f41104-f455-495a-bcbb-83b4f9f70915.png
2298346050016886793,★,1,送分题,★,1,送分题,送分题,否,边界保留,中,送分题 / 基础题,最高难任务属于单一熟悉模板的直接识别，没有第二次化学决策。 原标注依据：化学变化判断 现有模型存在相邻档分歧；复核后主标签保留原档，同时记录相邻档为可接受边界。,化学变化判断,厨房中发生的下列变化属于化学变化的是$(\qquad)$,https://k12static.xdf.cn/k12/image/externalized/c4472f86-f7c5-4d4f-bc9f-4cc44f67dd07.png,https://k12static.xdf.cn/k12/image/externalized/8cc9ac25-8f7c-4da1-adbc-e8eb7bacd2a0.png
2232598180756500480,★,1,送分题,★,1,送分题,送分题,否,一致保留,高,送分题,最高难任务属于单一熟悉模板的直接识别，没有第二次化学决策。 原标注依据：不会造成空气污染直接判断,不会造成空气污染直接判断,下列不会造成空气污染的是（ ）,https://k12static.xdf.cn/k12/image/externalized/988f11c2-76e5-43c1-8dac-2452013f9777.png,https://k12static.xdf.cn/k12/image/externalized/f6168c33-3b39-4230-8534-6675e620ab7d.png
2760285851317243904,★,1,送分题,★,1,送分题,送分题,否,一致保留,高,送分题,最高难任务属于单一熟悉模板的直接识别，没有第二次化学决策。 原标注依据：不符合绿色可持续发展做法直接判断,不符合绿色可持续发展做法直接判断,下列做法不符合绿色可持续发展理念的是（ ）,https://k12static.xdf.cn/k12/image/externalized/c2e9b97d-db2a-4ba1-af5d-f7bca8e62093.png,https://k12static.xdf.cn/k12/image/externalized/e28b299c-0bbd-42b6-a682-b0be12a2bea6.png
2232598351972515840,★,1,送分题,★,1,送分题,送分题,否,一致保留,高,送分题,最高难任务属于单一熟悉模板的直接识别，没有第二次化学决策。 原标注依据：元素概念直接判断,元素概念直接判断,“富硒猕猴桃”中的“硒”是指（ ）,https://k12static.xdf.cn/k12/image/externalized/d6773fbe-e104-408e-add8-de5b07284064.png,https://k12static.xdf.cn/k12/image/externalized/8aec796d-7c66-4eff-9629-a03ba7b773fd.png
2756087078033838080,★,1,送分题,★,1,送分题,送分题,否,一致保留,高,送分题,最高难任务属于单一熟悉模板的直接识别，没有第二次化学决策。 原标注依据：绿色化学相关考查，简单常识,绿色化学相关考查，简单常识,“绿色”是杭州亚运会的办赛理念之一、下列做法与“绿色亚运”理念不符合的是,https://k12static.xdf.cn/k12/image/externalized/956cc9c4-7553-4277-b6cd-b918b361de15.png,https://k12static.xdf.cn/k12/image/externalized/f0d9369b-3eba-4470-80ea-2e354dfadcb1.png
3028754106417422336,★,1,送分题,★,1,送分题,送分题,否,边界保留,中,送分题 / 基础题,最高难任务属于单一熟悉模板的直接识别，没有第二次化学决策。 原标注依据：分子不断运动的直接现象考查 现有模型存在相邻档分歧；复核后主标签保留原档，同时记录相邻档为可接受边界。,分子不断运动的直接现象考查,三月，香雪兰花开花时会散发一阵阵迷人的芳香，只要花开一朵，就能使满屋子都充满了香气。下列微观解释正确的是,https://k12static.xdf.cn/k12/image/externalized/86ec13b2-f287-4a50-ae8a-7f5726955c6d.png,https://k12static.xdf.cn/k12/image/externalized/ea35d3b9-c5ac-4603-964b-8d99c34d6ffd.png
3387532010720174080,★,1,送分题,★,1,送分题,送分题,否,边界保留,中,送分题 / 基础题,最高难任务属于单一熟悉模板的直接识别，没有第二次化学决策。 原标注依据：化学变化判断 现有模型存在相邻档分歧；复核后主标签保留原档，同时记录相邻档为可接受边界。,化学变化判断,多姿多彩的非物质文化遗产，见证着绵延不息的文明传承。下列重庆的非遗物质制作过程一定涉及有化学变化的是（ ）,https://k12static.xdf.cn/k12/image/externalized/122732ef-9fe1-4c4d-8323-1f1b8771d7bd.png,https://k12static.xdf.cn/k12/image/externalized/e5cff9d3-4840-4f46-a488-4d943c4102aa.png
2608473698801549312,★,1,送分题,★,1,送分题,送分题,否,边界保留,中,送分题 / 基础题,最高难任务属于单一熟悉模板的直接识别，没有第二次化学决策。 原标注依据：分子不断运动的直接现象考查 现有模型存在相邻档分歧；复核后主标签保留原档，同时记录相邻档为可接受边界。,分子不断运动的直接现象考查,“酒香四溢”说明的事实是（ ）,https://k12static.xdf.cn/k12/image/externalized/482dde08-b742-4f69-b362-0ed4a2117d3b.png,https://k12static.xdf.cn/k12/image/externalized/3f2516eb-1c18-444e-87d4-65b146737287.png
3002285745444016128,★,1,送分题,★,1,送分题,送分题,否,一致保留,高,送分题,最高难任务属于单一熟悉模板的直接识别，没有第二次化学决策。 原标注依据：纯识记内容，'中国催化剂之父'为闵恩泽，课本原文直接考查,纯识记内容，'中国催化剂之父'为闵恩泽，课本原文直接考查,科学无止境，精神永流传。我国炼油催化应用科学的奠基人，被誉为“中国催化剂之父”的化学家是,https://k12static.xdf.cn/k12/image/externalized/a7d6d396-1301-43be-a8ea-4eef7d830465.png,https://k12static.xdf.cn/k12/image/externalized/782b76b9-3f0c-407d-9479-dbbbd4c2ac54.png
3391843656328404992,★,1,送分题,★,1,送分题,送分题,否,边界保留,中,送分题 / 基础题,最高难任务属于单一熟悉模板的直接识别，没有第二次化学决策。 原标注依据：化学变化判断 现有模型存在相邻档分歧；复核后主标签保留原档，同时记录相邻档为可接受边界。,化学变化判断,我国的传统工艺成果辉煌，下列工艺主要涉及化学变化的是（ ）,https://k12static.xdf.cn/k12/image/externalized/49b3e860-2b92-45e5-bcfa-51c3837a95b6.png,https://k12static.xdf.cn/k12/image/externalized/2bc18384-caeb-4384-b33b-3141e462eb2a.png
2872998523878518784,★,1,送分题,★,1,送分题,送分题,否,边界保留,中,送分题 / 基础题,最高难任务属于单一熟悉模板的直接识别，没有第二次化学决策。 原标注依据：化学变化判断 现有模型存在相邻档分歧；复核后主标签保留原档，同时记录相邻档为可接受边界。,化学变化判断,2024年春晚节目《瓷影》，以舞绘型，展现青白瓷跨越千年的独特魅力，下列关于青白瓷的制作过程中，属于化学变化的是（ ）,https://k12static.xdf.cn/k12/image/externalized/cf428b81-0241-41a9-8240-dac3708f6a74.png,https://k12static.xdf.cn/k12/image/externalized/0650b582-c91f-4900-b72f-8acab39caa87.png
2753010586953822208,★★★★,4,拔高题,★★★★,4,拔高题,拔高题,否,一致保留,高,拔高题,题目存在决定性转换、方案评价、多约束或高密度综合链。 原标注依据：滤液滤渣问题，1种金属+3种盐溶液，涉及到质量判断,滤液滤渣问题，1种金属+3种盐溶液，涉及到质量判断,将一定质量的铁粉加入H2SO4、ZnSO4和CuSO4的混合溶液中，充分反应后过滤，得到滤液M和滤渣N。下列相关推断中，不正确的是,https://k12static.xdf.cn/k12/image/externalized/da1f24d4-cb4b-4ffc-98ea-da2656cbc954.png,https://k12static.xdf.cn/k12/image/externalized/d49f1b90-745e-435e-9589-930514534380.png
2805371838345826304,★★,2,基础题,★★,2,基础题,基础题,否,一致保留,高,基础题,最高难任务需要一次实质应用、转换或基础实验判断，但模型完全显性。 原标注依据：离子符号/元素符号/化学式等基础化学用语,离子符号/元素符号/化学式等基础化学用语,用化学符号表示：碘元素地壳中含量最多的金属元素2个氢原子1个氢分子 2个硫酸分子氟离子铵根离子氖气 氧化锌氯化亚铁硫酸钡碳酸钠 碳酸钙氢氧化铁硝酸银硝酸铵,https://k12static.xdf.cn/k12/image/externalized/ee26cb69-84ae-40fc-b326-1ca655b3645a.png,https://k12static.xdf.cn/k12/image/externalized/c491baa6-45e5-44b0-83ea-8390229f61f9.png
2981905953306705920,★★,2,基础题,★★,2,基础题,基础题,否,边界保留,中,送分题 / 基础题,最高难任务需要一次实质应用、转换或基础实验判断，但模型完全显性。 原标注依据：化学研究领域及衣食住行关系，化学作用举例的简答题 现有模型存在相邻档分歧；复核后主标签保留原档，同时记录相邻档为可接受边界。,化学研究领域及衣食住行关系，化学作用举例的简答题,某同学收集到以下七种物品进行探究。请回答：,https://k12static.xdf.cn/k12/image/externalized/9631bfcf-e2c4-4eda-9b62-47d95d0bdeda.png,https://k12static.xdf.cn/k12/image/externalized/fecb89f2-8ecf-431b-b027-7fa4a99dbf33.png
2265699487583326208,★,1,送分题,★,1,送分题,送分题,否,一致保留,高,送分题,最高难任务属于单一熟悉模板的直接识别，没有第二次化学决策。 原标注依据：肥皂水鉴别硬水、煮沸软化硬水,肥皂水鉴别硬水、煮沸软化硬水,水是生命之源，也是人类宝贵的资源．生活中可以用 鉴别硬水和软水；饮用硬度过大的水不利于人体健康．因此人们常采用的 方法将硬水软化．,https://k12static.xdf.cn/k12/image/externalized/dee82418-22ce-45cb-93cc-89ed3b633f26.png,https://k12static.xdf.cn/k12/image/externalized/b5df343e-5dc2-4cb2-b04d-8fa6ab160421.png
3131154684328349696,★,1,送分题,★,1,送分题,送分题,否,边界保留,中,送分题 / 基础题,最高难任务属于单一熟悉模板的直接识别，没有第二次化学决策。 原标注依据：单一化学变化判断 现有模型存在相邻档分歧；复核后主标签保留原档，同时记录相邻档为可接受边界。,单一化学变化判断,2022年10月12日15时45分天宫课堂&ldquo;第三课&rdquo;开播，航天员陈冬、刘洋、蔡旭哲展示了一些在&ldquo;神舟十四号&rdquo;里的生活细节。下列细节属于化学变化的是,https://k12static.xdf.cn/k12/image/externalized/e362fbfb-1c38-4a44-b67f-980a75674f25.png,https://k12static.xdf.cn/k12/image/externalized/adaf9d40-d481-43c4-a8fe-ef9d04de6fa7.png
2770039960797995008,★,1,送分题,★,1,送分题,送分题,否,一致保留,高,送分题,最高难任务属于单一熟悉模板的直接识别，没有第二次化学决策。 原标注依据：氧气体积分数和人体钙元素含量,氧气体积分数和人体钙元素含量,空气中体积分数约为21%并能供给人类呼吸的气体是 。人体中含量最高的金属元素是 。,https://k12static.xdf.cn/k12/image/externalized/0c02b00a-0976-4b47-b730-c672a26859ef.png,https://k12static.xdf.cn/k12/image/externalized/fb1fce8c-96b1-485b-b4d0-0ffc7965e0e7.png
3303536361003134976,★,1,送分题,★,1,送分题,送分题,否,边界保留,中,送分题 / 基础题,最高难任务属于单一熟悉模板的直接识别，没有第二次化学决策。 原标注依据：单一化学变化判断 现有模型存在相邻档分歧；复核后主标签保留原档，同时记录相邻档为可接受边界。,单一化学变化判断,中国民间艺术工艺品历史悠久，内容丰富多彩。下列工艺品制作过程中涉及化学变化的是（ ）,https://k12static.xdf.cn/k12/image/externalized/10a7c4a6-224b-4636-be8c-d4fd9072b771.png,https://k12static.xdf.cn/k12/image/externalized/08e06f83-ada2-4833-9ad5-e25a290644f3.png
2711335388761292800,★,1,送分题,★,1,送分题,送分题,否,边界保留,中,送分题 / 基础题,最高难任务属于单一熟悉模板的直接识别，没有第二次化学决策。 原标注依据：常见实验仪器用途与选择 现有模型存在相邻档分歧；复核后主标签保留原档，同时记录相邻档为可接受边界。,常见实验仪器用途与选择,化学实验基本操作在化学学习和研究中具有重要作用．现有下列仪器A．试管B．镊子C．蒸发皿D．集气瓶E．广口瓶F．胶头滴管G．量筒H．药匙I．燃烧匙J．试管夹，选取相应的序号填空．①取用少量粉末状固体药品应使用 ________ ；②可以直接在酒精灯火焰上加热的玻璃仪器是 ________ ；③贮存固体药品的仪器是 ________ ；④用来夹持试管的工具 ________ ；⑤量取10mL的液体药品应使用 ________ ．,https://k12static.xdf.cn/k12/image/externalized/1e56b57b-1756-4edf-a5c9-071a0ca4f936.png,https://k12static.xdf.cn/k12/image/externalized/712ced81-03cc-445d-93f4-49aa4c63b138.png
3099633546970275840,★★,2,基础题,★★,2,基础题,送分题,是,明确改标,高,基础题,题目不是单一教材结论的直接检索：需要完成实质表征转换、书写规则转换，或在不同化学/实验规则之间切换，因此校准为基础题。,元素符号/离子符号/化学式/化合价标注等基础化学用语,化学用语是学习化学的基本工具，请用合适的化学符号填空：,https://k12static.xdf.cn/k12/image/externalized/7ff63586-3479-498a-8ffe-b4f517dc3f2b.png,https://k12static.xdf.cn/k12/image/externalized/533ab24d-0b1f-49a8-9c40-a6e80b4584fc.png
2606643775862042624,★★,2,基础题,★★,2,基础题,送分题,是,明确改标,高,基础题,题目不是单一教材结论的直接检索：需要完成实质表征转换、书写规则转换，或在不同化学/实验规则之间切换，因此校准为基础题。,药品取用/加热/量筒等基本实验操作,看图写出下列实验操作可能引起的不良后果。 （1） （2） （3） （4） （5） （6）,https://k12static.xdf.cn/k12/image/externalized/091a9629-659e-40b6-8378-25371551a510.png,https://k12static.xdf.cn/k12/image/externalized/a45667fa-d5fa-4bc9-816e-ded76024da96.png
2606644357426339840,★★,2,基础题,★★,2,基础题,基础题,否,一致保留,高,基础题,最高难任务需要一次实质应用、转换或基础实验判断，但模型完全显性。 原标注依据：常见实验仪器名称和用途，以及使用分析,常见实验仪器名称和用途，以及使用分析,根据如图所示仪器回答： （1）写出A、D、F仪器名称：A为 ；D为 ；F为 ． （2）说出E、G两种仪器的作用：E的用途是 ；G的用途是 ； （3）用上述仪器编号回答下列问题： ①用于夹持试管的仪器是 ； ②既可用作反应容器又能直接受热的是 ． （4）使用量筒时，量筒必须 ，视线要跟 保持水平．上图H中量筒内液体的读数是 mL． （5）夏欣同学欲用容积为 30mL的C盛装液体加热时，他最多可盛液体 mL，用试管夹从它的底部往上套入，夹…,https://k12static.xdf.cn/k12/image/externalized/47fb559e-8dd0-44e5-af2e-183333149343.png,https://k12static.xdf.cn/k12/image/externalized/6eedb7f4-3bf1-4c0e-baf7-1964e0f37ae9.png
3590880789375053824,★,1,送分题,★,1,送分题,送分题,否,边界保留,中,送分题 / 基础题,最高难任务属于单一熟悉模板的直接识别，没有第二次化学决策。 原标注依据：煮浆点浆涉及蛋白质变性为化学变化 现有模型存在相邻档分歧；复核后主标签保留原档，同时记录相邻档为可接受边界。,煮浆点浆涉及蛋白质变性为化学变化,石屏豆腐获国家地理标志产品。下列制作过程中主要涉及化学变化的是,https://k12static.xdf.cn/k12/image/externalized/f1ffec20-227d-4dab-bb6b-8d278544ea52.png,https://k12static.xdf.cn/k12/image/externalized/6cab97fc-3c14-428c-a22d-96b953d27010.png
3367570865588043776,★,1,送分题,★,1,送分题,送分题,否,一致保留,高,送分题,最高难任务属于单一熟悉模板的直接识别，没有第二次化学决策。 原标注依据：常见物质用途与化学式对应,常见物质用途与化学式对应,物质在生产生活中具有重要用途。请从二氧化碳、氮气、金刚石、盐酸中选取合适的物质，将其化学式填在下列横线上。 （1）工业上用于生产氮肥的物质 ； （2）可用于人工降雨的物质 ； （3）可用于切割玻璃的物质 ； （4）可用于除铁锈的物质 。,https://k12static.xdf.cn/k12/image/externalized/0787524a-4b0d-475d-a803-a574fe716eb6.png,https://k12static.xdf.cn/k12/image/externalized/7fda6ce1-db86-4e33-b7e5-7b66e6199720.png
3289236958127091712,★★,2,基础题,★★,2,基础题,基础题,否,边界保留,中,送分题 / 基础题,最高难任务需要一次实质应用、转换或基础实验判断，但模型完全显性。 原标注依据：空气成分/地壳元素/离子符号/化合价标注 现有模型存在相邻档分歧；复核后主标签保留原档，同时记录相邻档为可接受边界。,空气成分/地壳元素/离子符号/化合价标注,化学用语是学习化学的重要工具。请用适当的化学用语填空。 （1）空气中含量最多的气体 ； （2）地壳中含量最多的元素 ； （3）3个钠离子 ； （4）氧化镁中镁元素的化合价 。,https://k12static.xdf.cn/k12/image/externalized/2338ba98-9202-469d-88d6-b1b94e4ed341.png,https://k12static.xdf.cn/k12/image/externalized/c11aa53f-9d9c-49b9-baf3-3f2e9e4f5118.png
3210663397395304448,★★,2,基础题,★★,2,基础题,基础题,否,边界保留,中,送分题 / 基础题,最高难任务需要一次实质应用、转换或基础实验判断，但模型完全显性。 原标注依据：仪器识别/加热/量取 现有模型存在相邻档分歧；复核后主标签保留原档，同时记录相邻档为可接受边界。,仪器识别/加热/量取,掌握化学实验中常用仪器的特征和用途，有利于开展化学学习和研究。 请结合如图所示常用的仪器，回答有关问题： （1）如图仪器中，能在酒精灯火焰上直接加热的是 （填仪器名称，下同），向酒精灯内添加酒精需要使用的是 。 （2）量取一定量液体体积时，需要的的仪器是 。读数时如仰视读数为20.0mL，实际的液体体积 20.0mL（选填“大于”或“小于”）。,https://k12static.xdf.cn/k12/image/externalized/ee595fc5-a9a1-4a26-afe3-14673f58814c.png,https://k12static.xdf.cn/k12/image/externalized/3fb6138d-4ff0-4d7a-83e5-4c63d07f5273.png
3160632057097744384,★,1,送分题,★,1,送分题,送分题,否,边界保留,中,送分题 / 基础题,最高难任务属于单一熟悉模板的直接识别，没有第二次化学决策。 原标注依据：物质用途选择+操作目的 现有模型存在相邻档分歧；复核后主标签保留原档，同时记录相邻档为可接受边界。,物质用途选择+操作目的,我们的生产、生活等都与化学有着密切的联系。Ⅰ、用下列物质的序号填空。A．稀有气体 B．氮气 C．氧气 D．二氧化硫：Ⅱ、将体现下列实验操作目的的正确选项的序号，填在对应的横线上。A．防止药品污染 B．防止试管破裂 C．减少实验误差 D．防止腐蚀标签,https://k12static.xdf.cn/k12/image/externalized/ad850e22-247e-4dd5-a50b-e782119eb5af.png,https://k12static.xdf.cn/k12/image/externalized/2d83f125-173d-41a0-bbd6-33912bd3e6ca.png
3131825747598032896,★,1,送分题,★,1,送分题,送分题,否,边界保留,中,送分题 / 基础题,最高难任务属于单一熟悉模板的直接识别，没有第二次化学决策。 原标注依据：纯碱的物理/化学性质直接判断 现有模型存在相邻档分歧；复核后主标签保留原档，同时记录相邻档为可接受边界。,纯碱的物理/化学性质直接判断,纯碱是厨房中常用的物质。以下是有关纯碱性质的描述：①是白色粉末状物质；②易溶于水；③不小心掉入食醋中会有大量气泡产生，其中，属于物理性质的是 ，属于化学性质的是 （均填序号）。,https://k12static.xdf.cn/k12/image/externalized/57343cfc-38c1-4253-a4de-2e6f4661c109.png,https://k12static.xdf.cn/k12/image/externalized/5e781826-61cb-49f4-9111-8e4c4204df4c.png
3109375852967657472,★,1,送分题,★,1,送分题,送分题,否,边界保留,中,送分题 / 基础题,最高难任务属于单一熟悉模板的直接识别，没有第二次化学决策。 原标注依据：化学研究方向 现有模型存在相邻档分歧；复核后主标签保留原档，同时记录相邻档为可接受边界。,化学研究方向,化学界所研究的课题很多，其中有：①研制快速降解塑料，减少白色污染；②新型高效药品的开发；③合成高效化肥；④合成人造皮肤；⑤研制植物营养液进行无土栽培，达到高产；⑥消除汽车有害尾气；请将以上问题归类，并把其序号填在相应的横线上。,https://k12static.xdf.cn/k12/image/externalized/613d811f-c0bf-4062-a7fe-a43257809654.png,https://k12static.xdf.cn/k12/image/externalized/0dee15c8-f9b7-4cbb-905b-37e7e14b2de6.png
3003746845333970944,★★,2,基础题,★★,2,基础题,送分题,是,明确改标,高,基础题,题目不是单一教材结论的直接检索：需要完成实质表征转换、书写规则转换，或在不同化学/实验规则之间切换，因此校准为基础题。,能量转化+化合价计算,如图为磷酸亚铁锂（LiFePO4）电池的示意图。,https://k12static.xdf.cn/k12/image/externalized/e8e10519-8a78-4f6a-adaf-43abf21db926.png,https://k12static.xdf.cn/k12/image/externalized/f072303f-d5e3-4385-8b38-c366db7c610a.png
2801196465015263232,★,1,送分题,★,1,送分题,送分题,否,一致保留,高,送分题,最高难任务属于单一熟悉模板的直接识别，没有第二次化学决策。 原标注依据：核电荷数/电子层/最外层电子数,核电荷数/电子层/最外层电子数,氯元素的原子结构示意图为。由此可知：氯原子的核电荷数为 ，氯原子核外有 个电子层: 最外层有 个单位的负电荷；在化学反应中容易 (得到/失去) 1个电子。,https://k12static.xdf.cn/k12/image/externalized/00f10e58-cba5-4763-8725-a11ff10d7292.png,https://k12static.xdf.cn/k12/image/externalized/42172e47-2d22-4864-a136-6c0d9bf953d4.png
2763138719906865152,★,1,送分题,★,1,送分题,送分题,否,一致保留,高,送分题,最高难任务属于单一熟悉模板的直接识别，没有第二次化学决策。 原标注依据：常见物质用途选择,常见物质用途选择,选择下列适当的物质填空(选填序号)：A．食盐B．氧气C．硝酸铵D．武德合金E．氢气F．水银G．金刚石H．黄铜(1)自然界硬度最大 ；(2)可作保险丝 ；(3)生活中作调味品 ；(4)理想绿色能源 ；(5)可用作医疗急救 ；(6)体温计中的金属 。,https://k12static.xdf.cn/k12/image/externalized/ec115ab6-1e24-4751-9e1e-01427332f1b6.png,https://k12static.xdf.cn/k12/image/externalized/cd5a5f27-8d9f-4b5a-99d1-0989e8a7b904.png
2760708588054552577,★,1,送分题,★,1,送分题,送分题,否,一致保留,高,送分题,最高难任务属于单一熟悉模板的直接识别，没有第二次化学决策。 原标注依据：离子符号/化学式/元素符号,离子符号/化学式/元素符号,用化学符号表示：（1）2个镁离子 。（2）相对分子质量最小的氧化物 。（3）空气中含量最多的气体 。（4）人体缺少 元素，会导致甲状腺疾病。,https://k12static.xdf.cn/k12/image/externalized/ffbd9040-63fe-4c0e-973b-e6b6e849a603.png,https://k12static.xdf.cn/k12/image/externalized/88b8bfb0-550f-4784-bd8f-ed2d846559de.png
2731158689558339584,★★,2,基础题,★★,2,基础题,基础题,否,一致保留,高,基础题,最高难任务需要一次实质应用、转换或基础实验判断，但模型完全显性。 原标注依据：简单计算知识+应用,简单计算知识+应用,下列相对分子质量的计算式不正确的是,https://k12static.xdf.cn/k12/image/externalized/4cba6095-03b4-419e-8ca1-f071e038767f.png,https://k12static.xdf.cn/k12/image/externalized/ad88f7b4-ebe6-4aa7-a90e-a80597148f90.png
3654349358527782912,★★,2,基础题,★★,2,基础题,基础题,否,边界保留,中,送分题 / 基础题,最高难任务需要一次实质应用、转换或基础实验判断，但模型完全显性。 原标注依据：性质与用途结合考查知识+应用 现有模型存在相邻档分歧；复核后主标签保留原档，同时记录相邻档为可接受边界。,性质与用途结合考查知识+应用,下列物质的用途，利用其化学性质的是,https://k12static.xdf.cn/k12/image/externalized/f08d17cd-42f5-49d5-855c-1e928e923e09.png,https://k12static.xdf.cn/k12/image/externalized/aca33298-bf67-49b5-ae23-721f44bd0717.png
3508059407840706560,★★,2,基础题,★★,2,基础题,基础题,否,一致保留,高,基础题,最高难任务需要一次实质应用、转换或基础实验判断，但模型完全显性。 原标注依据：简单装置图，仪器使用操作和目的结合知识+应用,简单装置图，仪器使用操作和目的结合知识+应用,实验是进行探究的重要方式。下列实验操作正确的是,https://k12static.xdf.cn/k12/image/externalized/b55dca1a-63d1-43b0-994a-121db65c6ebd.png,https://k12static.xdf.cn/k12/image/externalized/58ef6fe6-ac9c-4a52-b295-117a83a93bc7.png
3668785599514451968,★★,2,基础题,★★,2,基础题,基础题,否,边界保留,中,送分题 / 基础题,最高难任务需要一次实质应用、转换或基础实验判断，但模型完全显性。 原标注依据：简单气体的鉴别知识+应用 现有模型存在相邻档分歧；复核后主标签保留原档，同时记录相邻档为可接受边界。,简单气体的鉴别知识+应用,下列操作中，不能鉴别氧气和二氧化碳两瓶气体的是 （ ）,https://k12static.xdf.cn/k12/image/externalized/64c6a213-45b2-4529-a39b-489541c5db28.png,https://k12static.xdf.cn/k12/image/externalized/806223ed-0b0e-40bd-bb66-c27503fa9ba3.png
3664463512542121984,★,1,送分题,★,1,送分题,基础题,是,明确改标,高,送分题,最高难任务只需识别一个熟悉教材模板，同类选项不形成新的化学决策，没有实质转换、连续推理、实验分析或计算，校准为送分题。,物质的构成判断，可利用特征进行直接判断知识+应用,物质都是由微观粒子构成的。下列物质是由分子构成的是（ ）,https://k12static.xdf.cn/k12/image/externalized/e16e717e-5fdc-4b55-a0f2-29c54c16ccf2.png,https://k12static.xdf.cn/k12/image/externalized/77010921-b42e-43a5-b8de-d79a3165c3ae.png
3663244621670785024,★★,2,基础题,★★,2,基础题,基础题,否,一致保留,高,基础题,最高难任务需要一次实质应用、转换或基础实验判断，但模型完全显性。 原标注依据：简单化合价计算知识+应用,简单化合价计算知识+应用,氮元素的氧化物有多种，若某种氮氧化物中氮元素化合价为+5价，则该氧化物的化学式为,https://k12static.xdf.cn/k12/image/externalized/6ea1fb6d-0beb-4c3e-b8bd-528bc1fd6198.png,https://k12static.xdf.cn/k12/image/externalized/d69d19ea-1bea-47db-8c2b-6f7f93dfd985.png
3447300133499482112,★★,2,基础题,★★,2,基础题,基础题,否,一致保留,高,基础题,最高难任务需要一次实质应用、转换或基础实验判断，但模型完全显性。 原标注依据：物质分类的微观解释知识+应用,物质分类的微观解释知识+应用,“”和“”分别用来表示不同元素的原子，下列图示能用来表示化合物的是,https://k12static.xdf.cn/k12/image/externalized/53920a25-3929-4b6c-b2f9-b67075d111a4.png,https://k12static.xdf.cn/k12/image/externalized/e0f0207d-d1bd-4fa2-a369-2cd24d1023f8.png
3411046101081239552,★★,2,基础题,★★,2,基础题,基础题,否,一致保留,高,基础题,最高难任务需要一次实质应用、转换或基础实验判断，但模型完全显性。 原标注依据：根据方程式推导化学式知识+应用,根据方程式推导化学式知识+应用,乙醇（用 $\rm{X}$ 表示）完全燃烧的化学方程式为：$\rm{X + 3O_{2}\xrightarrow{点燃}2CO_{2} + 3H_{2}O}$。乙醇的化学式是 $(\quad\;\;\;\;)$。,https://k12static.xdf.cn/k12/image/externalized/0449fe97-62c3-4091-a1c5-f6fe8faef288.png,https://k12static.xdf.cn/k12/image/externalized/b9932453-d0e4-43c6-adbe-89e511f48432.png
3410674689315287040,★,1,送分题,★,1,送分题,送分题,否,边界保留,中,送分题 / 基础题,最高难任务属于单一熟悉模板的直接识别，没有第二次化学决策。 原标注依据：反应类型判断 现有模型存在相邻档分歧；复核后主标签保留原档，同时记录相邻档为可接受边界。,反应类型判断,下列化学反应属于化合反应的是（ ）,https://k12static.xdf.cn/k12/image/externalized/770cccb9-5a75-4536-8260-05ef3fd30dbe.png,https://k12static.xdf.cn/k12/image/externalized/39d0913b-e07d-40d7-ab92-4d727082b0f3.png
3218828562711236609,★★,2,基础题,★★,2,基础题,基础题,否,一致保留,高,基础题,最高难任务需要一次实质应用、转换或基础实验判断，但模型完全显性。 原标注依据：简单公式的直接计算知识+应用,简单公式的直接计算知识+应用,H2 O中氧元素和氢元素的质量比为,https://k12static.xdf.cn/k12/image/externalized/a54f3c4a-37d0-434b-96c7-b448c756d37e.png,https://k12static.xdf.cn/k12/image/externalized/1c419cd2-bcba-4651-ae27-b75afa006768.png
3552871706617802752,★,1,送分题,★,1,送分题,基础题,是,明确改标,高,送分题,最高难任务只需识别一个熟悉教材模板，同类选项不形成新的化学决策，没有实质转换、连续推理、实验分析或计算，校准为送分题。,化学变化的判断+物理化学实验名词认知,下列变化与其他变化有本质区别的是,https://k12static.xdf.cn/k12/image/externalized/255de132-81a3-4eca-ac95-3a2beee42bf3.png,https://k12static.xdf.cn/k12/image/externalized/4603436f-34b3-44ca-94d5-ab448600df8a.png
3016274797652889600,★★,2,基础题,★★,2,基础题,基础题,否,一致保留,高,基础题,最高难任务需要一次实质应用、转换或基础实验判断，但模型完全显性。 原标注依据：方法+实际方程式判断还原反应的物质,方法+实际方程式判断还原反应的物质,"氧化银纽扣电池常用于手表和计算器，电池内的总反应可以表示为：Zn+Ag2O=ZnO+2Ag,其中发生还原反应的物质是（ ）",https://k12static.xdf.cn/k12/image/externalized/64cc2a3a-6f9d-4394-b308-de0a4ca2b615.png,https://k12static.xdf.cn/k12/image/externalized/fed635ef-b063-4181-843e-0d20df82fff3.png
3634616669683896320,★★,2,基础题,★★,2,基础题,基础题,否,边界保留,中,送分题 / 基础题,最高难任务需要一次实质应用、转换或基础实验判断，但模型完全显性。 原标注依据：化学式书写涉及四种类别，单质、氧化物、碱、盐 现有模型存在相邻档分歧；复核后主标签保留原档，同时记录相邻档为可接受边界。,化学式书写涉及四种类别，单质、氧化物、碱、盐,下列物质的化学式书写不正确的是,https://k12static.xdf.cn/k12/image/externalized/1a37846f-5329-4dda-bcad-890416ba35dd.png,https://k12static.xdf.cn/k12/image/externalized/31c480a1-6d2e-4c6b-a9e8-a3024a37962c.png
3215104698926850048,★,1,送分题,★,1,送分题,基础题,是,明确改标,高,送分题,最高难任务只需识别一个熟悉教材模板，同类选项不形成新的化学决策，没有实质转换、连续推理、实验分析或计算，校准为送分题。,2个镁离子的直接判断，考察点单一，稍有干扰,化学用语是学习化学的工具。下列表示两个镁离子的是,https://k12static.xdf.cn/k12/image/externalized/677c780b-6819-422a-b336-eb7610ed4f8e.png,https://k12static.xdf.cn/k12/image/externalized/0caa9f6c-0510-4280-933e-951fa56fdacb.png
3636137661934694400,★,1,送分题,★,1,送分题,基础题,是,明确改标,高,送分题,最高难任务只需识别一个熟悉教材模板，同类选项不形成新的化学决策，没有实质转换、连续推理、实验分析或计算，校准为送分题。,化学家4个成就判断，稍有干扰,化学学科的发展离不开科学家们的研究成果。下列叙述不正确的是,https://k12static.xdf.cn/k12/image/externalized/8b93aaa0-1c19-4343-9da9-cfd9b13d6558.png,https://k12static.xdf.cn/k12/image/externalized/571b1b12-50ea-494b-8a10-cb0e0e2a34b2.png
3538290159134478336,★,1,送分题,★,1,送分题,基础题,是,明确改标,高,送分题,最高难任务只需识别一个熟悉教材模板，同类选项不形成新的化学决策，没有实质转换、连续推理、实验分析或计算，校准为送分题。,俗名的直接判断-4个,下列物质的名称与俗名不对应的是,https://k12static.xdf.cn/k12/image/externalized/402a1a90-9e13-46de-a1dc-596916f6b2f4.png,https://k12static.xdf.cn/k12/image/externalized/b8dc45f1-dd25-4f08-80a9-ff60d816d17b.png
3043244686769401856,★★,2,基础题,★★,2,基础题,基础题,否,边界保留,中,送分题 / 基础题,最高难任务需要一次实质应用、转换或基础实验判断，但模型完全显性。 原标注依据：溶液能否导电判断 现有模型存在相邻档分歧；复核后主标签保留原档，同时记录相邻档为可接受边界。,溶液能否导电判断,生活中常见的下列四种溶液中，不能导电的是,https://k12static.xdf.cn/k12/image/externalized/0302d68b-56aa-4aaf-8588-6610bdc8b67d.png,https://k12static.xdf.cn/k12/image/externalized/2a1bbb7a-548a-4f44-867f-bad17c13bbfd.png
3654664701103579136,★★,2,基础题,★★,2,基础题,基础题,否,一致保留,高,基础题,最高难任务需要一次实质应用、转换或基础实验判断，但模型完全显性。 原标注依据：中和反应的实际应用判断,中和反应的实际应用判断,下列做法正确的是（ ）,https://k12static.xdf.cn/k12/image/externalized/92ae94dc-e1ec-494f-834f-957f41547296.png,https://k12static.xdf.cn/k12/image/externalized/b2fd4eff-0b21-480b-8aa2-bb7eb4de986a.png
3664749112090738688,★★,2,基础题,★★,2,基础题,基础题,否,边界保留,中,基础题 / 中等题,最高难任务需要一次实质应用、转换或基础实验判断，但模型完全显性。 原标注依据：粗盐中难溶性杂质实验图标判断 现有模型存在相邻档分歧；复核后主标签保留原档，同时记录相邻档为可接受边界。,粗盐中难溶性杂质实验图标判断,在“粗盐中难溶性杂质的去除”实验中，下列图标无须标注的是A．护目镜B．明火C．洗手D．锐器,https://k12static.xdf.cn/k12/image/externalized/8b2b0139-2808-4f1d-8a45-7608c2a8d569.png,https://k12static.xdf.cn/k12/image/externalized/473cb09a-e73f-4c34-8833-fb17d8ab8d1f.png
3671914149545357312,★★,2,基础题,★★,2,基础题,基础题,否,边界保留,中,送分题 / 基础题,最高难任务需要一次实质应用、转换或基础实验判断，但模型完全显性。 原标注依据：化肥的作用判断选择 现有模型存在相邻档分歧；复核后主标签保留原档，同时记录相邻档为可接受边界。,化肥的作用判断选择,在种植菠萝的过程中，为了促进苗叶生长，可适当追施的一种氮肥是（ ）,https://k12static.xdf.cn/k12/image/externalized/2fe3613c-0b7d-4a49-a46f-b4bd8d083da9.png,https://k12static.xdf.cn/k12/image/externalized/95103c89-5d5d-49bc-9e11-1cc2c8b4a533.png
3662157434687926272,★,1,送分题,★,1,送分题,基础题,是,明确改标,高,送分题,最高难任务只需识别一个熟悉教材模板，同类选项不形成新的化学决策，没有实质转换、连续推理、实验分析或计算，校准为送分题。,常见物质的颜色判断,通常情况下，颜色呈红色的物质是,https://k12static.xdf.cn/k12/image/externalized/9f40de86-d2bb-458b-a19d-acadcb608ee6.png,https://k12static.xdf.cn/k12/image/externalized/a67dbe6b-153e-4f51-a5d1-dd973ed849f0.png
3666692974901022720,★★,2,基础题,★★,2,基础题,基础题,否,一致保留,高,基础题,最高难任务需要一次实质应用、转换或基础实验判断，但模型完全显性。 原标注依据：燃烧的理解判断,燃烧的理解判断,燃烧是常见的化学变化之一。下列关于燃烧的说法正确的是,https://k12static.xdf.cn/k12/image/externalized/40ff1f63-72eb-49a8-855b-4112679c23ba.png,https://k12static.xdf.cn/k12/image/externalized/30c58c5b-c66e-425d-82e6-f91364b5fd97.png
3675477453845385216,★★,2,基础题,★★,2,基础题,基础题,否,一致保留,高,基础题,最高难任务需要一次实质应用、转换或基础实验判断，但模型完全显性。 原标注依据：爆炸的判断,爆炸的判断,点燃下列混合物不可能会引起爆炸的是,https://k12static.xdf.cn/k12/image/externalized/3e70ee5b-71a5-4f5f-a800-fae06880b8d7.png,https://k12static.xdf.cn/k12/image/externalized/62a050cb-b3c8-4981-8131-71da0de37bd3.png
3666693096570724352,★,1,送分题,★,1,送分题,基础题,是,明确改标,高,送分题,最高难任务只需识别一个熟悉教材模板，同类选项不形成新的化学决策，没有实质转换、连续推理、实验分析或计算，校准为送分题。,易燃易爆物的标志判断,下列是一些与燃烧和爆炸有关的图标，表示“当心火灾-易燃物质”的图标是,https://k12static.xdf.cn/k12/image/externalized/972ad1ad-bbeb-4152-b06c-e9942be17d40.png,https://k12static.xdf.cn/k12/image/externalized/7f6f5939-798c-462f-a620-616098c7aa58.png
3591992743924092928,★★,2,基础题,★★,2,基础题,基础题,否,边界保留,中,基础题 / 中等题,最高难任务需要一次实质应用、转换或基础实验判断，但模型完全显性。 原标注依据：吸热的化学反应判断 现有模型存在相邻档分歧；复核后主标签保留原档，同时记录相邻档为可接受边界。,吸热的化学反应判断,下列变化中，属于吸收热量的化学反应的是（ ）,https://k12static.xdf.cn/k12/image/externalized/23f249b8-80f3-40d9-9eb2-c5a229ff628e.png,https://k12static.xdf.cn/k12/image/externalized/8b8a5f4a-f909-431c-9631-a94fd9b5beb9.png
3678304626704228352,★★,2,基础题,★★,2,基础题,基础题,否,一致保留,高,基础题,最高难任务需要一次实质应用、转换或基础实验判断，但模型完全显性。 原标注依据：燃烧充分的常见措施判断,燃烧充分的常见措施判断,俗语说：“人要实心，火要空心”。“火要空心”就是把木柴架空更容易燃烧，这样做的目的是,https://k12static.xdf.cn/k12/image/externalized/817b6e55-6059-4ec1-a67f-9d2e5b0005a1.png,https://k12static.xdf.cn/k12/image/externalized/9fd20eb0-08fc-4c5c-92f1-a7ac28ed6d38.png
3671661033914155008,★★,2,基础题,★★,2,基础题,基础题,否,边界保留,中,送分题 / 基础题,最高难任务需要一次实质应用、转换或基础实验判断，但模型完全显性。 原标注依据：有机高分子材料判断 现有模型存在相邻档分歧；复核后主标签保留原档，同时记录相邻档为可接受边界。,有机高分子材料判断,我国在材料的开发和应用方面取得了举世瞩目的成就。下列属于天然有机材料的是A.航空发动机中的碳化硅纤维B.盾构机中的硬质钨合金钻头刀刃C.滑雪服中的聚酰胺纤维面料D.蚕丝素纱襌衣,https://k12static.xdf.cn/k12/image/externalized/9171454d-81ef-458f-ac99-9f897c70e6f9.png,https://k12static.xdf.cn/k12/image/externalized/e53d672d-2a91-4c1e-b1e3-0eb14dc4fdbb.png
3415294046317379584,★★,2,基础题,★★,2,基础题,基础题,否,一致保留,高,基础题,最高难任务需要一次实质应用、转换或基础实验判断，但模型完全显性。 原标注依据：营养物质的相关说法判断-2种,营养物质的相关说法判断-2种,下列关于糖类和油脂的说法中，不正确的是 $(\quad\;\;\;\;)$ 。,https://k12static.xdf.cn/k12/image/externalized/3cac70d9-df56-4b1e-a254-44a3e4aca85c.png,https://k12static.xdf.cn/k12/image/externalized/ba9b22a2-2e01-4757-872c-13d76002eaa5.png
3668686470416801792,★★,2,基础题,★★,2,基础题,基础题,否,边界保留,中,送分题 / 基础题,最高难任务需要一次实质应用、转换或基础实验判断，但模型完全显性。 原标注依据：人体元素+地壳元素+元素对人体健康影响 现有模型存在相邻档分歧；复核后主标签保留原档，同时记录相邻档为可接受边界。,人体元素+地壳元素+元素对人体健康影响,人体中含量最高的元素是 （填元素符号，下同），地壳中含量最高的金属元素是 ；青少年缺乏钙元素会导致 （填“佝偻病”或“贫血”）。,https://k12static.xdf.cn/k12/image/externalized/140ec89d-da7d-46d9-aff9-794b05b3f52b.png,https://k12static.xdf.cn/k12/image/externalized/27872229-7b32-4c04-8095-771640d72cb8.png
3563580083473489920,★★,2,基础题,★★,2,基础题,基础题,否,边界保留,中,送分题 / 基础题,最高难任务需要一次实质应用、转换或基础实验判断，但模型完全显性。 原标注依据：人体健康与化学-食品的加工与食用方法 现有模型存在相邻档分歧；复核后主标签保留原档，同时记录相邻档为可接受边界。,人体健康与化学-食品的加工与食用方法,人体健康与化学有密切联系，下列说法正确的是,https://k12static.xdf.cn/k12/image/externalized/f2324971-4667-474a-8037-af88f71fb40e.png,https://k12static.xdf.cn/k12/image/externalized/d82438d5-63f1-453f-8932-857247a4cd52.png
3678390953634275328,★★,2,基础题,★★,2,基础题,基础题,否,边界保留,中,送分题 / 基础题,最高难任务需要一次实质应用、转换或基础实验判断，但模型完全显性。 原标注依据：“碳达峰” 和 “碳中和” 相关判断 现有模型存在相邻档分歧；复核后主标签保留原档，同时记录相邻档为可接受边界。, “碳达峰” 和 “碳中和” 相关判断,我国明确提出力争 2030 年前实现 “碳达峰”，2060 年前实现 “碳中和”。下列做法中，不利于推进 “碳达峰” 和 “碳中和” 的是,https://k12static.xdf.cn/k12/image/externalized/dbe70f45-dc7d-47d5-bfa2-79f61432ee25.png,https://k12static.xdf.cn/k12/image/externalized/c64c0182-8cb5-4dcb-b08c-8a9657c761ed.png
3678427116688973824,★★,2,基础题,★★,2,基础题,基础题,否,边界保留,中,送分题 / 基础题,最高难任务需要一次实质应用、转换或基础实验判断，但模型完全显性。 原标注依据：化学实验室安全规则和事故处理相关考查 现有模型存在相邻档分歧；复核后主标签保留原档，同时记录相邻档为可接受边界。,化学实验室安全规则和事故处理相关考查,下列做法符合实验安全要求的是,https://k12static.xdf.cn/k12/image/externalized/9ff51869-bfbc-4e31-8cd9-6b01d78544f1.png,https://k12static.xdf.cn/k12/image/externalized/5369779c-ec69-4929-9ae3-8808323682a2.png
3673979395891073024,★★,2,基础题,★★,2,基础题,基础题,否,一致保留,高,基础题,最高难任务需要一次实质应用、转换或基础实验判断，但模型完全显性。 原标注依据：实验室制取气体各步骤装置的判断,实验室制取气体各步骤装置的判断,实验室制取、收集和检验二氧化碳的操作中，错误的是,https://k12static.xdf.cn/k12/image/externalized/eb8c50fb-613d-4bec-98e1-a0425a1505b9.png,https://k12static.xdf.cn/k12/image/externalized/aab2d784-1efa-4e26-b10e-74abbbe32d9b.png
3673957277468827648,★★,2,基础题,★★,2,基础题,基础题,否,边界保留,中,送分题 / 基础题,最高难任务需要一次实质应用、转换或基础实验判断，但模型完全显性。 原标注依据：过滤的相关操作判断 现有模型存在相邻档分歧；复核后主标签保留原档，同时记录相邻档为可接受边界。,过滤的相关操作判断,下列有关过滤的说法不正确的是,https://k12static.xdf.cn/k12/image/externalized/ac898251-7911-4f45-9fde-5be70f27b4ac.png,https://k12static.xdf.cn/k12/image/externalized/34f77a7a-5879-400a-a406-8a203cc00ab2.png
3657352097474027520,★★,2,基础题,★★,2,基础题,基础题,否,一致保留,高,基础题,最高难任务需要一次实质应用、转换或基础实验判断，但模型完全显性。 原标注依据：干燥氨气的方法,干燥氨气的方法,下列物质中，可用于干燥$\mathrm{NH}_{3}$的是,https://k12static.xdf.cn/k12/image/externalized/32fbb039-bbae-4a68-ac90-8a1565ab11cd.png,https://k12static.xdf.cn/k12/image/externalized/95285ba7-3d7b-498f-81b2-b2a636b129e8.png
3572035979472908288,★★,2,基础题,★★,2,基础题,基础题,否,一致保留,高,基础题,最高难任务需要一次实质应用、转换或基础实验判断，但模型完全显性。 原标注依据：还原性物质判断,还原性物质判断,"焊接铁轨的原理为：2Al+Fe2O3$\frac{\underline{\;高温\;}}{\;}$Al2O3+2Fe,该反应中表现出还原性的物质是（ ）",https://k12static.xdf.cn/k12/image/externalized/09ab29e5-dac5-4dbe-99eb-30afac12191c.png,https://k12static.xdf.cn/k12/image/externalized/93baa3f3-8980-4857-a373-efa4d718db98.png
3654286425494495232,★★,2,基础题,★★,2,基础题,基础题,否,边界保留,中,送分题 / 基础题,最高难任务需要一次实质应用、转换或基础实验判断，但模型完全显性。 原标注依据：质量守恒定律的理解-变和不变 现有模型存在相邻档分歧；复核后主标签保留原档，同时记录相邻档为可接受边界。,质量守恒定律的理解-变和不变,根据质量守恒定律分析化学反应，反应前后一定发生改变的是,https://k12static.xdf.cn/k12/image/externalized/c6624bf0-a961-4ed3-a62b-fe3bad6b536d.png,https://k12static.xdf.cn/k12/image/externalized/b267a580-9785-48cb-a2cf-a56333872c29.png
3669565683739484160,★★,2,基础题,★★,2,基础题,基础题,否,一致保留,高,基础题,最高难任务需要一次实质应用、转换或基础实验判断，但模型完全显性。 原标注依据：质量守恒定律的适用范围,质量守恒定律的适用范围,下列现象能用质量守恒定律解释的是,https://k12static.xdf.cn/k12/image/externalized/e298db1f-f243-4273-8581-9cac69331820.png,https://k12static.xdf.cn/k12/image/externalized/7a253ca2-325c-45c3-be8b-6bac8915ec76.png
3674001985571426304,★★,2,基础题,★★,2,基础题,基础题,否,一致保留,高,基础题,最高难任务需要一次实质应用、转换或基础实验判断，但模型完全显性。 原标注依据：根据质量守恒定律计算物质的质量,根据质量守恒定律计算物质的质量,"已知$16\,\mathrm{g}\,\mathrm{A}$与一定量$\mathrm{B}$恰好完全反应，生成$44\,\mathrm{g}\,\mathrm{C}$和$36\,\mathrm{g}\,\mathrm{D}$，则参加反应的$\mathrm{A}$与$\mathrm{B}$的质量比是",https://k12static.xdf.cn/k12/image/externalized/bdcc9893-3700-45e2-aa94-afc16616b505.png,https://k12static.xdf.cn/k12/image/externalized/13ca1151-aedc-4ce6-8391-6bd3bff51172.png
3446928378292187136,★★,2,基础题,★★,2,基础题,基础题,否,边界保留,中,基础题 / 中等题,最高难任务需要一次实质应用、转换或基础实验判断，但模型完全显性。 原标注依据：化学方程式正误判断 现有模型存在相邻档分歧；复核后主标签保留原档，同时记录相邻档为可接受边界。,化学方程式正误判断,下列化学方程式书写正确的是（ ）,https://k12static.xdf.cn/k12/image/externalized/cb72a40c-b236-49c3-a180-8d54f72103a6.png,https://k12static.xdf.cn/k12/image/externalized/c5ea41bf-3353-4a70-ba7f-f02a48b1b551.png
3677793585860255744,★★,2,基础题,★★,2,基础题,基础题,否,一致保留,高,基础题,最高难任务需要一次实质应用、转换或基础实验判断，但模型完全显性。 原标注依据：分子的特性与生活实例判断,分子的特性与生活实例判断,用分子的观点解释下列事实，错误的是,https://k12static.xdf.cn/k12/image/externalized/1fc18c69-6ddc-4632-aefd-d24eb51029ca.png,https://k12static.xdf.cn/k12/image/externalized/2921d9ee-5f4f-4ad9-80c3-031e2b837062.png
3654316756118904832,★,1,送分题,★,1,送分题,基础题,是,明确改标,高,送分题,最高难任务只需识别一个熟悉教材模板，同类选项不形成新的化学决策，没有实质转换、连续推理、实验分析或计算，校准为送分题。,常见物质的构成判断,宏观物质由微观粒子构成，分子、原子、离子是三类基础构成粒子：,https://k12static.xdf.cn/k12/image/externalized/cb3a5197-9866-40b1-b1cd-4e84c2692603.png,https://k12static.xdf.cn/k12/image/externalized/f088f0ca-6a69-4481-a4f6-ac8535e3a1dd.png
2783507768691195904,★★,2,基础题,★★,2,基础题,基础题,否,一致保留,高,基础题,最高难任务需要一次实质应用、转换或基础实验判断，但模型完全显性。 原标注依据：原子论的发展相关判断,原子论的发展相关判断,人类认识原子不同阶段的模型示意图如下，其中卢瑟福的著名的“α粒子轰击金箔”实验起到了关键作用。他们用一束带正电的、质量比电子大得多的高速运动的 α粒子轰击金箔时，发现：大多数α粒子能穿透金箔而不改变原来的运动方向，一小部分α粒子改变了原来的运动方向，有极少数α粒子被弹了回来。结合你所学的知识判断下列有关说法错误的是,https://k12static.xdf.cn/k12/image/externalized/3d1780be-9e16-4be7-aae6-d08d437888c3.png,https://k12static.xdf.cn/k12/image/externalized/c4dadfb9-fa56-4fd3-a293-86441cae2348.png
3444602278499655680,★★,2,基础题,★★,2,基础题,基础题,否,一致保留,高,基础题,最高难任务需要一次实质应用、转换或基础实验判断，但模型完全显性。 原标注依据：离子结构示意图判断,离子结构示意图判断,下列粒子结构示意图中，表示阳离子的是（ ）,https://k12static.xdf.cn/k12/image/externalized/65e21b17-33ee-4d13-96be-b31aa28887a4.png,https://k12static.xdf.cn/k12/image/externalized/54529669-99a9-46d6-9da2-02178cd9c00b.png
3673957124007632896,★,1,送分题,★,1,送分题,基础题,是,明确改标,高,送分题,最高难任务只需识别一个熟悉教材模板，同类选项不形成新的化学决策，没有实质转换、连续推理、实验分析或计算，校准为送分题。,物质与元素的关系,“日啖荔枝三百颗，不辞长作岭南人。”荔枝香甜多汁，且富含钙、磷、锌等。这里的“钙、磷、锌”指的是,https://k12static.xdf.cn/k12/image/externalized/9878884c-a584-432e-ac5c-a8cc9cc82e5e.png,https://k12static.xdf.cn/k12/image/externalized/5f204da3-6fea-402c-9948-3ddda956a8cf.png
3651414134277033984,★★,2,基础题,★★,2,基础题,基础题,否,一致保留,高,基础题,最高难任务需要一次实质应用、转换或基础实验判断，但模型完全显性。 原标注依据：相对原子质量的计算-公式计算,相对原子质量的计算-公式计算,碳-12原子的质量为$1.993 \times 10^{-26}\rm{kg}$ ，77号铱元素的一种铱原子质量为$3.189 \times 10^{-25}\rm{kg}$ ，该铱原子的相对原子质量是 （ ）,https://k12static.xdf.cn/k12/image/externalized/4ec05e03-bf3b-40d6-b87e-996a90089e85.png,https://k12static.xdf.cn/k12/image/externalized/f428e1fb-f2dd-43c7-9632-d8376cade407.png
3678409813456429056,★★,2,基础题,★★,2,基础题,基础题,否,边界保留,中,送分题 / 基础题,最高难任务需要一次实质应用、转换或基础实验判断，但模型完全显性。 原标注依据：元素符号的意义 现有模型存在相邻档分歧；复核后主标签保留原档，同时记录相邻档为可接受边界。,元素符号的意义,下列符号既能表示一种元素，又能表示一个原子，还能表示一种单质的是,https://k12static.xdf.cn/k12/image/externalized/95ed05b8-9c41-4d4e-9ea6-f3aded0cb658.png,https://k12static.xdf.cn/k12/image/externalized/786da44c-ab36-4598-8513-4c99f4556954.png
3674003756194574336,★★,2,基础题,★★,2,基础题,基础题,否,一致保留,高,基础题,最高难任务需要一次实质应用、转换或基础实验判断，但模型完全显性。 原标注依据：化学式+类别判断,化学式+类别判断,实验室新购进一批化学试剂，小明为它们书写标签并进行分类，下列正确的是选项名称化学式类别A盐酸HCl纯净物B高锰酸钾$\mathrm{K}_{2}\mathrm{MnO}_{4}$化合物C乙醇$\mathrm{C}_{2}\mathrm{H}_{5}\mathrm{OH}$氧化物D铜粉Cu单质,https://k12static.xdf.cn/k12/image/externalized/cfbe36f3-5788-4777-a64a-a1450eba020e.png,https://k12static.xdf.cn/k12/image/externalized/8d7e4d91-47f8-46f7-bba8-48c91da7dc23.png
3672467656091217920,★★,2,基础题,★★,2,基础题,基础题,否,一致保留,高,基础题,最高难任务需要一次实质应用、转换或基础实验判断，但模型完全显性。 原标注依据：空气中氧气含量的判断-定性判断,空气中氧气含量的判断-定性判断,关于测定空气中氧气含量的实验，下列说法正确的是,https://k12static.xdf.cn/k12/image/externalized/422eee7c-cb03-4a6c-8e32-cce196c113af.png,https://k12static.xdf.cn/k12/image/externalized/c56489e0-6042-4f26-ac1c-b2a8b8ae342e.png
3677446659925356544,★,1,送分题,★,1,送分题,基础题,是,明确改标,高,送分题,最高难任务只需识别一个熟悉教材模板，同类选项不形成新的化学决策，没有实质转换、连续推理、实验分析或计算，校准为送分题。,生活中硬水软水的检验方法,家里烧水容易产生水垢，区分生活中硬水、软水最简单的方法是,https://k12static.xdf.cn/k12/image/externalized/0725c42e-ddc4-494c-9278-744bd5067b11.png,https://k12static.xdf.cn/k12/image/externalized/b60b579d-16ce-4dbc-a63f-7c8a7cc10e85.png
2439605578945073152,★★,2,基础题,★★,2,基础题,基础题,否,一致保留,高,基础题,最高难任务需要一次实质应用、转换或基础实验判断，但模型完全显性。 原标注依据：稀有气体用途，需区分氦气与氢气的安全性差异,稀有气体用途，需区分氦气与氢气的安全性差异,下列说法正确的是（ ）,https://k12static.xdf.cn/k12/image/externalized/bd200fec-2623-404b-9e68-c56c46076c58.png,https://k12static.xdf.cn/k12/image/externalized/0e719f6b-8ceb-4c77-a8c4-472854e557b5.png
3083130013130686464,★,1,送分题,★,1,送分题,送分题,否,边界保留,中,送分题 / 基础题,最高难任务属于单一熟悉模板的直接识别，没有第二次化学决策。 原标注依据：稀有气体 现有模型存在相邻档分歧；复核后主标签保留原档，同时记录相邻档为可接受边界。,稀有气体,2025年1月2日，中国首架国产载人飞艇&ldquo;梦翔&rdquo;正式交付。飞艇气囊内填充的气体是,https://k12static.xdf.cn/k12/image/externalized/96927360-05d0-4b04-882b-eed8ef5df6fa.png,https://k12static.xdf.cn/k12/image/externalized/8b302cc6-6173-4842-92d9-eb8b09ebb753.png
2942737603506753536,★★★,3,中等题,★★★,3,中等题,拔高题,是,明确改标,高,中等题,任务虽然有多个知识点或较长情境，但最高难链仍属于显性的常规2—3层分析；没有决定性隐含转换、复杂方案设计、多约束筛选或高密度综合链，校准为中等题。,多知识点含流程图+可循环利用+简单计算，篇幅大,（1）按要求从氮气、一氧化碳、稀硫酸、氢氧化镁、碳酸钠溶液中请选择适当的物质用其化学式或溶质的化学式填空。 ①空气中最多的气体单质 ________ 。 ②难溶于水的碱 ________ 。 ③一种无色有毒的氧化物 ________ 。 ④能除去铁制品表面铁锈的酸 ________ 。 （2）我国力争在2060年前实现“碳中和”。实现“碳中和”通常可采取如下措施： ①碳减排：使用氢能源汽车可以有效减少二氧化碳的排放。单质硼（B）可与物…,https://k12static.xdf.cn/k12/image/externalized/358f2a9c-ebf3-4199-938a-a9655cff540d.png,https://k12static.xdf.cn/k12/image/externalized/9597f00c-f4d0-4e4a-9d94-c75b450d788d.png
2624080326068297728,★★★★,4,拔高题,★★★★,4,拔高题,拔高题,否,一致保留,高,拔高题,题目存在决定性转换、方案评价、多约束或高密度综合链。 原标注依据：双金属+双盐溶液+质量分析滤液滤渣问题,双金属+双盐溶液+质量分析滤液滤渣问题,"向AgNO3和A1（NO3）3的混合溶液中加入ag铁粉和锌粉的混合物，充分反应后过滤，得到溶液和固体。 （1）请写出一个反应后溶液颜色发生变化的化学方程式 ________ 。 （2）向所得固体中滴加稀盐酸，若有气泡产生，请分析所得溶液中溶质的成分 ________ 。 （3）反应后所得固体的质量大于αg,其原因是什么？ ________ 。",https://k12static.xdf.cn/k12/image/externalized/17676e29-32bc-40be-9172-04ba204b9ea5.png,https://k12static.xdf.cn/k12/image/externalized/12555b4b-a85a-4603-bd71-d1c8e9d634d5.png
2777995377479847936,★,1,送分题,★,1,送分题,送分题,否,一致保留,高,送分题,最高难任务属于单一熟悉模板的直接识别，没有第二次化学决策。 原标注依据：化学用语简单应用,化学用语简单应用,请用化学用语填空：,https://k12static.xdf.cn/k12/image/externalized/be32c212-2e07-458f-9a6f-3bab82034a73.png,https://k12static.xdf.cn/k12/image/externalized/bb063e2e-bf9f-4e3e-b0e7-be3379bb63a3.png
3066423941995540480,★★★★,4,拔高题,★★★★,4,拔高题,中等题,是,明确改标,高,拔高题,题目包含决定性转换或高密度综合链，需要图像反推、竞争解释排除、方案评价、多步守恒/差量，或多个高阶任务共同作用，校准为拔高题。,需判断各选项现象与图像准确性,下列四幅图分别对应四个选项，其中正确的是（ ）,https://k12static.xdf.cn/k12/image/externalized/fd26ac90-65c2-4de0-978f-b5e052bceb65.png,https://k12static.xdf.cn/k12/image/externalized/ea0cba7c-629e-44b9-91a3-98282c34945b.png
2981747253372628992,★★,2,基础题,★★,2,基础题,基础题,否,一致保留,高,基础题,最高难任务需要一次实质应用、转换或基础实验判断，但模型完全显性。 原标注依据：物理/化学变化+碳单质性质，阅读材料提取信息,物理/化学变化+碳单质性质，阅读材料提取信息,地球表面约71%被水覆盖，淡水仅占总水量的2.5%，其余是海水或咸水。海水淡化是解决人类淡水资源短缺的有效措施，全球海水淡化水用途如图1所示。 海水淡化技术主要有热分离法和膜分离法。热分离法利用热发和冷凝，将水与非挥发性物质分离，但是能耗大，成本高，膜分离法利用薄膜的选择透过性实现海水淡化，有科学家提出，给石墨烯“打上”许多特定大小的孔，制成单层纳米孔二维薄膜，可进行海水淡化。石墨烯海水淡化膜工作原理如图2所示。 依据上文，回答下列问…,https://k12static.xdf.cn/k12/image/externalized/b69c85df-831b-46d6-95c0-7bba9cae141c.png,https://k12static.xdf.cn/k12/image/externalized/abd74b89-243a-4576-9739-7ad3de502401.png
2851542599369781248,★★,2,基础题,★★,2,基础题,基础题,否,边界保留,中,送分题 / 基础题,最高难任务需要一次实质应用、转换或基础实验判断，但模型完全显性。 原标注依据：物理/化学变化微观解释 现有模型存在相邻档分歧；复核后主标签保留原档，同时记录相邻档为可接受边界。,物理/化学变化微观解释,对下列事实的微观解释正确的是（ ） 选项 事实 解释 A 水结冰后体积变大 水分子自身的体积变大 B 液氧是淡蓝色的 此时的氧分子是淡蓝色的 C 有机物的种类繁多 原子的核外电子排布方式不同 D 酒精的水溶液不导电 溶液中不存在自由移动的离子,https://k12static.xdf.cn/k12/image/externalized/83210754-7406-4d96-b335-2f7b05ca97f2.png,https://k12static.xdf.cn/k12/image/externalized/da9ea483-58ff-4b9b-9523-b3bb752587b9.png
2981768897492766720,★★★,3,中等题,★★★,3,中等题,基础题,是,明确改标,高,中等题,整题包含多个非重复应用任务，或多问共享同一实验、装置或过程模型；需要在方程式、现象解释、装置判断、实验操作或计算规则之间切换，已超过一步基础应用，校准为中等题。,元素质量计算+离子符号+生石灰性质，含阅读材料，1-2步简单应用,阅读材料，回答问题。 南水北调工程 南水北调工程是我国的一项战略性工程。它分为东、中、西三条线路，通过引水、调水、储水等方式将长江等水源送往北方。截至2023年5月，工程累计调水量超过620亿m3，惠及沿线280多个县市区，直接受益人口超过1.5亿，有效地改善了生态结构。 南水北调工程对水源地水质要求较高，其中一种做法是在水源中加入适量的生石灰，以配置优良水质，改善水的硬度。输水工程沿线有严格的要求，不可随意取水用水，为安全起见，沿途…,https://k12static.xdf.cn/k12/image/externalized/7c256145-0361-4236-9899-a95fd446d7ce.png,https://k12static.xdf.cn/k12/image/externalized/b75a1eb7-6e05-4dd0-b0c6-5ec1fac14b18.png
2141526181261684736,★★,2,基础题,★★,2,基础题,基础题,否,一致保留,高,基础题,最高难任务需要一次实质应用、转换或基础实验判断，但模型完全显性。 原标注依据：燃烧现象+反应类型简单应用,燃烧现象+反应类型简单应用,根据如图实验回答问题：,https://k12static.xdf.cn/k12/image/externalized/cc230832-2022-49a3-a0a1-c0154c23e3c0.png,https://k12static.xdf.cn/k12/image/externalized/def10000-9162-4371-a183-b2056e23e30d.png
3064459346489126912,★★★,3,中等题,★★★,3,中等题,中等题,否,边界保留,中,基础题 / 中等题,最高难任务形成常规多步分析，或整题具有受控的非重复规则广度。 原标注依据：过氧化氢制氧+碳燃烧简单应用，含创新实验装置 现有模型存在相邻档分歧；复核后主标签保留原档，同时记录相邻档为可接受边界。,过氧化氢制氧+碳燃烧简单应用，含创新实验装置,化学小组的同学利用W形玻璃管设计了如图所示的实验装置并进行微型实验。,https://k12static.xdf.cn/k12/image/externalized/c29af915-a254-453f-8a54-ef87b13d199a.png,https://k12static.xdf.cn/k12/image/externalized/009eb3a8-fb4b-4ce2-ba83-b12ca0bc78c6.png
2141526192988958720,★★,2,基础题,★★,2,基础题,基础题,否,一致保留,高,基础题,最高难任务需要一次实质应用、转换或基础实验判断，但模型完全显性。 原标注依据：煤和空气制尿素简单工业流程,煤和空气制尿素简单工业流程,如图是工业上以煤和空气为原料生产尿素[$\ce{CO(NH2)2}$]的一种流程：,https://k12static.xdf.cn/k12/image/externalized/21032084-8380-48e6-8730-8d2ef4031d29.png,https://k12static.xdf.cn/k12/image/externalized/a1ffe813-585e-4cd4-98a9-b84f2daaa231.png
2265700289436217344,★★,2,基础题,★★,2,基础题,基础题,否,一致保留,高,基础题,最高难任务需要一次实质应用、转换或基础实验判断，但模型完全显性。 原标注依据：水的净化/硬水软化，含装置图,水的净化/硬水软化，含装置图,水是生命之源。 （1）①如图是一个自制简易净水器。A、B 两层需要放置细沙或活性炭，根据净化材料特性，A 层放置的材料最好是 ________ （填“细沙”或“活性炭”）。 ②若水样为硬水，将其转化为软水最常用的方法是 ________ 。 ③该装置净水过程未涉及的净水方法是 ________ （填标号）。 A．吸附 B．蒸馏 C．过滤 （2）自然界的水中溶有一定量的 Ca（HCO3）2，它们在受热时生成 CaCO3、CO2和另一种氧…,https://k12static.xdf.cn/k12/image/externalized/5ec0e1e9-fb48-4cfb-9802-d2ef48d02ce7.png,https://k12static.xdf.cn/k12/image/externalized/a9b1bee6-2a61-4382-895b-35e0060cee33.png
2770040386336952320,★★,2,基础题,★★,2,基础题,基础题,否,边界保留,中,送分题 / 基础题,最高难任务需要一次实质应用、转换或基础实验判断，但模型完全显性。 原标注依据：碳达峰碳中和/化石燃料/氢能，简单填空 现有模型存在相邻档分歧；复核后主标签保留原档，同时记录相邻档为可接受边界。,碳达峰碳中和/化石燃料/氢能，简单填空,为实现我国“2060”碳达峰碳中和的目标，推动能源节约增效至关重要。这里的“碳”指的是 ，现阶段的能源结构仍以化石燃料为主，化石燃料包括煤、石油和 ，开发使用氢能源代替化石能源，能有效降低碳排放，氢气作为燃料的一条突出优点是 。,https://k12static.xdf.cn/k12/image/externalized/1ca9543f-c462-42ed-9258-d0e58115323b.png,https://k12static.xdf.cn/k12/image/externalized/b8f653b7-77cb-4861-9bf2-3c2ca01600be.png
2770043136446586880,★★,2,基础题,★★,2,基础题,基础题,否,一致保留,高,基础题,最高难任务需要一次实质应用、转换或基础实验判断，但模型完全显性。 原标注依据：铝氧化膜/分子间隔,铝氧化膜/分子间隔,化学与人类生活密不可分，请解释下列问题。 （1）铝的化学性质活泼，为什么通常铝制品却有很好的抗腐蚀性能？ （2）从分子角度解释：炎热的夏天，自行车胎充足气后，在阳光下暴晒容易爆胎。,https://k12static.xdf.cn/k12/image/externalized/bf56e97a-4ca9-4e17-8ded-ecb9c25a18da.png,https://k12static.xdf.cn/k12/image/externalized/c12042f6-5f75-47ad-b5ce-6ad770a5fa1b.png
2770045729006182400,★★★,3,中等题,★★★,3,中等题,中等题,否,边界保留,中,基础题 / 中等题,最高难任务形成常规多步分析，或整题具有受控的非重复规则广度。 原标注依据：气体制取装置，制氧方程式+装置优缺点比较 现有模型存在相邻档分歧；复核后主标签保留原档，同时记录相邻档为可接受边界。,气体制取装置，制氧方程式+装置优缺点比较,实验室制取气体的常用装置如图所示。 （1）写出一个用A装置制取O2的化学方程式 ________ 。 （2）用B装置制取气体时，长颈漏斗下口要伸到液面以下的原因是什么？ ________ （3）B和C装置均可制取CO2，与B相比较，C的主要优点是什么？ ________,https://k12static.xdf.cn/k12/image/externalized/87ff3571-e04f-441e-9d5c-e7f77949f9ef.png,https://k12static.xdf.cn/k12/image/externalized/41220569-6b3f-4c9b-9fbd-36f7494eb766.png
2770040884702502912,★★★,3,中等题,★★★,3,中等题,中等题,否,一致保留,高,中等题,最高难任务形成常规多步分析，或整题具有受控的非重复规则广度。 原标注依据：CO2制取和性质，纸花变色+蜡烛熄灭,CO2制取和性质，纸花变色+蜡烛熄灭,如图是与CO2有关的实验探究。 （1）实验室制取CO2的化学方程式为 ________ 。 （2）实验中观察到A处纸花不变色，B处纸花变红，该实验说明了 ________ 。 （3）实验中观察到烧杯中蜡烛由低到高依次熄灭，说明CO2具有的性质是 ________ 。,https://k12static.xdf.cn/k12/image/externalized/d679ffbc-3cbb-4840-a2ff-88029d5e7adc.png,https://k12static.xdf.cn/k12/image/externalized/0af53cb1-4e84-4493-9947-b159df612fc8.png
2770043486882512896,★★★,3,中等题,★★★,3,中等题,基础题,是,明确改标,高,中等题,整题包含多个非重复应用任务，或多问共享同一实验、装置或过程模型；需要在方程式、现象解释、装置判断、实验操作或计算规则之间切换，已超过一步基础应用，校准为中等题。,燃烧条件，氮气/氧气对比实验,某同学利用如图装置探究燃烧的条件。 操作如下： a.先将玻璃管内充满氮气，再点燃酒精灯加热红磷的位置，一段时间后，红磷不燃烧。 b.将过氧化氢溶液滴入盛有二氧化锰的凹槽内，一段时间后，红磷燃烧。 （1）写出滴加过氧化氢溶液时发生反应的化学方程式 ________ 。 （2）该实验说明可燃物燃烧需要的条件是什么？ ________,https://k12static.xdf.cn/k12/image/externalized/ca2afdeb-7cf8-49d0-a96f-c485c517c6dc.png,https://k12static.xdf.cn/k12/image/externalized/c2a2728f-97c3-4fbd-93a0-590c368d45e3.png
2811488771870674944,★★,2,基础题,★★,2,基础题,基础题,否,边界保留,中,送分题 / 基础题,最高难任务需要一次实质应用、转换或基础实验判断，但模型完全显性。 原标注依据：需判断转化是否可行 现有模型存在相邻档分歧；复核后主标签保留原档，同时记录相邻档为可接受边界。,需判断转化是否可行,下列物质的转化在给定条件下能实现的是（ ）,https://k12static.xdf.cn/k12/image/externalized/67da75a6-b12f-46a6-b720-a9be6bed7db8.png,https://k12static.xdf.cn/k12/image/externalized/77500e83-24e0-4a75-87c5-df86f21d9e48.png
2748975168742600704,★★,2,基础题,★★,2,基础题,基础题,否,边界保留,中,送分题 / 基础题,最高难任务需要一次实质应用、转换或基础实验判断，但模型完全显性。 原标注依据：CO还原CuO实验操作先后顺序 现有模型存在相邻档分歧；复核后主标签保留原档，同时记录相邻档为可接受边界。,CO还原CuO实验操作先后顺序,还原性：CO具有还原性，能夺取一些金属氧化物中的氧，使金属氧化物还原为金属。一氧化碳还原氧化铜实验装置：实验步骤：实验现象：实验注意事项：,https://k12static.xdf.cn/k12/image/externalized/5dfc9ecb-fc9c-4020-96bf-30e1cf8117b6.png,https://k12static.xdf.cn/k12/image/externalized/ccf148a2-19ce-45f3-965b-f97b1488d1b2.png
2352881663246381056,★★★,3,中等题,★★★,3,中等题,基础题,是,明确改标,高,中等题,整题包含多个非重复应用任务，或多问共享同一实验、装置或过程模型；需要在方程式、现象解释、装置判断、实验操作或计算规则之间切换，已超过一步基础应用，校准为中等题。,CO2制取装置选择与验满,实验室制取气体的部分装置如图所示，请回答下列问题。 （1）写出仪器a的名称 ________ 。 （2）实验室用A装置制取氧气，反应的化学方程式为 ________ 。 （3）实验室用石灰石和稀盐酸制取二氧化碳，反应的化学方程式为 ________ ，若要控制反应的发生和停止，应选用发生装置 ________ （填字母），用E收集二氧化碳后，验满的方法是 ________ 。 （4）实验室用锌粒和稀硫酸制取氢气，反应的化学方程式为 _…,https://k12static.xdf.cn/k12/image/externalized/4756c90d-a446-4e4a-9af2-818a499551da.png,https://k12static.xdf.cn/k12/image/externalized/30db0925-5f72-438a-8be5-84e0d5baf7d3.png
2606643350357172224,★★,2,基础题,★★,2,基础题,基础题,否,边界保留,中,送分题 / 基础题,最高难任务需要一次实质应用、转换或基础实验判断，但模型完全显性。 原标注依据：物理/化学变化与性质区分，含少量干扰 现有模型存在相邻档分歧；复核后主标签保留原档，同时记录相邻档为可接受边界。,物理/化学变化与性质区分，含少量干扰,将下列序号填在合适的地方：①石蜡熔化 ②水是无色液体 ③酒精易燃烧 ④汽油挥发 ⑤食盐能溶解在水中 ⑥铁生锈，请根据以上叙述回答下列问题，将标号填写在空白处： （1）属于物理性质的是 ________ ；（2）属于化学性质的是 ________ ； （3）属于物理变化的是 ________ ；（4）属于化学变化的是 ________ ．,https://k12static.xdf.cn/k12/image/externalized/514d13f8-7664-458f-bb4e-67ea24c89e2b.png,https://k12static.xdf.cn/k12/image/externalized/edbc111b-d51c-4008-9773-32779cac9542.png
2842774740894482432,★★★,3,中等题,★★★,3,中等题,基础题,是,明确改标,高,中等题,整题包含多个非重复应用任务，或多问共享同一实验、装置或过程模型；需要在方程式、现象解释、装置判断、实验操作或计算规则之间切换，已超过一步基础应用，校准为中等题。,铁与盐/生锈/除锈,初中化学实验中，铁钉多次亮相。如图展示了光亮铁钉的一系列变化。 （1）①中发生反应的化学方程式可以是 ________ 。 （2）②中，铁钉主要与空气中的 ________ 发生反应。 （3）③中除去铁锈的化学方程式为 ________ 。 （4）如果用a、b、c分别代表光亮的铁钉、锈蚀铁钉、无锈铁钉，则它们的质量由大到小的顺序为 ________ 。（用字母表示）,https://k12static.xdf.cn/k12/image/externalized/396a2cdc-f8cc-4c8c-a18b-c3770b0a75ac.png,https://k12static.xdf.cn/k12/image/externalized/308ef1d9-fa1b-474d-a147-428c1e2d34d3.png
3477793536974045184,★★,2,基础题,★★,2,基础题,基础题,否,边界保留,中,基础题 / 中等题,最高难任务需要一次实质应用、转换或基础实验判断，但模型完全显性。 原标注依据：微观示意图分析分子/原子/物理化学变化 现有模型存在相邻档分歧；复核后主标签保留原档，同时记录相邻档为可接受边界。,微观示意图分析分子/原子/物理化学变化,根据下图的物质变化微观示意图，请回答下列问题。,https://k12static.xdf.cn/k12/image/externalized/29dcbbdb-30a0-465c-99f0-5c1a1093e1d9.png,https://k12static.xdf.cn/k12/image/externalized/8782369d-6b56-43d0-898c-138467805a22.png
3288987267384766464,★★★,3,中等题,★★★,3,中等题,基础题,是,明确改标,高,中等题,整题包含多个非重复应用任务，或多问共享同一实验、装置或过程模型；需要在方程式、现象解释、装置判断、实验操作或计算规则之间切换，已超过一步基础应用，校准为中等题。,物质组成关系/微观反应,“宏观—微观—符号”三重表征是化学上认识物质及其变化特有的思维方式，请根据图示回答问题。 （1）图1为物质的组成及构成关系，图中②表示的是 。 （2）图2为密闭容器中物质变化过程的微观示意图，图中“”代表碳原子，“”代表氧原子，过程Ⅰ反应的基本类型是 ，该变化中的最小粒子是 （用化学符号表示）。过程Ⅱ变化的微观本质是 。,https://k12static.xdf.cn/k12/image/externalized/d38f19d6-f67c-48d7-9d5c-0d9b671de021.png,https://k12static.xdf.cn/k12/image/externalized/32b10ae6-5617-4f4c-a3c8-dee334c3a250.png
3210662166383857664,★★,2,基础题,★★,2,基础题,基础题,否,一致保留,高,基础题,最高难任务需要一次实质应用、转换或基础实验判断，但模型完全显性。 原标注依据：纯净物/混合物分类+简单反应,纯净物/混合物分类+简单反应,现有下列六种物质： ①冰水混合物②空气③液氧④水银⑤澄清石灰水⑥二氧化碳 （1）写出③和④反应的文字表达式 。 （2）含有氧气的有 （填写序号）。 （3）属于纯净物的有 （填写序号）。,https://k12static.xdf.cn/k12/image/externalized/496f5f25-a37e-431f-8174-d248b1e988fe.png,https://k12static.xdf.cn/k12/image/externalized/96b16762-7f01-4bd7-8f2a-c5315c1c5161.png
3157307865813495808,★★,2,基础题,★★,2,基础题,基础题,否,一致保留,高,基础题,最高难任务需要一次实质应用、转换或基础实验判断，但模型完全显性。 原标注依据：纯净物/混合物/氧化物/单质分类，含多个物质需逐一判断,纯净物/混合物/氧化物/单质分类，含多个物质需逐一判断,有下列物质：①洁净的空气，②水蒸气，③可乐，④氧气，⑤稀有气体，⑥五氧化二磷，⑦呼出的气体，⑧液氧，⑨氮气，⑩二氧化碳。,https://k12static.xdf.cn/k12/image/externalized/25983aa7-9e02-4b61-881c-a02f95ea2f20.png,https://k12static.xdf.cn/k12/image/externalized/47e04f9d-fdac-4184-8ea5-aeac4dceb5d1.png
3135993510787076096,★,1,送分题,★,1,送分题,基础题,是,明确改标,高,送分题,最高难任务只需识别一个熟悉教材模板，同类选项不形成新的化学决策，没有实质转换、连续推理、实验分析或计算，校准为送分题。,纯净物/混合物分类，各种日常物质需逐一判断,请把下列物质按要求分类：①糖水 ②冰水混合物 ③洁净的空气 ④过氧化氢溶液 ⑤液氧 ⑥矿泉水 ⑦氦气其中属于混合物的是 ； 属于纯净物的是 。（请填序号）,https://k12static.xdf.cn/k12/image/externalized/7e2b7ffe-3df1-4c61-bacb-915704a640bb.png,https://k12static.xdf.cn/k12/image/externalized/b1a0c170-5d44-45ef-a93f-39a6e93b98e1.png
3132463057633091584,★★,2,基础题,★★,2,基础题,基础题,否,一致保留,高,基础题,最高难任务需要一次实质应用、转换或基础实验判断，但模型完全显性。 原标注依据：制氧装置和收集方法,制氧装置和收集方法,根据下列装置回答问题。,https://k12static.xdf.cn/k12/image/externalized/b7cce9e4-3fec-4c32-a1d9-7e7c81e3c35b.png,https://k12static.xdf.cn/k12/image/externalized/be74f8bc-93ff-4281-b269-8a37ca8bc1df.png
3118781479932170240,★★★,3,中等题,★★★,3,中等题,基础题,是,明确改标,高,中等题,整题包含多个非重复应用任务，或多问共享同一实验、装置或过程模型；需要在方程式、现象解释、装置判断、实验操作或计算规则之间切换，已超过一步基础应用，校准为中等题。,粉尘爆炸实验原理,下图是化学探究小组模拟可燃粉尘爆炸的一个化学实验，操作如下：在无盖小罐里放入干燥的面粉，点燃蜡烛，用塑料盖盖住金属筒，迅速鼓入大量空气，不久，便会听到“砰”的一声，爆炸的气浪将金属筒上的塑料盖掀起。则回答下列问题： （1）在上述实验中，鼓入空气的作用是 。（2）该实验中的面粉属于燃烧条件中的 。实验中发生爆炸，除具备了燃烧的三个条件外，还因为燃烧是发生在 。（3）下列情况下，会发生爆炸的是 (填序号) A．金属筒不加盖时 B．蜡烛没有…,https://k12static.xdf.cn/k12/image/externalized/cf9ed852-433a-476c-af2b-a0a1252e60df.png,https://k12static.xdf.cn/k12/image/externalized/1e6b9690-c325-42da-be0c-ba6dca861127.png
3090958584995446784,★★,2,基础题,★★,2,基础题,基础题,否,边界保留,中,送分题 / 基础题,最高难任务需要一次实质应用、转换或基础实验判断，但模型完全显性。 原标注依据：分子性质解释现象 现有模型存在相邻档分歧；复核后主标签保留原档，同时记录相邻档为可接受边界。,分子性质解释现象,从分子的角度分析并解释下列宏观现象：,https://k12static.xdf.cn/k12/image/externalized/1183a351-590b-4add-b5e6-ae360b46b58e.png,https://k12static.xdf.cn/k12/image/externalized/47f680a4-aaf9-4dc7-b27f-ef2e88488c76.png
3068617509970227200,★★★,3,中等题,★★★,3,中等题,基础题,是,明确改标,高,中等题,整题包含多个非重复应用任务，或多问共享同一实验、装置或过程模型；需要在方程式、现象解释、装置判断、实验操作或计算规则之间切换，已超过一步基础应用，校准为中等题。,水的净化+电解水,有了水，才有了地球上的万物生灵。上善若水，水利万物。“追梦”小组同学以“探秘水世界”为主题进行如下探究，请回答下列问题。 任务一：自制净水器 该小组同学设计自制净水器装置如图所示。 （1）小卵石和石英砂的主要作用是除去 ________ （选填“可溶性”或“难溶性”）杂质。活性炭的作用是 ________ 。 任务二：探究水的组成 【宏观辨识】根据实验探究水的组成 （2）水的分解：电解水一段时间后（装置如图），b管产生的气体为 ___…,https://k12static.xdf.cn/k12/image/externalized/760cb138-0d4c-4935-b580-9cc20e8815fc.png,https://k12static.xdf.cn/k12/image/externalized/59fe78b5-2624-47a0-bba6-3eaa334f77ef.png
2927986802667401216,★★,2,基础题,★★,2,基础题,基础题,否,边界保留,中,基础题 / 中等题,最高难任务需要一次实质应用、转换或基础实验判断，但模型完全显性。 原标注依据：化学式/化合价/元素质量分数 现有模型存在相邻档分歧；复核后主标签保留原档，同时记录相邻档为可接受边界。,化学式/化合价/元素质量分数,（1）按要求从氢气、氯化钾、氧化钙、盐酸中选取合适的物质，将其化学式填写在下列横线上。 ①一种可燃性气体 。 ②一种可溶性的盐 。 ③一种金属氧化物 。 ④一种易挥发的酸 。 （2）化学与生活、社会发展息息相关。 ①在每一餐中，我们都需要摄取足够的蛋白质、碳水化合物、脂肪和各种维生素。如玉米、胡萝卜中的叶黄素（化学式为C40H56O2），有助于维护视力持久度，减少视觉伤害。叶黄素属于 （填“有机物”“氧化物”之一），在叶黄素分子中，氧…,https://k12static.xdf.cn/k12/image/externalized/b5bf73d2-5599-427f-b507-163471ae20b1.png,https://k12static.xdf.cn/k12/image/externalized/2c11fc31-a2be-4afe-9294-0d3e35b47786.png
2853000570682052608,★★★,3,中等题,★★★,3,中等题,基础题,是,明确改标,高,中等题,整题包含多个非重复应用任务，或多问共享同一实验、装置或过程模型；需要在方程式、现象解释、装置判断、实验操作或计算规则之间切换，已超过一步基础应用，校准为中等题。,配制溶液计算+操作误差,"溶液对于生命活动具有重要意义。农业上可用16%的氯化钠溶液选种，如图是某小组同学在实验室合作配制100克溶质质量分数为16%的氯化钠溶液的过程。请回答下列问题： （1）配制该溶液需要氯化钠固体 ________ g,量筒应该 ________ （选填“50mL”或“100mL”）。某同学量水时进行图①的实验操作，所配溶液的溶质质量分数会 ________ （选填“偏大”或“偏小”）。 （2）配制过程的先后顺序是 ________ （填…",https://k12static.xdf.cn/k12/image/externalized/13201bed-f0d9-45ce-8ed2-4d80aafad0c3.png,https://k12static.xdf.cn/k12/image/externalized/4f0ccce2-9d01-4e7b-b0cd-71d9feb61a8f.png
2803794006878756864,★★★,3,中等题,★★★,3,中等题,基础题,是,明确改标,高,中等题,整题包含多个非重复应用任务，或多问共享同一实验、装置或过程模型；需要在方程式、现象解释、装置判断、实验操作或计算规则之间切换，已超过一步基础应用，校准为中等题。,燃烧条件，三个对比实验各对应一个条件,火的利用推动了人类文明的进程，观察图： 选择序号回答（1）～（3）：①与氧气接触②温度达到着火点③有可燃物 （1）图一所示实验现象，说明燃烧应具备的条件是 ； （2）图二烧杯中蜡烛渐渐熄灭，说明燃烧应具备的条件是 ； （3）图三铜片上白磷燃烧红磷不燃烧，说明燃烧应具备的条件是 ； （4）图四实验中所用药品的保存方法正确的是 （选填图四中的字母编号）。,https://k12static.xdf.cn/k12/image/externalized/d4007b87-5596-4834-97d6-2f4b55595602.png,https://k12static.xdf.cn/k12/image/externalized/1c1e0a89-c114-43b7-87c1-fe52e94b3d5b.png
2797782668358451200,★★★,3,中等题,★★★,3,中等题,中等题,否,一致保留,高,中等题,最高难任务形成常规多步分析，或整题具有受控的非重复规则广度。 原标注依据：体积分数计算，含排水法体积分数，1-2步计算,体积分数计算，含排水法体积分数，1-2步计算,成年人的肺活量一般是2500~4000mL。,https://k12static.xdf.cn/k12/image/externalized/ba223a08-10dd-4e72-9b78-04b3b71c52e9.png,https://k12static.xdf.cn/k12/image/externalized/574f364b-1bfd-4edb-a4e2-73aaa555db21.png
2793685924102037504,★★,2,基础题,★★,2,基础题,基础题,否,一致保留,高,基础题,最高难任务需要一次实质应用、转换或基础实验判断，但模型完全显性。 原标注依据：CO2制取装置和验满，,CO2制取装置和验满，,具备基本的化学实验技能是学习化学和进行探究活动的基础和保证。请根据图示回答问题： （1）写出图中标号仪器名称：① ________ 。 （2）实验室制取二氧化碳可选用的发生装置是 ________ ，用D装置收集二氧化碳验满的方法是 ________ 。,https://k12static.xdf.cn/k12/image/externalized/9d22d973-d1a2-44a0-bdc6-85c5952daed0.png,https://k12static.xdf.cn/k12/image/externalized/2562c322-653b-47e5-b241-a834de09ae80.png
2785246280704397312,★★,2,基础题,★★,2,基础题,基础题,否,一致保留,高,基础题,最高难任务需要一次实质应用、转换或基础实验判断，但模型完全显性。 原标注依据：元素周期表信息/原子结构,元素周期表信息/原子结构,图中的①为钙元素在元素周期表中的信息，A、B、C、D分别是四种粒子的结构示意图。请你回答：,https://k12static.xdf.cn/k12/image/externalized/0d4f3171-b713-4735-98b0-0ab53d3f3c06.png,https://k12static.xdf.cn/k12/image/externalized/eceb2483-9656-4b38-9876-9c3991b5982d.png
2783500958317432832,★★★,3,中等题,★★★,3,中等题,中等题,否,边界保留,中,基础题 / 中等题,最高难任务形成常规多步分析，或整题具有受控的非重复规则广度。 原标注依据：CO2物理+化学性质，干花变色+塑料瓶变瘪 现有模型存在相邻档分歧；复核后主标签保留原档，同时记录相邻档为可接受边界。,CO2物理+化学性质，干花变色+塑料瓶变瘪,化学课堂上老师演示了如图所示的几个实验： （1）上述实验中出现的现象，与CO2的物理性质和化学性质都有关的是： ________ （填序号）； （2）图A所示实验中，紫色干花（用石蕊溶液浸泡过）最终会变红，原因是： ________ （用化学方程式解释）； （3）图C所示实验中，经振荡后可观察到的实验现象有 ________ （填序号）。 ①软塑料瓶变瘪 ②瓶内生成了白色的碳酸钙 ③瓶内澄清石灰水变浑浊 ④瓶内溶液变红。,https://k12static.xdf.cn/k12/image/externalized/5f3dc6c5-28af-4f8f-be23-70b80e129da3.png,https://k12static.xdf.cn/k12/image/externalized/a16c45bc-e79e-4c8b-9510-c170cdeb51f2.png
2779348700549464064,★★★,3,中等题,★★★,3,中等题,基础题,是,明确改标,高,中等题,整题包含多个非重复应用任务，或多问共享同一实验、装置或过程模型；需要在方程式、现象解释、装置判断、实验操作或计算规则之间切换，已超过一步基础应用，校准为中等题。,根据方程式简单计算,氮气是制造氮肥的重要原料。“人工固氮”的反应原理为N2+3H2=2NH3，理论上产生17gNH3可以固定氮气的质量是多少？（请根据化学方程式计算并写出过程）,https://k12static.xdf.cn/k12/image/externalized/791ff05e-f4bc-4c46-8e0f-aa1e852ef91a.png,https://k12static.xdf.cn/k12/image/externalized/f9dc34bf-d1a2-42b2-a633-8e9bdd406ca8.png
2771891127206281216,★★★,3,中等题,★★★,3,中等题,基础题,是,明确改标,高,中等题,整题包含多个非重复应用任务，或多问共享同一实验、装置或过程模型；需要在方程式、现象解释、装置判断、实验操作或计算规则之间切换，已超过一步基础应用，校准为中等题。,气体制取装置，仪器/制氧/收集方法,实验室常用以下装置来制取和收集气体，请结合所学知识，回答下列问题。,https://k12static.xdf.cn/k12/image/externalized/cba74cec-2026-4f1a-8b59-62a461d4f8e9.png,https://k12static.xdf.cn/k12/image/externalized/d53e5062-45b6-4d3c-b752-1eb62102fe54.png
2770305054987542528,★★★,3,中等题,★★★,3,中等题,基础题,是,明确改标,高,中等题,整题包含多个非重复应用任务，或多问共享同一实验、装置或过程模型；需要在方程式、现象解释、装置判断、实验操作或计算规则之间切换，已超过一步基础应用，校准为中等题。,溶解吸放热/溶液配制,溶液对于人类生产活动具有重要意义，组成相同但浓度不同的溶液往往有不同的应用。 葡萄糖是生物的主要供能物质，医疗上可用于补充能量与体液。请回答下列问题。 （1）若直接含服葡萄糖粉末，口腔内会略感凉爽，说明葡萄糖溶解时，溶液温度 。 （2）亚运会期间，组织者为运动员准备溶质质量分数为50%葡萄糖口服液以补充能量。若用葡萄糖固体和水配制100g上述葡萄糖溶液，需称取 g葡萄糖；溶解过程中，用玻璃棒搅拌，其目的是 。 （3）配制结束后，小组同…,https://k12static.xdf.cn/k12/image/externalized/34a246ea-9428-4ad7-ad82-af2d1d6dd610.png,https://k12static.xdf.cn/k12/image/externalized/f5c8fcab-d6c6-4918-b51e-2c461f7f2cb0.png
2764868991924903936,★★,2,基础题,★★,2,基础题,基础题,否,一致保留,高,基础题,最高难任务需要一次实质应用、转换或基础实验判断，但模型完全显性。 原标注依据：相对原子质量定义，1-2步计算,相对原子质量定义，1-2步计算,"(1)某原子的核内质子数为a，其中子数比电子数多4个，则其相对原子质量为 (2)已知可作为相对原子质量标准的一个碳12原子的质量为m kg,若一个铁原子的质量为n kg,则铁的相对原子质量为 ？(写出计算过程)",https://k12static.xdf.cn/k12/image/externalized/b2b6853c-64ee-4528-8357-ca05673b5ed4.png,https://k12static.xdf.cn/k12/image/externalized/b30253e6-f400-46da-8d1d-a47930aa5ecf.png
2761608826538987520,★★★,3,中等题,★★★,3,中等题,基础题,是,明确改标,高,中等题,整题包含多个非重复应用任务，或多问共享同一实验、装置或过程模型；需要在方程式、现象解释、装置判断、实验操作或计算规则之间切换，已超过一步基础应用，校准为中等题。,制氧装置+气密性检查，含注射器创新,请根据下列装置图，回答问题。 （1）写出仪器名称：① ________ ；② ________ 。 （2）实验室中若用装置B制取氧气，写出反应的化学方程式 ________ ，可选用的收集装置是 ________ （填字母）。验证集气瓶中收集到的气体是氧气的方法是 ________ 。 （3）兴趣小组同学在实验中多次使用注射器（如如图所示）。 ①甲：用手指堵住注射器末端的小孔，仍能推动活塞，这是因为分子 ________ 。 ②乙：向…,https://k12static.xdf.cn/k12/image/externalized/8cf50560-84f9-47bc-9503-4d914acaea73.png,https://k12static.xdf.cn/k12/image/externalized/9fea364f-7e7b-4d7a-9be4-60cd2e85f95c.png
2760116980398809088,★★,2,基础题,★★,2,基础题,基础题,否,边界保留,中,基础题 / 中等题,最高难任务需要一次实质应用、转换或基础实验判断，但模型完全显性。 原标注依据：根据信息书写化学方程式 现有模型存在相邻档分歧；复核后主标签保留原档，同时记录相邻档为可接受边界。,根据信息书写化学方程式,按要求写化学方程式或化学式： （1）毒品大麻的化学式为C21H30O2，常在空气中焚烧销毁．写出在空气中焚烧大麻生成二氧化碳和水的化学方程式： ． （2）黑火药是我国古代四大发明之一，古代生产黑火药是把木炭、硫粉、硝酸钾（KNO3）按一定比例混合制成的，黑火药爆炸时产生硫化钾、氮气和二氧化碳．试写出黑火药爆炸的化学方程式： ．,https://k12static.xdf.cn/k12/image/externalized/4865a089-b519-4905-b21d-71882499e616.png,https://k12static.xdf.cn/k12/image/externalized/97afc88e-c503-4290-8959-431de83d4d5a.png
2756250657513058304,★★★,3,中等题,★★★,3,中等题,基础题,是,明确改标,高,中等题,整题包含多个非重复应用任务，或多问共享同一实验、装置或过程模型；需要在方程式、现象解释、装置判断、实验操作或计算规则之间切换，已超过一步基础应用，校准为中等题。,分子间隔/工业制氧微观,阅读下列科普短文，回答下列问题。 氨气是一种无色有刺激性气味的气体，密度比空气小，极易溶于水，溶于水时能生成氨水。氨气的应用十分广泛，工业上常用来制氮肥、硝酸和纯碱。煤炭作为燃料会产生一些有害气体。氨气也能用作燃料，燃烧时生成氮气和水，在工业、电力、交通等领域都有广泛应用前景。工业上主要利用氮气和氢气在高温、高压和催化剂的条件下合成氨气。工业流程如图所示。 （1）氨气的物理性质有 ________ ，化学性质有 ________ （各…,https://k12static.xdf.cn/k12/image/externalized/14427146-c980-45fe-b22a-169df7e78d6f.png,https://k12static.xdf.cn/k12/image/externalized/8af5592b-aa74-4ccd-ab52-9f86817db834.png
2756054538690514944,★★,2,基础题,★★,2,基础题,基础题,否,一致保留,高,基础题,最高难任务需要一次实质应用、转换或基础实验判断，但模型完全显性。 原标注依据：工业制氧流程/氮气性质含流程图,工业制氧流程/氮气性质含流程图,2021年新冠疫情暴发期间，中国向印度提供了大量制氧机。利用空气制取氮气和氧气的流程如下所示：,https://k12static.xdf.cn/k12/image/externalized/2b503454-0e79-4da8-9af5-ca1f8e0b0b5c.png,https://k12static.xdf.cn/k12/image/externalized/15735236-f684-4fe2-a901-43fc1218038e.png
3621025384589434880,★,1,送分题,★,1,送分题,基础题,是,明确改标,高,送分题,最高难任务只需识别一个熟悉教材模板，同类选项不形成新的化学决策，没有实质转换、连续推理、实验分析或计算，校准为送分题。,化学变化判断为主，附带酸的化学性质酸除锈1个辅助常识，少量干扰,下列文物修复过程主要涉及化学变化的是,https://k12static.xdf.cn/k12/image/externalized/77034788-8750-45ed-9cce-d855861da414.png,https://k12static.xdf.cn/k12/image/externalized/2aa17f7f-0e8a-472f-a9a2-37f22dff4894.png
3593657569260400640,★★,2,基础题,★★,2,基础题,基础题,否,一致保留,高,基础题,最高难任务需要一次实质应用、转换或基础实验判断，但模型完全显性。 原标注依据：水的比热容，将性质与现象对应，少量干扰项,水的比热容，将性质与现象对应，少量干扰项,以下生活中现象体现了水的比热容较大这一特性的是,https://k12static.xdf.cn/k12/image/externalized/e5c4807b-47bb-49aa-bca7-8fc7972a493f.png,https://k12static.xdf.cn/k12/image/externalized/022b166f-c954-4635-b8a7-7997dc247b9f.png
3562944631370743808,★★,2,基础题,★★,2,基础题,基础题,否,一致保留,高,基础题,最高难任务需要一次实质应用、转换或基础实验判断，但模型完全显性。 原标注依据：实验基本操作正确判断，含装置图，1个知识点实验操作，各选项独立判断,实验基本操作正确判断，含装置图，1个知识点实验操作，各选项独立判断,做化学实验要养成良好的习惯。下列实验基本操作中正确的是（ ）,https://k12static.xdf.cn/k12/image/externalized/31da07d6-4a2c-402c-b889-f2b69b88dfd4.png,https://k12static.xdf.cn/k12/image/externalized/79a7e409-4a9a-4c22-88a6-f89bec9a4a9b.png
3558738074168307712,★,1,送分题,★,1,送分题,基础题,是,明确改标,高,送分题,最高难任务只需识别一个熟悉教材模板，同类选项不形成新的化学决策，没有实质转换、连续推理、实验分析或计算，校准为送分题。,化学变化判断为主，附带酸的化学性质酸除锈钝化1个辅助常识,2026年春晚展示了多项非遗技艺。下列制作过程中主要涉及化学变化的是,https://k12static.xdf.cn/k12/image/externalized/48b66652-72a2-4aca-9553-7d47a377f637.png,https://k12static.xdf.cn/k12/image/externalized/2c34fa5b-7432-411d-b289-a3b07bfdb609.png
3444277649198825473,★,1,送分题,★,1,送分题,送分题,否,一致保留,高,送分题,最高难任务属于单一熟悉模板的直接识别，没有第二次化学决策。 原标注依据：仪器使用，根据操作目的选择对应仪器,仪器使用，根据操作目的选择对应仪器,有镊子、广口瓶、酒精灯、胶头滴管等仪器，请为下列实验操作各选一种：a.存放固体药品的仪器是 ；b.吸取或滴加少量液体时用 ；c.实验室常用 仪器给药品加热；d.取用块状药品一般使用 。,https://k12static.xdf.cn/k12/image/externalized/859841be-9dc4-4dd8-920b-72ca05f9e76d.png,https://k12static.xdf.cn/k12/image/externalized/d9169530-1a6c-4eb5-97d3-ce0eefab9e9e.png
3422856702615920640,★★,2,基础题,★★,2,基础题,基础题,否,边界保留,中,送分题 / 基础题,最高难任务需要一次实质应用、转换或基础实验判断，但模型完全显性。 原标注依据：气体密度性质，判断哪种气体可使气球升空 现有模型存在相邻档分歧；复核后主标签保留原档，同时记录相邻档为可接受边界。,气体密度性质，判断哪种气体可使气球升空,若要使气球能够升空，可以在其中充入的气体是,https://k12static.xdf.cn/k12/image/externalized/765fcb5e-3785-44f0-a9ee-a0ae8c99ff6a.png,https://k12static.xdf.cn/k12/image/externalized/1dcf6951-8510-4281-9844-8ba2d64421a3.png
3318327270979751936,★★,2,基础题,★★,2,基础题,基础题,否,一致保留,高,基础题,最高难任务需要一次实质应用、转换或基础实验判断，但模型完全显性。 原标注依据：实验操作正确判断，含装置图，1个知识点实验操作，各选项独立判断,实验操作正确判断，含装置图，1个知识点实验操作，各选项独立判断,下列图示操作错误的是A.液体的量取B.用胶头滴管取液体C.加热试管中液体D.稀释浓硫酸,https://k12static.xdf.cn/k12/image/externalized/5ca548a1-2cb7-4646-b61b-9b037365da13.png,https://k12static.xdf.cn/k12/image/externalized/551db6b3-e7b4-40cd-939b-816961744f16.png
3228726071577612288,★★,2,基础题,★★,2,基础题,基础题,否,一致保留,高,基础题,最高难任务需要一次实质应用、转换或基础实验判断，但模型完全显性。 原标注依据：测定草木灰的酸碱度及碳酸钾含量，含装置图，判断操作正误,测定草木灰的酸碱度及碳酸钾含量，含装置图，判断操作正误,某同学“测定草木灰的酸碱度及碳酸钾含量”的实验部分操作如下，其中正确的是A．称量草木灰样品B．过滤浊液C．量取一定体积溶液D．测定溶液pH,https://k12static.xdf.cn/k12/image/externalized/9de10bd6-bbe5-4473-b7d9-a2f4e48c6288.png,https://k12static.xdf.cn/k12/image/externalized/f9f20774-5533-4645-afd5-3aed2426b529.png
3183560362140409856,★★,2,基础题,★★,2,基础题,基础题,否,一致保留,高,基础题,最高难任务需要一次实质应用、转换或基础实验判断，但模型完全显性。 原标注依据：粗盐提纯操作，含装置图，判断操作正误,粗盐提纯操作，含装置图，判断操作正误,下列粗盐提纯的实验中操作正确的是A．取粗盐B．溶解粗盐C．过滤D．蒸发结晶,https://k12static.xdf.cn/k12/image/externalized/247ba645-4cd3-43d8-ba50-ad7ed280cbc7.png,https://k12static.xdf.cn/k12/image/externalized/cec96ab3-b26c-447d-910e-3cb8d42b1f84.png
3157448108979535872,★★,2,基础题,★★,2,基础题,基础题,否,一致保留,高,基础题,最高难任务需要一次实质应用、转换或基础实验判断，但模型完全显性。 原标注依据：实验操作正确判断，含装置图，1个知识点实验操作，各选项独立判断,实验操作正确判断，含装置图，1个知识点实验操作，各选项独立判断,下列实验操作正确的是,https://k12static.xdf.cn/k12/image/externalized/116364e0-5862-4727-8d5d-a20ce7eee011.png,https://k12static.xdf.cn/k12/image/externalized/6d906d1d-815d-434c-8513-68b18611917c.png
3149023236484300800,★★,2,基础题,★★,2,基础题,基础题,否,边界保留,中,基础题 / 中等题,最高难任务需要一次实质应用、转换或基础实验判断，但模型完全显性。 原标注依据：高锰酸钾制氧气装置选择，含仪器图 现有模型存在相邻档分歧；复核后主标签保留原档，同时记录相邻档为可接受边界。,高锰酸钾制氧气装置选择，含仪器图,实验室用高锰酸钾制取氧气应选择的仪器是,https://k12static.xdf.cn/k12/image/externalized/fe684240-afb6-4b47-b069-cd08414db6bc.png,https://k12static.xdf.cn/k12/image/externalized/a732911b-eb43-4431-81c3-62f94fdf6acd.png
3099712229781282816,★★,2,基础题,★★,2,基础题,基础题,否,一致保留,高,基础题,最高难任务需要一次实质应用、转换或基础实验判断，但模型完全显性。 原标注依据：配制氯化钠溶液操作，含装置图，判断操作错误,配制氯化钠溶液操作，含装置图，判断操作错误,某同学在做“配制一定质量分数的氯化钠溶液”实验时，部分操作如下，其中操作明显有错误的一项是,https://k12static.xdf.cn/k12/image/externalized/1c1aefe7-5fee-482e-b50b-e857bdc687b2.png,https://k12static.xdf.cn/k12/image/externalized/6bf458fe-ab64-4319-a63b-6250641293ee.png
3083792523382542336,★,1,送分题,★,1,送分题,基础题,是,明确改标,高,送分题,最高难任务只需识别一个熟悉教材模板，同类选项不形成新的化学决策，没有实质转换、连续推理、实验分析或计算，校准为送分题。,化学变化判断为主，附带酸的化学性质食醋除水垢1个辅助常识，,下列变化中，属于化学变化的是,https://k12static.xdf.cn/k12/image/externalized/c830bf35-8383-4d6c-bd28-d7aefb88f1cc.png,https://k12static.xdf.cn/k12/image/externalized/6949c65c-a5d1-4307-a5a5-b5cf19478445.png
3081750667475865600,★,1,送分题,★,1,送分题,基础题,是,明确改标,高,送分题,最高难任务只需识别一个熟悉教材模板，同类选项不形成新的化学决策，没有实质转换、连续推理、实验分析或计算，校准为送分题。,化学式意义，判断H2O表示的物质，区分干扰项可燃冰、干冰、水银,水是生命之源，下列物质的化学式可用“H2O”表示的是,https://k12static.xdf.cn/k12/image/externalized/4b46d588-f5da-4d37-b24e-589b2878512b.png,https://k12static.xdf.cn/k12/image/externalized/3e2a7627-a408-4f82-8923-2ea7d668937a.png
2965159942154932224,★,1,送分题,★,1,送分题,基础题,是,明确改标,高,送分题,最高难任务只需识别一个熟悉教材模板，同类选项不形成新的化学决策，没有实质转换、连续推理、实验分析或计算，校准为送分题。,物质微观构成，判断哪种物质由分子构成,下列物质是由分子构成的是（ ）,https://k12static.xdf.cn/k12/image/externalized/7daad256-c1a3-4ca3-a850-dd0d71819926.png,https://k12static.xdf.cn/k12/image/externalized/bf2b481e-26da-4855-af0a-dc6389da0ff0.png
2883369370619756544,★★,2,基础题,★★,2,基础题,基础题,否,一致保留,高,基础题,最高难任务需要一次实质应用、转换或基础实验判断，但模型完全显性。 原标注依据：金属与氧气反应，解释铝比铁耐腐蚀的原因,金属与氧气反应，解释铝比铁耐腐蚀的原因,金属活动性顺序中铝排在铁的前面，但日常生活中我们发现铝制品比铁制品耐腐蚀．原因是（ ）,https://k12static.xdf.cn/k12/image/externalized/27f8ae68-504e-4cb3-88c6-ad5b481a0cab.png,https://k12static.xdf.cn/k12/image/externalized/e45724b8-51dd-400b-897d-7c36625d4cfa.png
2823034031359934464,★★,2,基础题,★★,2,基础题,基础题,否,边界保留,中,送分题 / 基础题,最高难任务需要一次实质应用、转换或基础实验判断，但模型完全显性。 原标注依据：物质的微粒性，含注射器实验，从微粒角度解释可压缩性 现有模型存在相邻档分歧；复核后主标签保留原档，同时记录相邻档为可接受边界。,物质的微粒性，含注射器实验，从微粒角度解释可压缩性,取两支大小相同的医用注射器，将栓塞向外拉，分别吸入等体积的空气和水，用手指顶住针筒末端的小孔，将栓塞慢慢推入．(1)从微粒的角度说明物质可被压缩的原因是 ．(2)内装 (填“水”或“空气”)的注射器更易被压缩，原因是 ．,https://k12static.xdf.cn/k12/image/externalized/9404217d-0356-49bc-b339-028ca482f10d.png,https://k12static.xdf.cn/k12/image/externalized/7a2b4c62-77a3-44c4-9f58-7b0882cb4203.png
2809410934101782528,★★,2,基础题,★★,2,基础题,基础题,否,边界保留,中,送分题 / 基础题,最高难任务需要一次实质应用、转换或基础实验判断，但模型完全显性。 原标注依据：淀粉遇碘变蓝 现有模型存在相邻档分歧；复核后主标签保留原档，同时记录相邻档为可接受边界。,淀粉遇碘变蓝,方志敏同志曾在狱中用米汤给鲁迅先生写信，鲁迅先生收信后，使用碘酒处理就看到了信中的内容，从而通过鲁迅先生巧妙地将信息传递给了党组织。据此可证明米汤中含有,https://k12static.xdf.cn/k12/image/externalized/ac737809-a025-4f27-b487-5148f1484b15.png,https://k12static.xdf.cn/k12/image/externalized/405a21c3-c768-4429-8b53-600a55b54a84.png
2806534993604018177,★★,2,基础题,★★,2,基础题,基础题,否,边界保留,中,送分题 / 基础题,最高难任务需要一次实质应用、转换或基础实验判断，但模型完全显性。 原标注依据：碱的化学性质与安全常识简单应用 现有模型存在相邻档分歧；复核后主标签保留原档，同时记录相邻档为可接受边界。,碱的化学性质与安全常识简单应用,治疗胃酸（主要成分是HCl）过多，可服用含A1（OH）3的药片，制取这类药物不可以使用NaOH替代A1（OH）3：最合理的理由是,https://k12static.xdf.cn/k12/image/externalized/41fab703-1806-40d1-bc30-3c4feb147576.png,https://k12static.xdf.cn/k12/image/externalized/99345982-bb4e-4c44-85b0-b79d7800e4df.png
2763340630344650752,★,1,送分题,★,1,送分题,送分题,否,边界保留,中,送分题 / 基础题,最高难任务属于单一熟悉模板的直接识别，没有第二次化学决策。 原标注依据：pH与酸碱性简单应用 现有模型存在相邻档分歧；复核后主标签保留原档，同时记录相邻档为可接受边界。,pH与酸碱性简单应用,一些物质的近似pH范围如下、其中属于碱性的是,https://k12static.xdf.cn/k12/image/externalized/3d9dbf83-8667-4222-8d5f-697469426f5e.png,https://k12static.xdf.cn/k12/image/externalized/203ebf1c-ecf2-4a7d-9887-ba4e59e7cb03.png
2760055046168956928,★★,2,基础题,★★,2,基础题,基础题,否,一致保留,高,基础题,最高难任务需要一次实质应用、转换或基础实验判断，但模型完全显性。 原标注依据：实验操作正确判断，含装置图，1个知识点实验操作，各选项独立判断,实验操作正确判断，含装置图，1个知识点实验操作，各选项独立判断,下列图示实验操作中，不正确的是,https://k12static.xdf.cn/k12/image/externalized/2c111be9-8488-4132-90b9-2df416e8a746.png,https://k12static.xdf.cn/k12/image/externalized/e16e458f-153d-4010-97ea-440fd39bcfef.png
2756190708816695299,★★,2,基础题,★★,2,基础题,基础题,否,一致保留,高,基础题,最高难任务需要一次实质应用、转换或基础实验判断，但模型完全显性。 原标注依据：化合价计算，根据化学式和已知化合价求钴的化合价,化合价计算，根据化学式和已知化合价求钴的化合价,手机和笔记本电脑使用的大多是锂离子电池，其材料之一是钴酸锂($\text{LiCoO}_{2}$)，其中锂元素为+1价，则钴元素的化合价为,https://k12static.xdf.cn/k12/image/externalized/0cf4b914-7688-420c-ad15-797a0229628b.png,https://k12static.xdf.cn/k12/image/externalized/f00b3bf0-25f5-40d3-8667-160d10b46b44.png
2751543901423685633,★★,2,基础题,★★,2,基础题,基础题,否,边界保留,中,基础题 / 中等题,最高难任务需要一次实质应用、转换或基础实验判断，但模型完全显性。 原标注依据：酸碱指示剂性质，判断石蕊变蓝溶液的相关说法 现有模型存在相邻档分歧；复核后主标签保留原档，同时记录相邻档为可接受边界。,酸碱指示剂性质，判断石蕊变蓝溶液的相关说法,某溶液能使紫色石蕊试液变蓝，下列说法不正确的是,https://k12static.xdf.cn/k12/image/externalized/03b8598c-d66a-4bef-acbd-f7e62d27876a.png,https://k12static.xdf.cn/k12/image/externalized/cd41f195-edd1-4be7-b4e6-3c46abb6bb4d.png
2735666736520617984,★,1,送分题,★,1,送分题,基础题,是,明确改标,高,送分题,最高难任务只需识别一个熟悉教材模板，同类选项不形成新的化学决策，没有实质转换、连续推理、实验分析或计算，校准为送分题。,金属材料，判断钢铝车身属于金属材料,下列制造汽车用到的材料中，属于金属材料的是,https://k12static.xdf.cn/k12/image/externalized/c1baf16e-4b45-4fe1-ac72-a8afc9e568df.png,https://k12static.xdf.cn/k12/image/externalized/c59f2e73-c060-4b1a-8274-f0dde342cebf.png
2711335388694183937,★★,2,基础题,★★,2,基础题,基础题,否,边界保留,中,送分题 / 基础题,最高难任务需要一次实质应用、转换或基础实验判断，但模型完全显性。 原标注依据：实验操作规范，填写加热、取用药品的操作要点 现有模型存在相邻档分歧；复核后主标签保留原档，同时记录相邻档为可接受边界。,实验操作规范，填写加热、取用药品的操作要点,请填写下列有关实验操作中的空格：$\left( 1 \right)$向试管内的液体加热时，所加的液体不得超过试管容积的 ；$\left( 2 \right)$用酒精灯给物质加热时，要用酒精灯火焰的 ；$\left( 3 \right)$取用药品时，如果没有说明用量，应取最少量，如液体取 $mL$；$\left( 4 \right)$用量筒量取液体读数时，视线与液体凹液面的最低处 ；$\left( 5 \right)$固体药品通常保存在…,https://k12static.xdf.cn/k12/image/externalized/26b1d88c-195a-4182-a072-c398e16a9f4e.png,https://k12static.xdf.cn/k12/image/externalized/d3785686-1235-4b93-83ed-fd209fcd8201.png
2667586029202825216,★★,2,基础题,★★,2,基础题,基础题,否,一致保留,高,基础题,最高难任务需要一次实质应用、转换或基础实验判断，但模型完全显性。 原标注依据：实验操作错误判断，含装置图，1个知识点实验操作，各选项独立判断,实验操作错误判断，含装置图，1个知识点实验操作，各选项独立判断,规范的实验操作是实验成功的保证。下列实验操作错误的是（ ）,https://k12static.xdf.cn/k12/image/externalized/9c602edf-79cc-427c-834a-1d63948007fe.png,https://k12static.xdf.cn/k12/image/externalized/161bca8e-efc2-4321-82df-fbf830678b55.png
2142084874566971392,★★,2,基础题,★★,2,基础题,基础题,否,一致保留,高,基础题,最高难任务需要一次实质应用、转换或基础实验判断，但模型完全显性。 原标注依据：酸碱指示剂性质，由石蕊变红推断柠檬汁显酸性,酸碱指示剂性质，由石蕊变红推断柠檬汁显酸性,柠檬汁能使石蕊试液变红色，由此可知柠檬汁$(\qquad)$,https://k12static.xdf.cn/k12/image/externalized/a3ca32cb-daf9-4b73-bf57-2388dbe5c34d.png,https://k12static.xdf.cn/k12/image/externalized/7055b52d-0d85-4285-a926-2161b099162e.png
2141426019352784896,★★,2,基础题,★★,2,基础题,基础题,否,边界保留,中,送分题 / 基础题,最高难任务需要一次实质应用、转换或基础实验判断，但模型完全显性。 原标注依据：乳化原理，判断洗洁精洗油污利用乳化原理 现有模型存在相邻档分歧；复核后主标签保留原档，同时记录相邻档为可接受边界。,乳化原理，判断洗洁精洗油污利用乳化原理,生活中的洗涤问题大都与化学知识有关。下列洗涤或除污过程利用乳化原理的是$(\qquad)$,https://k12static.xdf.cn/k12/image/externalized/5bc38c8e-ce13-4045-a966-8dd9b04bbf61.png,https://k12static.xdf.cn/k12/image/externalized/e1cd11cd-d1dc-446d-b206-eafc8b5df001.png
2141410963076493312,★★,2,基础题,★★,2,基础题,送分题,是,明确改标,高,基础题,题目不是单一教材结论的直接检索：需要完成实质表征转换、书写规则转换，或在不同化学/实验规则之间切换，因此校准为基础题。,溶液概念意义，理解含义,对“$ 10\% $ 的食盐溶液”含义的理解错误的是$(\qquad)$,https://k12static.xdf.cn/k12/image/externalized/b19317cd-78a2-414b-a17a-406ccf167649.png,https://k12static.xdf.cn/k12/image/externalized/2f82a756-4b66-4d6b-babc-adf2e80ea68b.png
2141410858655100928,★★,2,基础题,★★,2,基础题,基础题,否,一致保留,高,基础题,最高难任务需要一次实质应用、转换或基础实验判断，但模型完全显性。 原标注依据：配制氯化钠溶液操作，含操作图，判断操作正误,配制氯化钠溶液操作，含操作图，判断操作正误,某同学在实验室配制 $ 50\ \rm g\ 6\% $ 的氯化钠溶液，下图所示的部分操作正确的是$(\qquad)$ABCD,https://k12static.xdf.cn/k12/image/externalized/b2cf7158-7e70-434a-8c3e-17c09db088bd.png,https://k12static.xdf.cn/k12/image/externalized/b653a096-bf06-425c-a88c-d24562f03cfb.png
2821605078730313728,★★,2,基础题,★★,2,基础题,基础题,否,一致保留,高,基础题,最高难任务需要一次实质应用、转换或基础实验判断，但模型完全显性。 原标注依据：酒精灯使用，含操作图，判断酒精灯操作正误,酒精灯使用，含操作图，判断酒精灯操作正误,下列涉及酒精灯的操作中，正确的是（ ）,https://k12static.xdf.cn/k12/image/externalized/f5af47c2-a053-4c57-bd71-8769a43af956.png,https://k12static.xdf.cn/k12/image/externalized/a76c7b7a-0a7a-4951-b3bd-ad0863cfe3a2.png
2994850556243136512,★,1,送分题,★,1,送分题,送分题,否,一致保留,高,送分题,最高难任务属于单一熟悉模板的直接识别，没有第二次化学决策。 原标注依据：金属材料，判断铸客大鼎由金属材料制成,金属材料，判断铸客大鼎由金属材料制成,安徽博物院收藏了大量珍贵文物，下列代表性文物主要由金属材料制成的是（ ）,https://k12static.xdf.cn/k12/image/externalized/5f8a1ff5-154b-4f54-8477-18a2a75a29e7.png,https://k12static.xdf.cn/k12/image/externalized/94ac7aa1-9166-4776-a25c-cd48a46f3943.png
3297077696051290112,★,1,送分题,★,1,送分题,送分题,否,一致保留,高,送分题,最高难任务属于单一熟悉模板的直接识别，没有第二次化学决策。 原标注依据：金属材料，含图，判断故宫文物中由金属材料制成者,金属材料，含图，判断故宫文物中由金属材料制成者,2025年是故宫博物院建院100周年。故宫博物院藏品总量达186万余件(套)是中华文明源远流长的见证。下列故宫博物院馆藏文物中主要由金属材料制成的是A.书画之宝：《清明上河图》B.青铜之宝：亚酗方尊C.陶瓷之宝：郎窑红釉穿带直口瓶D.玉器之宝：青玉云龙纹炉,https://k12static.xdf.cn/k12/image/externalized/a5991025-da3a-4503-a957-e7bd50900ea0.png,https://k12static.xdf.cn/k12/image/externalized/56756548-5dd4-461f-bfc5-9abe3815f145.png
2753219516295409664,★,1,送分题,★,1,送分题,送分题,否,一致保留,高,送分题,最高难任务属于单一熟悉模板的直接识别，没有第二次化学决策。 原标注依据：探究蜡烛及其燃烧，由小刀切石蜡推断硬度较小,探究蜡烛及其燃烧，由小刀切石蜡推断硬度较小,用小刀可将石蜡切下，能说明石蜡的硬度较小。,https://k12static.xdf.cn/k12/image/externalized/300379b1-934b-459b-8cd5-785e7a51e8d6.png,https://k12static.xdf.cn/k12/image/externalized/9b17ac39-2c5b-432d-938f-59a449f9dc7d.png
3556131672054366208,★,1,送分题,★,1,送分题,基础题,是,明确改标,高,送分题,最高难任务只需识别一个熟悉教材模板，同类选项不形成新的化学决策，没有实质转换、连续推理、实验分析或计算，校准为送分题。,蒸发结晶操作，判断蒸发操作中未用到的仪器为集气瓶,如图为粗盐中难溶性杂质去除实验中的蒸发操作，其中没有用到的仪器是（ ）,https://k12static.xdf.cn/k12/image/externalized/6cbd893d-1ad1-4ba8-9e28-55b9fca249d9.png,https://k12static.xdf.cn/k12/image/externalized/272119a1-f5c9-46b8-87ee-61e1c8fa44e1.png
3637128894638247936,★★,2,基础题,★★,2,基础题,基础题,否,边界保留,中,送分题 / 基础题,最高难任务需要一次实质应用、转换或基础实验判断，但模型完全显性。 原标注依据：实验安全规范，判断直接用手拿取加热仪器不符合安全规范 现有模型存在相邻档分歧；复核后主标签保留原档，同时记录相邻档为可接受边界。,实验安全规范，判断直接用手拿取加热仪器不符合安全规范,实验安全无小事。下列行为不符合安全规范的是,https://k12static.xdf.cn/k12/image/externalized/83479d01-9cf8-4b7a-b35c-0fb9636204a8.png,https://k12static.xdf.cn/k12/image/externalized/60902dce-a849-4f1e-842f-d51f39ce0b42.png
3496278750416199680,★★★,3,中等题,★★★,3,中等题,中等题,否,一致保留,高,中等题,最高难任务形成常规多步分析，或整题具有受控的非重复规则广度。 原标注依据：微观示意图定性判断,微观示意图定性判断,下图为某化学反应的微观示意图，其中●和○表示不同种的原子。你认为下列说法正确的是（ ）,https://k12static.xdf.cn/k12/image/externalized/b60c7f8e-04f5-42c9-a316-16e9599e452a.png,https://k12static.xdf.cn/k12/image/externalized/5c45cf14-5402-447b-a1e5-87ff600345ea.png
3657329191050817536,★★★,3,中等题,★★★,3,中等题,中等题,否,边界保留,中,基础题 / 中等题,最高难任务形成常规多步分析，或整题具有受控的非重复规则广度。 原标注依据：3个反应类型的综合判断，稍有干扰 现有模型存在相邻档分歧；复核后主标签保留原档，同时记录相邻档为可接受边界。,3个反应类型的综合判断，稍有干扰,下列应用、化学方程式、反应类型完全正确的是,https://k12static.xdf.cn/k12/image/externalized/d893508b-d3e6-425f-b3eb-c68975a8a931.png,https://k12static.xdf.cn/k12/image/externalized/cc651083-e9d2-45c0-ae7f-80977c4acaf3.png
3649830614090645504,★★★,3,中等题,★★★,3,中等题,中等题,否,一致保留,高,中等题,最高难任务形成常规多步分析，或整题具有受控的非重复规则广度。 原标注依据：现象→置换→推金属活动性，逻辑思维的简单应用,现象→置换→推金属活动性，逻辑思维的简单应用,将金属$\rm{X}$、$\rm{Y}$分别放入稀盐酸和金属$\rm{M}$的化合物溶液中，反应有无气泡产生或固体析出的情况如下表。则金属$\rm{X}$、$\rm{Y}$、$\rm{M}$的活动性顺序为（ ） 金属种类 稀盐酸(判断有无气泡产生) $\rm{M}$的化合物溶液(判断有无固体析出) $\rm{X}$ 有 有 $\rm{Y}$ 无 无,https://k12static.xdf.cn/k12/image/externalized/07284f8a-2029-4285-9787-0e3313f0591a.png,https://k12static.xdf.cn/k12/image/externalized/ff39a3e6-c4a8-4856-852f-cdb354290a7f.png
3651364033108983808,★★★,3,中等题,★★★,3,中等题,中等题,否,一致保留,高,中等题,最高难任务形成常规多步分析，或整题具有受控的非重复规则广度。 原标注依据：溶质质量分数及溶解度、饱和溶液的简单综合应用,溶质质量分数及溶解度、饱和溶液的简单综合应用,$\rm{20℃}$时，按下表数据配制$\ce{NaNO_{3}}$溶液(已知:$\rm{20℃}$时$\ce{NaNO_{3}}$的溶解度为$87.6\; \text{g}$)。下列说法正确的是 （ ） 序号 ① ② ③ ④ $\ce{NaNO_{3}}$的质量/ $\rm{g}$ $30$ $60$ $90$ $120$ 水的质量/$\rm{g}$ $100$ $100$ $100$ $100$,https://k12static.xdf.cn/k12/image/externalized/44b140a7-f3ac-4c12-9b32-31393aa69b9b.png,https://k12static.xdf.cn/k12/image/externalized/5e0cd243-e197-43c1-8c2b-2b649aa58cef.png
3654179229216370688,★★★,3,中等题,★★★,3,中等题,中等题,否,一致保留,高,中等题,最高难任务形成常规多步分析，或整题具有受控的非重复规则广度。 原标注依据：酸碱中和图像简单分析,酸碱中和图像简单分析,"某化学兴趣小组同学探究氢氧化钠溶液与稀盐酸的反应时,测得溶液$\text{pH}$随时间的变化曲线如图所示。下列说法正确的是 （ ）",https://k12static.xdf.cn/k12/image/externalized/f23b99a1-26fc-4cf0-85bd-80202073ecaa.png,https://k12static.xdf.cn/k12/image/externalized/2a11bebf-3010-4d12-82cb-0c98885f11e7.png
3634378634245206016,★★★,3,中等题,★★★,3,中等题,中等题,否,边界保留,中,基础题 / 中等题,最高难任务形成常规多步分析，或整题具有受控的非重复规则广度。 原标注依据：3-4个简单知识点综合考查 现有模型存在相邻档分歧；复核后主标签保留原档，同时记录相邻档为可接受边界。,3-4个简单知识点综合考查,生活中处处有化学，下列说法不正确的是,https://k12static.xdf.cn/k12/image/externalized/03eafe78-3438-4a21-a6ed-a9ea8a38c353.png,https://k12static.xdf.cn/k12/image/externalized/50f7483b-a514-4b6d-b13a-83fff0a635ea.png
2758776498555281409,★★★,3,中等题,★★★,3,中等题,中等题,否,边界保留,中,基础题 / 中等题,最高难任务形成常规多步分析，或整题具有受控的非重复规则广度。 原标注依据：氢氧化钠的物理性质、化学性质、用途简单综合考查 现有模型存在相邻档分歧；复核后主标签保留原档，同时记录相邻档为可接受边界。,氢氧化钠的物理性质、化学性质、用途简单综合考查,下列关于氢氧化钠的描述中正确的是,https://k12static.xdf.cn/k12/image/externalized/57784da4-e70d-48ce-b54f-256fec006438.png,https://k12static.xdf.cn/k12/image/externalized/598e22ee-2418-4bba-9fed-b64121df953d.png
2760176979954470912,★★★,3,中等题,★★★,3,中等题,中等题,否,边界保留,中,基础题 / 中等题,最高难任务形成常规多步分析，或整题具有受控的非重复规则广度。 原标注依据：粗盐中难溶性杂质去除 基础步骤、误差、操作综合考查 现有模型存在相邻档分歧；复核后主标签保留原档，同时记录相邻档为可接受边界。,粗盐中难溶性杂质去除 基础步骤、误差、操作综合考查,下列有关粗盐中难溶性杂质的去除实验中，说法正确的是,https://k12static.xdf.cn/k12/image/externalized/e5787fa0-83d6-43e9-8397-0f6623b01695.png,https://k12static.xdf.cn/k12/image/externalized/3a5ed350-26d5-4218-8b7e-f6d3c6a5e146.png
3666678376755150848,★★★,3,中等题,★★★,3,中等题,中等题,否,边界保留,中,基础题 / 中等题,最高难任务形成常规多步分析，或整题具有受控的非重复规则广度。 原标注依据：简单流程图，常规知识填空 现有模型存在相邻档分歧；复核后主标签保留原档，同时记录相邻档为可接受边界。,简单流程图，常规知识填空,$\mathrm{CaCl}_{2}\cdot 2\mathrm{H}_{2}\mathrm{O}$(二水合氯化钙)可用于食品加工、制药等领域。工业上生产$\mathrm{CaCl}_{2}\cdot 2\mathrm{H}_{2}\mathrm{O}$的主要流程示意图如图所示。,https://k12static.xdf.cn/k12/image/externalized/ab188dc5-a180-454c-9485-64afce9012f8.png,https://k12static.xdf.cn/k12/image/externalized/acab5e42-b05b-4b86-9996-924521373de9.png
3593835057861160960,★★★,3,中等题,★★★,3,中等题,中等题,否,一致保留,高,中等题,最高难任务形成常规多步分析，或整题具有受控的非重复规则广度。 原标注依据：单一化学方程式的不含杂质的纯计算,单一化学方程式的不含杂质的纯计算,甲烷制氢原理为CH4+2H2O$\begin{array}{c} \underline{\underline{\mathrm{高温}}}\\ \end{array}$4H2+CO2。理论上，16gCH4可产生多少克H2？(写出计算过程),https://k12static.xdf.cn/k12/image/externalized/a3988a83-5c9d-407c-84a7-70f687bdf931.png,https://k12static.xdf.cn/k12/image/externalized/c9e9b61e-d326-4070-8f76-8d0fa0fa384e.png
3633314677473423360,★★★,3,中等题,★★★,3,中等题,中等题,否,边界保留,中,基础题 / 中等题,最高难任务形成常规多步分析，或整题具有受控的非重复规则广度。 原标注依据：判断反应是否发生+有无现象+酸碱指示剂可用 现有模型存在相邻档分歧；复核后主标签保留原档，同时记录相邻档为可接受边界。,判断反应是否发生+有无现象+酸碱指示剂可用,下列各组物质间的反应，需要借助酸碱指示剂才能判断反应是否发生的是,https://k12static.xdf.cn/k12/image/externalized/fb53d424-0194-4120-8375-510af23cd765.png,https://k12static.xdf.cn/k12/image/externalized/ab43d495-9e24-4d65-9f38-48a25c8ccd9a.png
3618637115661332480,★★★,3,中等题,★★★,3,中等题,中等题,否,一致保留,高,中等题,最高难任务形成常规多步分析，或整题具有受控的非重复规则广度。 原标注依据：酸碱中和反应实质相关判断,酸碱中和反应实质相关判断,稀盐酸与氢氧化钠溶液反应的微观示意图如图所示。下列说法不正确的是,https://k12static.xdf.cn/k12/image/externalized/32fce88c-77c7-4f4c-a4bc-03a9d62d6562.png,https://k12static.xdf.cn/k12/image/externalized/46ee4d37-357c-4cd9-8a09-45bcdb88cb07.png
3552843562346958848,★★★,3,中等题,★★★,3,中等题,中等题,否,边界保留,中,基础题 / 中等题,最高难任务形成常规多步分析，或整题具有受控的非重复规则广度。 原标注依据：离子共存判断 现有模型存在相邻档分歧；复核后主标签保留原档，同时记录相邻档为可接受边界。,离子共存判断,下列各组离子在水溶液中能大量共存的是( ),https://k12static.xdf.cn/k12/image/externalized/6c8f283b-90c3-4845-abd1-7e351e4d1a42.png,https://k12static.xdf.cn/k12/image/externalized/fc6d12c2-aa48-4809-9b65-494c2042166c.png
3652826659695362048,★★★,3,中等题,★★★,3,中等题,中等题,否,边界保留,中,基础题 / 中等题,最高难任务形成常规多步分析，或整题具有受控的非重复规则广度。 原标注依据：酸的性质+溶质质量分数相关判断 现有模型存在相邻档分歧；复核后主标签保留原档，同时记录相邻档为可接受边界。,酸的性质+溶质质量分数相关判断,将浓硫酸和浓盐酸敞口放置一段时间后，二者均减小的是 （ ）,https://k12static.xdf.cn/k12/image/externalized/e51b53c8-ad30-4c1c-ad6b-5fa4ea40a143.png,https://k12static.xdf.cn/k12/image/externalized/79fdd387-ecbc-4548-a411-8e0c20c588d7.png
3653099593639464960,★★★,3,中等题,★★★,3,中等题,中等题,否,一致保留,高,中等题,最高难任务形成常规多步分析，或整题具有受控的非重复规则广度。 原标注依据：常见气体的检验,常见气体的检验,鉴别$\rm{H_{2}、CO、CH_{4}}$的正确方法是（ ）,https://k12static.xdf.cn/k12/image/externalized/e1907d9f-cd2b-4ca7-9d04-31dd0d40876b.png,https://k12static.xdf.cn/k12/image/externalized/3ad09a5e-3da8-47d9-82d2-7e8be473b060.png
3658887984370003968,★★★,3,中等题,★★★,3,中等题,中等题,否,边界保留,中,基础题 / 中等题,最高难任务形成常规多步分析，或整题具有受控的非重复规则广度。 原标注依据：万能瓶的应用判断 现有模型存在相邻档分歧；复核后主标签保留原档，同时记录相邻档为可接受边界。,万能瓶的应用判断,在实验室、医院经常使用的多功能瓶如图所示，下列叙述正确的是（ ）,https://k12static.xdf.cn/k12/image/externalized/6e6a4f7a-d530-4dee-b44e-3a3cfdfcf705.png,https://k12static.xdf.cn/k12/image/externalized/ba58cbbb-6afc-4b2c-a69b-7af350917267.png
2727776352978722816,★★★,3,中等题,★★★,3,中等题,中等题,否,一致保留,高,中等题,最高难任务形成常规多步分析，或整题具有受控的非重复规则广度。 原标注依据：方程式计算+混合物质量分数计算,方程式计算+混合物质量分数计算,将15克石灰石（石灰石的主要成分：CaCO3）投入到100克稀盐酸中恰好完全反应，（CaCO3+2HCl=CaCl2+H2O+CO2↑）完全反应后称量剩余物的总质量为110.6克。 ①则生成二氧化碳的质量是 ________ g。 ②求石灰石中碳酸钙的质量分数。,https://k12static.xdf.cn/k12/image/externalized/1f09d595-96f8-4b59-88b5-96597c82b067.png,https://k12static.xdf.cn/k12/image/externalized/3680fb20-aaf5-4030-96a1-f7e94d58265f.png
3654329907693068288,★★,2,基础题,★★,2,基础题,中等题,是,明确改标,高,基础题,最高难任务仍是单一熟悉关系的一次应用或直接读图，多个选项没有形成连续依赖、共享复杂模型或完整实验推理，校准为基础题。,元素周期表每一格信息考查,南开大学科研团队设计并合成了新型含氟化合物，优化了锂电池性能。氟元素在元素周期表中的信息和氟原子结构示意图如下图所示。下列说法不正确的是,https://k12static.xdf.cn/k12/image/externalized/15aceff3-f5b4-4c41-8ed3-a44a262cdae7.png,https://k12static.xdf.cn/k12/image/externalized/066f4896-f00a-4bcc-9788-1354f9e5929c.png
3593533022575321088,★★★,3,中等题,★★★,3,中等题,中等题,否,边界保留,中,基础题 / 中等题,最高难任务形成常规多步分析，或整题具有受控的非重复规则广度。 原标注依据：维恩图考查，基础概念关系判断 现有模型存在相邻档分歧；复核后主标签保留原档，同时记录相邻档为可接受边界。,维恩图考查，基础概念关系判断,化学概念间有包含、并列、交叉等不同关系。下列关系表示正确的是,https://k12static.xdf.cn/k12/image/externalized/b9f96b4f-3ccf-41ed-8e4e-8e4eba8fa7a9.png,https://k12static.xdf.cn/k12/image/externalized/373d544e-9f19-4ab8-af96-4c18eba4a832.png
3596926181523345408,★★★,3,中等题,★★★,3,中等题,中等题,否,边界保留,中,基础题 / 中等题,最高难任务形成常规多步分析，或整题具有受控的非重复规则广度。 原标注依据：陌生化学式的意义-构成、组成+质量比+相对分子质量 现有模型存在相邻档分歧；复核后主标签保留原档，同时记录相邻档为可接受边界。,陌生化学式的意义-构成、组成+质量比+相对分子质量,下图为中考化学试卷答题卡中用于识别考生信息的条形码。条形码有黏性，其黏性主要来源于胶黏剂聚丙烯酸。丙烯酸的化学式为 $\mathrm{C_3H_4O_2}$，关于丙烯酸，下列说法合理的是（ ）,https://k12static.xdf.cn/k12/image/externalized/9c34491f-683e-4ad2-8a76-f27011c3538c.png,https://k12static.xdf.cn/k12/image/externalized/4b5459c9-7ac4-4547-95c1-757437313a6a.png
3673960847068172288,★★,2,基础题,★★,2,基础题,中等题,是,明确改标,高,基础题,最高难任务仍是单一熟悉关系的一次应用或直接读图，多个选项没有形成连续依赖、共享复杂模型或完整实验推理，校准为基础题。,过氧化氢制氧气的实际应用+灭火,按如图所示进行实验，试管中涌出的柱状泡沫被形象地称为“大象牙膏”。下列说法中，正确的是,https://k12static.xdf.cn/k12/image/externalized/f77fb7e0-d0dd-4476-b4a6-c5502cac1342.png,https://k12static.xdf.cn/k12/image/externalized/b1c92393-2d61-4c6b-9dc5-2da4e0eb374a.png
3678405662069039104,★★★,3,中等题,★★★,3,中等题,中等题,否,边界保留,中,基础题 / 中等题,最高难任务形成常规多步分析，或整题具有受控的非重复规则广度。 原标注依据：实验室制取气体综合填空题 现有模型存在相邻档分歧；复核后主标签保留原档，同时记录相邻档为可接受边界。,实验室制取气体综合填空题,如图是实验室制取气体的常用装置，请回答下列问题：Ⅰ．实验室制氧Ⅱ．工业制氧,https://k12static.xdf.cn/k12/image/externalized/0884b86f-129e-41b8-b3a3-ceb0f28679ed.png,https://k12static.xdf.cn/k12/image/externalized/6d76e70f-eff0-42eb-8c5b-c8ef0bb1a2bb.png
3678409965693390848,★★★,3,中等题,★★★,3,中等题,中等题,否,一致保留,高,中等题,最高难任务形成常规多步分析，或整题具有受控的非重复规则广度。 原标注依据：二氧化碳性质实验判断-书本上物理+化学实验,二氧化碳性质实验判断-书本上物理+化学实验,下列关于探究二氧化碳性质实验的说法正确的是A.实验只能证明二氧化碳的物理性质B.实验中紫色石蕊溶液变红，证明试管内溶液呈酸性与二氧化碳有关C.实验中只观察到试管内石灰水变浑浊D.实验既能证明二氧化碳易溶于水，又能证明二氧化碳极易与水反应,https://k12static.xdf.cn/k12/image/externalized/ffb41fb2-06fc-408f-8754-227db727fe42.png,https://k12static.xdf.cn/k12/image/externalized/02ef4f9a-a6e9-4ce4-93b2-83138a5618fa.png
3651672118075670528,★★★,3,中等题,★★★,3,中等题,中等题,否,边界保留,中,基础题 / 中等题,最高难任务形成常规多步分析，或整题具有受控的非重复规则广度。 原标注依据：二氧化碳气体发生装置相关判断 现有模型存在相邻档分歧；复核后主标签保留原档，同时记录相邻档为可接受边界。,二氧化碳气体发生装置相关判断,如图是实验室常用的制取二氧化碳气体的发生装置，下列说法正确的是（ ）,https://k12static.xdf.cn/k12/image/externalized/cfa57b6a-bbfc-44c9-91b3-13309aae9908.png,https://k12static.xdf.cn/k12/image/externalized/3dfb1223-da4b-41db-82e4-c4ee6b068d79.png
3650148526913568768,★★★,3,中等题,★★★,3,中等题,中等题,否,边界保留,中,基础题 / 中等题,最高难任务形成常规多步分析，或整题具有受控的非重复规则广度。 原标注依据：实验室制取氢气装置的相关考查 现有模型存在相邻档分歧；复核后主标签保留原档，同时记录相邻档为可接受边界。,实验室制取氢气装置的相关考查,实验室可用如图装置制备并收集$\mathrm{H_2}$。下列有关说法不正确的是（ ）,https://k12static.xdf.cn/k12/image/externalized/26ef34c5-b72d-402d-a2b2-417b50da4632.png,https://k12static.xdf.cn/k12/image/externalized/3072ba50-6aa5-4b37-b4c2-4cc5b7ab918c.png
2752652145996636160,★★,2,基础题,★★,2,基础题,中等题,是,明确改标,高,基础题,最高难任务仍是单一熟悉关系的一次应用或直接读图，多个选项没有形成连续依赖、共享复杂模型或完整实验推理，校准为基础题。,电解水实验相关考查-基本现象及体积比,用如下图所示的装置进行水的电解实验，有以下的描述：①甲试管内产生的气体能使带火星木条复燃；②乙试管内产生的气体能燃烧，且燃烧时发出淡蓝色火焰；③甲试管内收集到的气体与乙试管内收集到的气体的体积比为2:1.以上描述中正确的是,https://k12static.xdf.cn/k12/image/externalized/951cd900-9ff9-4557-a457-83cb2837a3d8.png,https://k12static.xdf.cn/k12/image/externalized/56d09c20-44de-4e07-8896-9ca2d24c7b60.png
3671940578274291712,★★★,3,中等题,★★★,3,中等题,中等题,否,边界保留,中,基础题 / 中等题,最高难任务形成常规多步分析，或整题具有受控的非重复规则广度。 原标注依据：科普阅读题 现有模型存在相邻档分歧；复核后主标签保留原档，同时记录相邻档为可接受边界。,科普阅读题,【科普阅读】 $2025$年诺贝尔化学奖授予了金属有机框架( $\rm{MOFs}$ )领域的三位科学家。$\rm{MOFs}$是由金属离子与有机分子构成的具有可调控孔道结构的材料。 $\rm{MOFs}$具有广泛的应用。在环境保护方面，可高效吸附水中重金属离子(如$\text{Pb}^{2+}$)和空气中的$\text{SO}_2$、$\text{NO}_2$等污染物;在水资源获取方面，能从干燥空气中高效捕集水分。碳中和领域，$\r…,https://k12static.xdf.cn/k12/image/externalized/7c386f34-c7de-4cc2-bbe5-34d2964b3907.png,https://k12static.xdf.cn/k12/image/externalized/80832ed4-9002-4a38-8ff5-e8e4e642de4c.png
2933898084492861440,★★★★,4,拔高题,★★★★,4,拔高题,拔高题,否,边界保留,中,中等题 / 拔高题,题目存在决定性转换、方案评价、多约束或高密度综合链。 原标注依据：多点融合，综合判断 现有模型存在相邻档分歧；复核后主标签保留原档，同时记录相邻档为可接受边界。,多点融合，综合判断,（一）甲工厂：利用某工业废弃固体（成分为Cu2S和FeS2）制备硫酸铜溶液和硫酸亚铁晶体，流程如图1所示。 （已知：①固体B含有氧化铜、氧化铁；②铁能与硫酸铁反应生成硫酸亚铁。） （1）操作Ⅰ是 ________ 。为了提高废弃固体的反应速率，除将固体粉碎、提高温度外，还可以采取的具体措施有 ________ （写一条）。 （2）写出FeS2在空气中灼烧的化学方程式 ________ 。 （3）溶液C中的溶质有 ________ （用…,https://k12static.xdf.cn/k12/image/externalized/cdc5418c-bf30-433b-a4e3-cddc524d8312.png,https://k12static.xdf.cn/k12/image/externalized/f7125fc4-9545-4cb6-9a7b-b3c5395037e8.png
2863389748323192832,★★★,3,中等题,★★★,3,中等题,中等题,否,一致保留,高,中等题,最高难任务形成常规多步分析，或整题具有受控的非重复规则广度。 原标注依据：框图推断，各物质,框图推断，各物质,如图所示，A～G都是初中化学常见的物质。通常情况下，A、B、G为黑色固体，D为红色固体，F为红棕色固体，C、E为无色气体，C是绿色植物进行光合作用的一种原料，G是目前年产量最高的金属。它们之间相互转化的关系如图所示（图中部分反应物或生成物已省略），回答： （1）写出物质C、G的化学式：C ________ ，G ________ 。 （2）写出图中反应①的化学方程式： ________ 。 （3）图中反应③的化学方程式： ______…,https://k12static.xdf.cn/k12/image/externalized/b0deb9a1-1fa4-42c6-8006-6053c1afefa6.png,https://k12static.xdf.cn/k12/image/externalized/b2208455-4504-44a1-90dd-dfedeb82e5eb.png
3044743973378228224,★★★★★,5,压轴题,★★★★★,5,压轴题,压轴题,否,边界保留,中,拔高题 / 压轴题,题目包含复杂建模、多阶段证据和定量关系的深层耦合。 原标注依据：涉及SO₂、银盐、电导率、Ksp和物质的量浓度 现有模型存在相邻档分歧；复核后主标签保留原档，同时记录相邻档为可接受边界。,涉及SO₂、银盐、电导率、Ksp和物质的量浓度,Ⅰ.实验探究 将SO2通入到AgNO3溶液中，得到白色“沉淀X“和“溶液Y”，进行以下探究。 （1）成分探究 为探究“沉淀X”的成分，设计以下实验。 查阅资料：BaSO4、Ag2SO3难溶，Ag2SO4微溶，BaSO3难溶于水，溶于盐酸，银盐易与过量浓氨水反应得到[Ag（NH3）2]+。 写出由溶液甲得到沉淀甲时主要反应的化学方程式 ________ 。 （2）“${SO}_{4}^{2-}$”产生途径的探究 预测${SO}_{4}^…,https://k12static.xdf.cn/k12/image/externalized/56f6bbb1-f2c2-4a4a-b49a-c1ac8f3f5a57.png,https://k12static.xdf.cn/k12/image/externalized/309e8d32-4932-45c8-be03-597a178c68c7.png
2676052248048975872,★★★,3,中等题,★★★,3,中等题,中等题,否,一致保留,高,中等题,最高难任务形成常规多步分析，或整题具有受控的非重复规则广度。 原标注依据：制取氧气相关+计算,制取氧气相关+计算,氧气是生命活动的重要物质，在生活和生产中具有广泛应用。 （1）请画出氧原子（核电荷数为8）的结构示意图 ________ 。 （2）如图所示为实验室中常见的气体制备和收集装置。 ①实验室加热氯酸钾和二氧化锰的混合物制取氧气，应选用一套装置组合是 ________ （填字母序号），反应的化学方程式为 ________ ，根据你选择的收集装置，写出如何对收集的氧气进行验满 ________ 。 ②若用B作气体发生装置制氧气，反应的化学方程…,https://k12static.xdf.cn/k12/image/externalized/d06da600-42cb-4fe9-9e9c-3141fb8c2ca0.png,https://k12static.xdf.cn/k12/image/externalized/357c6c84-ff75-4aac-8878-be25cf9a08dc.png
3102032123401654272,★★,2,基础题,★★,2,基础题,基础题,否,边界保留,中,送分题 / 基础题,最高难任务需要一次实质应用、转换或基础实验判断，但模型完全显性。 原标注依据：自来水净化，过滤 现有模型存在相邻档分歧；复核后主标签保留原档，同时记录相邻档为可接受边界。,自来水净化，过滤,城市的生活用水是经自来水厂净化处理过的。如图是自来水厂净化水的过程示意图。,https://k12static.xdf.cn/k12/image/externalized/5b6a244a-fb34-4985-8ddd-aa39df24ecc4.png,https://k12static.xdf.cn/k12/image/externalized/878e0169-0f4b-49ff-ae8b-d743202a0876.png
2810920129911853056,★★★,3,中等题,★★★,3,中等题,中等题,否,边界保留,中,基础题 / 中等题,最高难任务形成常规多步分析，或整题具有受控的非重复规则广度。 原标注依据：溶液配制误差、pH测定误差和除杂 现有模型存在相邻档分歧；复核后主标签保留原档，同时记录相邻档为可接受边界。,溶液配制误差、pH测定误差和除杂,实验是科学探究的重要途径，请将下列有关实验问题填写完整。 （1）配制一定浓度的氯化钠溶液时，若溶质质量分数偏大，可能是量取水时 （填“俯视”或“仰视”）所致； （2）测定稀硫酸的pH时，先用水将pH试纸润湿会使结果偏 （填“大”或“小”）； （3）除去NaOH溶液中少量的Na2CO3，不能选用盐酸的原因是 。,https://k12static.xdf.cn/k12/image/externalized/e9ddd24f-d960-4a67-b7f8-b003ec8cdda9.png,https://k12static.xdf.cn/k12/image/externalized/32a95833-18e5-403c-a498-d2589dfe5c5d.png
2863852240098033664,★★★,3,中等题,★★★,3,中等题,中等题,否,边界保留,中,基础题 / 中等题,最高难任务形成常规多步分析，或整题具有受控的非重复规则广度。 原标注依据：物理化学性质+中和反应 现有模型存在相邻档分歧；复核后主标签保留原档，同时记录相邻档为可接受边界。,物理化学性质+中和反应,厨房中的化学 （1）“落汤螃蟹着红袍”，活的螃蟹甲壳中的虾青素与蛋白质结合形成青绿色的复合物，高温煮熟蛋白质变性，将虾青素释放出来而显露出红色，“落汤”过程属于 （填“物理”或“化学”，下同）变化，虾青素易溶于有机溶剂，该性质属于 性质。 （2）凉皮的主要原料是面粉，面粉中富含的主要有机营养素是 。 （3）下列厨房用品属于有机高分子材料的是 （填标号）。 A．铁锅 B．塑料盆 C．陶瓷碗 （4）铁锅易生锈，常采取的防锈措施为 。 （5…,https://k12static.xdf.cn/k12/image/externalized/e60a9d07-8268-41a4-9384-e4e92af5ae37.png,https://k12static.xdf.cn/k12/image/externalized/0ff2321d-9029-4892-af12-3eaffbc0ae7e.png
3025440272330825728,★★★★,4,拔高题,★★★★,4,拔高题,中等题,是,明确改标,高,拔高题,题目包含决定性转换或高密度综合链，需要图像反推、竞争解释排除、方案评价、多步守恒/差量，或多个高阶任务共同作用，校准为拔高题。,溶解度+曲线分析，,图1为硝酸钾和氯化钾的溶解度曲线，图2为兴趣小组进行的实验，R物质是硝酸钾或氯化钾中的一种。下列说法正确的是,https://k12static.xdf.cn/k12/image/externalized/f6542dbe-87ee-4032-a6bd-9d8cca8da06f.png,https://k12static.xdf.cn/k12/image/externalized/0b550124-c903-4e2c-baad-75a66d2aeeca.png
2810917874295177216,★★★,3,中等题,★★★,3,中等题,中等题,否,一致保留,高,中等题,最高难任务形成常规多步分析，或整题具有受控的非重复规则广度。 原标注依据：碳产生、碳封存、碳转化和碳捕捉，综合实验计算,碳产生、碳封存、碳转化和碳捕捉，综合实验计算,我国将在2060年前实现“碳中和”的目标，展示了我国负责任大国的担当。为实现“碳中和”目标需要分析“碳产生”的原因，研究“碳封存”、“碳转化”和“碳捕捉”的方法。 Ⅰ.“碳产生”：产生CO2的途径主要是含碳燃料的燃烧和工业废气 （1）工业上，燃烧天然气发电会产生CO2，写出反应的化学方程式 ________ 。 （2）实验室中，用如图所示装置制备和收集CO2，则A中反应的化学方程式为 ________ ；用B装置收集CO2，气体应从 …,https://k12static.xdf.cn/k12/image/externalized/6752df9f-ca3e-4733-8f6f-4fb12f6d816e.png,https://k12static.xdf.cn/k12/image/externalized/66781909-287a-4f39-bc22-1da51027a498.png
2770275437582585856,★★★,3,中等题,★★★,3,中等题,中等题,否,边界保留,中,基础题 / 中等题,最高难任务形成常规多步分析，或整题具有受控的非重复规则广度。 原标注依据：氢气燃烧+材料+元素周期表 现有模型存在相邻档分歧；复核后主标签保留原档，同时记录相邻档为可接受边界。,氢气燃烧+材料+元素周期表,“江南忆，最忆是杭州”，以“绿色、智能、节俭、文明”为理念的杭州亚运会赢得高度赞誉。请回答下列问题： （1）亚运会期间启用加氢站助力“碳中和”，氢气做燃料能有效减少“碳排放”的原因是 （用符号表达式表示）。 （2）亚运会场馆地面加入石墨烯防滑剂，以提高地面的安全性和防滑性。石墨烯是石墨的单层结构（如图所示），请分析，石墨烯在物质分类中属于 （选填“单质”或“化合物”）。 （3）亚运会吉祥物琮琮、宸宸和莲莲主要由涤纶材料制成，涤纶属于 …,https://k12static.xdf.cn/k12/image/externalized/6b0f87e2-b069-42ce-b7e2-386dec233d5e.png,https://k12static.xdf.cn/k12/image/externalized/9b748cef-3977-4967-9f5f-fdf0656d697f.png
2248521015603507200,★★★,3,中等题,★★★,3,中等题,中等题,否,一致保留,高,中等题,最高难任务形成常规多步分析，或整题具有受控的非重复规则广度。 原标注依据：多步空气中氧含量测定问题，含多步分析验证,多步空气中氧含量测定问题，含多步分析验证,空气中氧气含量测定再认识。 【你知道吗】二面多年前，化学家 ________ （选填字母）用如图1的实验装置定量的研究了空气的成分，得出氧气约占空气体积的五分之一的结论。 A.道尔顿 B.门捷列夫 C.拉瓦锡 D.屠呦呦 【实验回顾】实验室常用图2所示的方法测定空气中氧气的含量。 （1）写出红磷燃烧的化学符号表达式 ________ 。 （2）误差分析：用该方法测出的氧气含量若不准确，原因可能有如下几点： A.红磷的量不足 B.塞子塞…,https://k12static.xdf.cn/k12/image/externalized/f6f33fe4-e198-44a8-b532-db05edd7047a.png,https://k12static.xdf.cn/k12/image/externalized/b056666d-f09a-4961-a377-f2e3927b8d95.png
2941457550026231808,★★★,3,中等题,★★★,3,中等题,中等题,否,一致保留,高,中等题,最高难任务形成常规多步分析，或整题具有受控的非重复规则广度。 原标注依据：氧化物+盐的反应,氧化物+盐的反应,若N表示非氢气的一种或两种物质，则M可能是下列（已知：某反应可用通式：M+H2SO4（稀）=MSO4+N来表示）（ ） ①CaCO3 ②Fe2O3 ③Na2CO3 ④CuO,https://k12static.xdf.cn/k12/image/externalized/75f9d5aa-2721-42c9-b59f-fbb6a954a57b.png,https://k12static.xdf.cn/k12/image/externalized/56eee469-044b-48eb-afff-98e64b76656b.png
2861737400586489856,★★,2,基础题,★★,2,基础题,基础题,否,一致保留,高,基础题,最高难任务需要一次实质应用、转换或基础实验判断，但模型完全显性。 原标注依据：人体健康,人体健康,以人为本，关注健康是人类永恒的主题。下列叙述正确的是（ ）,https://k12static.xdf.cn/k12/image/externalized/2630adf5-0f46-463c-9462-4f56dede9a82.png,https://k12static.xdf.cn/k12/image/externalized/441c1c03-cf9a-478c-aa75-69059e67e1b9.png
2861738888741818368,★★★,3,中等题,★★★,3,中等题,拔高题,是,明确改标,高,中等题,任务虽然有多个知识点或较长情境，但最高难链仍属于显性的常规2—3层分析；没有决定性隐含转换、复杂方案设计、多约束筛选或高密度综合链，校准为中等题。,酸碱盐转化需逐一验证转化路径的可行性,下列物质转化在给定条件下能够实现的是（ ）,https://k12static.xdf.cn/k12/image/externalized/622349b1-0b1e-4adc-ac22-476e62d02114.png,https://k12static.xdf.cn/k12/image/externalized/2b6afcaa-55a7-4c2b-bd83-c342b031c8c9.png
2811488622936129536,★★★,3,中等题,★★★,3,中等题,拔高题,是,明确改标,高,中等题,任务虽然有多个知识点或较长情境，但最高难链仍属于显性的常规2—3层分析；没有决定性隐含转换、复杂方案设计、多约束筛选或高密度综合链，校准为中等题。,酸碱盐转化需逐一验证转化路径的可行性,在给定条件下，下列物质的转化能实现的是（ ）,https://k12static.xdf.cn/k12/image/externalized/e41ce325-eb92-4a1f-b237-5722946a50e6.png,https://k12static.xdf.cn/k12/image/externalized/f62ccef2-f510-480a-80d8-781f319c06cf.png
2962790625140576256,★★★,3,中等题,★★★,3,中等题,中等题,否,一致保留,高,中等题,最高难任务形成常规多步分析，或整题具有受控的非重复规则广度。 原标注依据：燃烧产物判断，无计算,燃烧产物判断，无计算,天然气是一种重要的化石能源，其主要成分是甲烷，某校化学兴趣小组的同学对甲烷燃烧的产物产生了兴趣，请参与： 【提出问题】甲烷燃烧后生成哪些物质？ 【查阅资料】①含碳元素的物质有充足的氧气完全燃烧生成CO2。不完全燃烧生成CO：②无水CuSO4遇水变蓝。③氢氧化钠与二氧化碳会反应。 【猜想与假设】 （1）猜想一：CO2、H2O；猜想二： ________ ；猜想三：CO2、CO、H2O。 【实验探究】将甲烷在一定量的纯净氧气中燃烧的产物依…,https://k12static.xdf.cn/k12/image/externalized/e0fd44e8-10f7-4396-8f9b-fd4398a034b8.png,https://k12static.xdf.cn/k12/image/externalized/e38b3d2a-701c-4c12-846f-adc7abb59f45.png
2760133501205901312,★★★,3,中等题,★★★,3,中等题,中等题,否,一致保留,高,中等题,最高难任务形成常规多步分析，或整题具有受控的非重复规则广度。 原标注依据：工业制氧原理/实验室制氧装置/操作含流程图和装置图,工业制氧原理/实验室制氧装置/操作含流程图和装置图,氧气是一种重要的气体，在生产和生活中有广泛的用途。 （1）工业制取氧气的原理如下：（已知氧气沸点为-183℃，氮气沸点为-196℃） “操作2”得到的气体A是 ________ （填化学式），液体B是 ________ （填“纯净物”或“混合物”）。 （2）实验室制取氧气的发生装置及收集装置如图。仪器b为分液漏斗，用于随时添加液体。 ①仪器a的名称是 ________ 。 ②实验室用高锰酸钾制取氧气，反应的化学方程式是 _______…,https://k12static.xdf.cn/k12/image/externalized/6fd21bac-30ff-4e3a-abc6-9bbe420c2bb7.png,https://k12static.xdf.cn/k12/image/externalized/d446b384-e687-4fbb-9628-696c913773d2.png
2624079273197330432,★★★,3,中等题,★★★,3,中等题,基础题,是,明确改标,高,中等题,整题包含多个非重复应用任务，或多问共享同一实验、装置或过程模型；需要在方程式、现象解释、装置判断、实验操作或计算规则之间切换，已超过一步基础应用，校准为中等题。,电解水方程式/结论/微观本质，含实验图，需微观解释,实验1、2是关于水的两个实验。 （1）实验1中反应的化学方程式为 ________ 。 （2）通过实验1可以得出结论：水是由 ________ 组成的。 （3）从微观角度分析：实验1和实验2的本质区别是 ________ 。,https://k12static.xdf.cn/k12/image/externalized/86655f67-8a9a-4d35-8a08-dc9f232374f2.png,https://k12static.xdf.cn/k12/image/externalized/97b010fa-c718-47f8-baf0-1ac0aca1d1f5.png
2737272627998511104,★★★,3,中等题,★★★,3,中等题,中等题,否,一致保留,高,中等题,最高难任务形成常规多步分析，或整题具有受控的非重复规则广度。 原标注依据：金属活动性/过滤/回收流程含流程图，需分析各步骤物质,金属活动性/过滤/回收流程含流程图，需分析各步骤物质,某实验室的废水中含有大量AgNO3、Zn(NO3)2和Fe(NO3)2，课外小组同学欲从该废液中回收银，并得到副产品硫酸亚铁晶体，实验方案如下：,https://k12static.xdf.cn/k12/image/externalized/91b0d548-5319-41b6-8fb5-e563d8727baf.png,https://k12static.xdf.cn/k12/image/externalized/dded598a-80b4-4e48-b760-b336351d4f40.png
2904135363852574720,★★★,3,中等题,★★★,3,中等题,中等题,否,一致保留,高,中等题,最高难任务形成常规多步分析，或整题具有受控的非重复规则广度。 原标注依据：物质鉴别框图推断，以耀眼白光和刺激性气味为突破口，各物质,物质鉴别框图推断，以耀眼白光和刺激性气味为突破口，各物质,A-G是初中常见的几种物质，它们有如图所示的转化关系，已知A、C是元素组成相同的两种不同化合物，B与D反应发出耀眼的白光，生成F为白色粉末，G是一种无色有刺激性气味的气体，回答下列问题： （1）写出G的化学式 ________ 。 （2）写出A→B+C反应的化学方程式 ________ 。 （3）写出D与稀盐酸反应的现象 ________ 。,https://k12static.xdf.cn/k12/image/externalized/51602321-990b-412c-8143-75ac54578640.png,https://k12static.xdf.cn/k12/image/externalized/5155a59c-334d-4ff8-a7a2-daa861d9299c.png
2862592645242826752,★★★★,4,拔高题,★★★★,4,拔高题,拔高题,否,一致保留,高,拔高题,题目存在决定性转换、方案评价、多约束或高密度综合链。 原标注依据：金稳定性/磁铁矿炼铁优势/铝热反应+滤液滤渣需综合分析,金稳定性/磁铁矿炼铁优势/铝热反应+滤液滤渣需综合分析,金属是现代生活和工业生产中应用极为普遍的一类重要物质。 （1）金在自然界中可以单质形式存在，说明它的化学性质 ________ 。 （2）将磁铁矿（主要成分：Fe3O4）和菱铁矿（主要成分：FeCO3）两种铁矿石进行比较，从化学的角度分析，磁铁矿作炼铁原料更具优势，其原因是 ________ 。 （3）高铁的迅速发展对钢轨的需求量越来越大，质量要求越来越高。工业上经常用“铝热反应”来焊接钢轨，其原理是：8Al+3Fe3O4$\frac…,https://k12static.xdf.cn/k12/image/externalized/0811b32e-aefb-4862-95f4-b56aeb2c9dbc.png,https://k12static.xdf.cn/k12/image/externalized/5ab8cab3-773a-46bd-bc5d-b195eed7339c.png
2834348607810138112,★★★,3,中等题,★★★,3,中等题,中等题,否,一致保留,高,中等题,最高难任务形成常规多步分析，或整题具有受控的非重复规则广度。 原标注依据：复分解反应微观实质/条件判断/实验探究含微观示意图和实验设计,复分解反应微观实质/条件判断/实验探究含微观示意图和实验设计,某兴趣小组利用“盐酸、硫酸铜、氢氧化钠、碳酸钠、硝酸钾”五种溶液对“复分解反应发生的条件”进行再探究。 【知识回顾】（1）回忆向滴有酚酞试剂的氢氧化钠溶液中滴加稀盐酸的实验，（2）观察两者反应的微观示意图（图1），该反应过程没有变化的微粒是 ________ ，两者反应的微观实质是溶液中的 ________ 。 【实质再探】（1）向氢氧化钠溶液中滴加硫酸铜溶液反应的化学方程式是 ________ ，图2是二者反应的微观示意图，两者反应…,https://k12static.xdf.cn/k12/image/externalized/307c252b-da61-4c90-b270-85ed80dc94d1.png,https://k12static.xdf.cn/k12/image/externalized/4a43ac04-07e9-41c4-b488-2c289ea076f8.png
2770042196167516160,★★★,3,中等题,★★★,3,中等题,中等题,否,一致保留,高,中等题,最高难任务形成常规多步分析，或整题具有受控的非重复规则广度。 原标注依据：连线式推断，以气体肥料和相对分子质量为突破口，转化关系,连线式推断，以气体肥料和相对分子质量为突破口，转化关系,A、B、C、D是初中化学常见的四种物质，它们之间的转化关系如图所示（“→”表示反应能一步实现，部分物质和反应条件已略去）。已知A可作气体肥料，B、C、D中均含有同一种金属元素，其中C的相对分子质量为56，C与水化合生成D。 （1）B转化为C的基本反应类型为 ________ 。 （2）A转化为B的化学方程式为 ________ 。 （3）C与水化合生成D的化学方程式为 ________ 。,https://k12static.xdf.cn/k12/image/externalized/4a68deef-3c1d-4f4a-a872-b8241114daa3.png,https://k12static.xdf.cn/k12/image/externalized/62d6779e-8d65-49cc-85c5-53c999cc1123.png
2139844135438389248,★★,2,基础题,★★,2,基础题,基础题,否,一致保留,高,基础题,最高难任务需要一次实质应用、转换或基础实验判断，但模型完全显性。 原标注依据：过氧化氢的反应,过氧化氢的反应,某学生学习了双氧水制氧气的实验后，想起自己家里也有一瓶消毒用双氧水，经查看发现已过期，但不知是否完全变质，于是他将该瓶双氧水带到学校，进行了如图所示的探究。试回答：,https://k12static.xdf.cn/k12/image/externalized/3937bcf8-b29e-43d0-b1ee-cdf5184fa893.png,https://k12static.xdf.cn/k12/image/externalized/2bf1be58-32c6-4777-a57f-60e5a1789710.png
2951623851481337856,★★,2,基础题,★★,2,基础题,基础题,否,一致保留,高,基础题,最高难任务需要一次实质应用、转换或基础实验判断，但模型完全显性。 原标注依据：营养素/溶解性/等知识点堆砌,营养素/溶解性/等知识点堆砌,化学源于生活，服务于生活。 （1）青岛鲅鱼，营养美味。 每100g鲅鱼肉中含有的部分营养成分如图，下列表述错误的是 。 A．食用鱼肉可预防夜盲症 B．鱼肉中含有的主要营养素为蛋白质 C．鱼肉营养丰富，可在日常饮食中代替主食 （2）青岛啤酒，享誉世界。 ①打开啤酒瓶盖会有大量气泡冒出，是因为 。 ②制作啤酒瓶的玻璃属于 （填字母）。 A．天然材料 B．有机合成材料 C．无机非金属材料 D．复合材料 （3）青岛地铁，畅达幸福。 ①制造机车…,https://k12static.xdf.cn/k12/image/externalized/a676c2e3-9e00-4a4f-8fc0-8f0faf4bb790.png,https://k12static.xdf.cn/k12/image/externalized/13e74c40-c5cc-45cf-90c3-eb9ddd20c33a.png
3035385419707240448,★★★★,4,拔高题,★★★★,4,拔高题,中等题,是,明确改标,高,拔高题,题目包含决定性转换或高密度综合链，需要图像反推、竞争解释排除、方案评价、多步守恒/差量，或多个高阶任务共同作用，校准为拔高题。,常见离子检验/物质鉴别需多步实验探究确定溶质,某同学在帮助实验员整理化学试剂时发现了一瓶标签残缺的无色溶液（如图甲所示），经实验员分析可知原瓶溶液中的溶质可能是NaCl、NaOH、Na2CO3、NaHCO3中的一种，为确认溶液中的溶质，他设计并进行了如下探究活动。【资料查阅】上述四种物质的相关信息如下：物质NaClNaOHNa2CO3NaHCO3常温下的溶解度/g3610921.59.6常温下稀溶液的pH713119请回答下列问题：【实验探究1】如上图乙所示，在操作①后可确定溶质…,https://k12static.xdf.cn/k12/image/externalized/3812cebe-bff3-437d-967e-85744cda9e50.png,https://k12static.xdf.cn/k12/image/externalized/4c9743bb-6101-47a9-b3ad-92320a1a1339.png
2760496821114875904,★★★,3,中等题,★★★,3,中等题,中等题,否,一致保留,高,中等题,最高难任务形成常规多步分析，或整题具有受控的非重复规则广度。 原标注依据：过氧化氢制氧/燃烧条件/控制变量含创新实验装置,过氧化氢制氧/燃烧条件/控制变量含创新实验装置,控制变量和对比实验是科学探究的重要形式。某化学兴趣小组利用如图装置进行燃烧条件的探究，装置的气密性良好，实验前弹簧夹K1、K2都处于关闭状态。,https://k12static.xdf.cn/k12/image/externalized/9e5f7b39-e7e6-4fee-a75d-5e257af387a9.png,https://k12static.xdf.cn/k12/image/externalized/0d848864-07d5-4ff2-9bd3-f4fec99d175a.png
3088109137714843648,★★★,3,中等题,★★★,3,中等题,中等题,否,边界保留,中,基础题 / 中等题,最高难任务形成常规多步分析，或整题具有受控的非重复规则广度。 原标注依据：合成材料/金属性质/方程式/催化剂/能量变化 现有模型存在相邻档分歧；复核后主标签保留原档，同时记录相邻档为可接受边界。,合成材料/金属性质/方程式/催化剂/能量变化,2023年10月26日“神舟十七号”太空飞船成功发射，标志着我国载人航天进入新的发展阶段。 Ⅰ、航天材料 （1）航天员舱外航天服使用的聚氯酯橡胶是 （填“隔热”或“导热”）材料。 （2）太阳能电池板需要使用铝合金箔片，铝合金能加工成箔片是利用了金属的 性。 Ⅱ、生命保障 （3）航天员呼出的二氧化碳在一定条件下与氢气反应生成甲烷和水。其化学方程式为 。 Ⅲ、能源系统 （4）长征2F型火箭使用的推进剂为偏二甲肼和四氧化二氮，其反应方程式为…,https://k12static.xdf.cn/k12/image/externalized/da61b58f-e908-448d-b837-d9c4914e2975.png,https://k12static.xdf.cn/k12/image/externalized/d430533c-d98b-4f7f-abc9-ffcae348a8db.png
2811494186129936384,★★★,3,中等题,★★★,3,中等题,中等题,否,边界保留,中,基础题 / 中等题,最高难任务形成常规多步分析，或整题具有受控的非重复规则广度。 原标注依据：酸碱盐转化需逐一验证各转化路径可行性与产物正确性 现有模型存在相邻档分歧；复核后主标签保留原档，同时记录相邻档为可接受边界。,酸碱盐转化需逐一验证各转化路径可行性与产物正确性,下列物质的转化在给定条件下均能实现的是（ ）,https://k12static.xdf.cn/k12/image/externalized/84cc01b2-1324-4a47-9f20-9ff03b0378a8.png,https://k12static.xdf.cn/k12/image/externalized/444643cf-7dc2-48e3-aeae-ca104e338dfd.png
2774617420599955456,★★★★,4,拔高题,★★★★,4,拔高题,中等题,是,明确改标,高,拔高题,题目包含决定性转换或高密度综合链，需要图像反推、竞争解释排除、方案评价、多步守恒/差量，或多个高阶任务共同作用，校准为拔高题。,合金/活动性/金属回收方案评价/滤渣滤液多选,“乌铜走银”是云南省石屏县始创的一种独特的铜制工艺品技艺，迄今已有300余年的历史。,https://k12static.xdf.cn/k12/image/externalized/49da8218-d62d-4b51-b9ea-6fceb1bb6502.png,https://k12static.xdf.cn/k12/image/externalized/924c3f59-8eba-41f8-8fcc-cc87b4ad1579.png
3308089709421686784,★★★,3,中等题,★★★,3,中等题,中等题,否,一致保留,高,中等题,最高难任务形成常规多步分析，或整题具有受控的非重复规则广度。 原标注依据：盐的检验/定量测定含实验设计和计算,盐的检验/定量测定含实验设计和计算,草木灰是农作物秸秆燃烧后的剩余灰烬，其中富含可溶性钾盐。项目小组同学围绕草木灰成分和用途开展探究，请结合任务回答问题。 【任务一】探究草木灰的成分。 【提出问题】草木灰中含有哪些钾盐？ 【作出猜想】草木灰中可能含有碳酸钾、硫酸钾中的一种或两种。 【实验探究】取适量草木灰样品，用水充分浸泡后过滤。 操作 现象 结论 ①取滤液少许，向其中加入 ________ ________ 草木灰中只含有碳酸钾 ②向步骤①所得溶液中滴加氯化钡溶液 _…,https://k12static.xdf.cn/k12/image/externalized/488d4211-474b-4c51-a898-8ddc909c0fde.png,https://k12static.xdf.cn/k12/image/externalized/1ec5b96f-3106-4b01-9122-6af15e18c9e0.png
2942454659245445120,★★★,3,中等题,★★★,3,中等题,中等题,否,边界保留,中,基础题 / 中等题,最高难任务形成常规多步分析，或整题具有受控的非重复规则广度。 原标注依据：酸的化学性质与颜色变化多选题需逐一验证选项 现有模型存在相邻档分歧；复核后主标签保留原档，同时记录相邻档为可接受边界。,酸的化学性质与颜色变化多选题需逐一验证选项,如图表示化学反应中溶液的颜色变化，下列叙述错误的是（ ）,https://k12static.xdf.cn/k12/image/externalized/4f5beebe-8d44-4a97-9a68-de1f38155e88.png,https://k12static.xdf.cn/k12/image/externalized/b7594e23-9e13-474a-ba4a-7181790d047a.png
2810572303125000192,★★★,3,中等题,★★★,3,中等题,中等题,否,边界保留,中,中等题 / 拔高题,最高难任务形成常规多步分析，或整题具有受控的非重复规则广度。 原标注依据：水净化流程/酸碱盐转化含多步分析和流程图 现有模型存在相邻档分歧；复核后主标签保留原档，同时记录相邻档为可接受边界。,水净化流程/酸碱盐转化含多步分析和流程图,水是一种重要的自然资源，具有重要作用。 Ⅰ.净化天然水为饮用水 生命吸管（如图1所示）可直接将污水净化为饮用水，主要处理步骤如图2所示。 （1）《生活饮用水卫生标准》中规定“铜＜1.0mg/L，铁＜0.3mg/L”，其中的“铜”、“铁”是指 ________ （填“元素”“单质”或“原子”）。 （2）图2中双层纺织网的作用与 ________ 操作相似，活性炭的主要作用是 ________ 。 （3）超滤膜可滤去某直径为0.5μm的微…,https://k12static.xdf.cn/k12/image/externalized/85350d1e-29d3-40dd-ae17-8f49aca185bb.png,https://k12static.xdf.cn/k12/image/externalized/9c63b097-6923-48a2-8585-2b129ec7af7d.png
2896153392938586112,★★★★,4,拔高题,★★★★,4,拔高题,中等题,是,明确改标,高,拔高题,题目包含决定性转换或高密度综合链，需要图像反推、竞争解释排除、方案评价、多步守恒/差量，或多个高阶任务共同作用，校准为拔高题。,质量守恒/CO2性质/金属活动性/燃烧条件含四图需逐一判断方案有效性,下列实验方案(夹持装置已略去)，能达到目的的是目的A.探究二氧化碳与水反应B.探究不同催化剂的催化效果C.验证质量守恒定律D.比较铁、铜、银三种金属的活动性方案,https://k12static.xdf.cn/k12/image/externalized/67bbef30-e94b-484e-83b9-a8c4346c470b.png,https://k12static.xdf.cn/k12/image/externalized/b4a80ec1-1a98-47fb-9705-8bb9d0b30616.png
3367571178955059200,★★★,3,中等题,★★★,3,中等题,中等题,否,边界保留,中,基础题 / 中等题,最高难任务形成常规多步分析，或整题具有受控的非重复规则广度。 原标注依据：石油分类/完全燃烧/合金/湿法炼铜含方程式书写 现有模型存在相邻档分歧；复核后主标签保留原档，同时记录相邻档为可接受边界。,石油分类/完全燃烧/合金/湿法炼铜含方程式书写,我国古代华夏民族在认识、改造和应用物质方面有着辉煌的历史。 （1）晋代《博物志》有关于石油的记载：“水有肥如肉汁……如凝膏，然（燃）极明”。石油是一种 （填“混合物”或“纯净物”）；北宋沈括《梦溪笔谈•石油》记载石油“然（燃）之如麻，但烟甚浓……”，是指石油燃烧不充分产生大量黑烟，可以通过 的方法减少黑烟产生。 （2）《本草纲目》卷六艾火条，时珍曰：“火镜也，以铜铸成，其面凹，摩热向日，以艾承之，则得火。”其原理是利用凹透镜将日光聚于…,https://k12static.xdf.cn/k12/image/externalized/77edb65b-e8d6-45cb-97d0-8bf01b000f95.png,https://k12static.xdf.cn/k12/image/externalized/12558d40-ff93-446c-a689-cd928797d8e0.png
3367571430479081472,★★★,3,中等题,★★★,3,中等题,中等题,否,边界保留,中,基础题 / 中等题,最高难任务形成常规多步分析，或整题具有受控的非重复规则广度。 原标注依据：CO2化学性质/发生装置/干燥/甲烷制取/CO2与水反应 现有模型存在相邻档分歧；复核后主标签保留原档，同时记录相邻档为可接受边界。,CO2化学性质/发生装置/干燥/甲烷制取/CO2与水反应,根据如图实验装置回答问题。,https://k12static.xdf.cn/k12/image/externalized/c0f1bd4f-2fe4-4911-9d7f-4b51d83d6113.png,https://k12static.xdf.cn/k12/image/externalized/251245a0-76f4-4070-a041-a2bd69e982ce.png
3367571792648843264,★★★,3,中等题,★★★,3,中等题,中等题,否,一致保留,高,中等题,最高难任务形成常规多步分析，或整题具有受控的非重复规则广度。 原标注依据：碳减排/封存/捕捉/转化多环节+计算含微观图和反应方程式,碳减排/封存/捕捉/转化多环节+计算含微观图和反应方程式,实现“双碳”目标，国家和个人都要努力。为达成这一目标，一方面要减少二氧化碳的排放，另一方面还要增加二氧化碳的封存和吸收。 国家层面,https://k12static.xdf.cn/k12/image/externalized/a176185d-519a-4874-820b-e674ef6cfb90.png,https://k12static.xdf.cn/k12/image/externalized/924d2835-9396-44d5-8828-07e524af114a.png
2770047955599212544,★★★★,4,拔高题,★★★★,4,拔高题,中等题,是,明确改标,高,拔高题,题目包含决定性转换或高密度综合链，需要图像反推、竞争解释排除、方案评价、多步守恒/差量，或多个高阶任务共同作用，校准为拔高题。,原子结构/合金/炼铁/防锈/含杂质计算,在人类社会的发展进程中，金属材料发挥着重要作用。 （1）5G通信技术是一大科技亮点，5G通信芯片由氮化镓材料制成。已知镓原子的结构示意图和镓元素在元素周期表中的信息如图所示，下列说法不正确的是 ________ （填字母代号）。 a.镓元素属于金属元素 b.镓原子的中子数为31 c.镓元素与铝元素化学性质相似 d.镓元素位于元素周期表中第四周期 （2）机器轴承用青铜而不用纯铜制，是因为青铜的硬度比纯铜的 ________ 。 （3）铁…,https://k12static.xdf.cn/k12/image/externalized/ff851863-c54d-4d42-9c38-52c05d7d53b7.png,https://k12static.xdf.cn/k12/image/externalized/d3b006cf-34c7-4d21-a857-acadc7878d34.png
2770044890313154560,★★★,3,中等题,★★★,3,中等题,中等题,否,一致保留,高,中等题,最高难任务形成常规多步分析，或整题具有受控的非重复规则广度。 原标注依据：化合价/质量比/方程式含微观示意图，需2步推导,化合价/质量比/方程式含微观示意图，需2步推导,合成气在工业生产中有着广泛用途，如图是某工业上制备合成气方法的微观示意图。 （1）写出物质丁中氢元素的化合价 。 （2）写出参加反应的甲、乙的质量比 。 （3）写出该反应的化学方程式 。,https://k12static.xdf.cn/k12/image/externalized/f02af316-dfeb-4885-9702-687c1195f728.png,https://k12static.xdf.cn/k12/image/externalized/17a4edef-b367-4a52-aeac-100e4fd30e9b.png
3214342901317881856,★★★,3,中等题,★★★,3,中等题,中等题,否,一致保留,高,中等题,最高难任务形成常规多步分析，或整题具有受控的非重复规则广度。 原标注依据：质量守恒/方程式计算需2-3步计算碳酸钙质量分数,质量守恒/方程式计算需2-3步计算碳酸钙质量分数,学习化学后，小红同学知道了鸡蛋壳的主要成分是碳酸钙。为了测定鸡蛋壳中碳酸钙的质量分数，她收集了干燥的鸡蛋壳拿去实验室，与足量稀盐酸在烧杯中反应（杂质不与盐酸反应）。有关实验数据如下表： 反应前 反应后 烧杯和稀盐酸总质量 鸡蛋壳的质量 烧杯和剩余物总质量 150g 6.25g 154.05g （1）反应生成CO2的质量为多少g。（2）请你帮助小红同学计算她收集的鸡蛋壳中碳酸钙的质量分数。（写出计算过程）,https://k12static.xdf.cn/k12/image/externalized/210f0bd8-75ac-4f13-bea8-ddde18f98b78.png,https://k12static.xdf.cn/k12/image/externalized/50f21644-fcfd-4044-be97-1700e2827fba.png
2762833572478373888,★★★,3,中等题,★★★,3,中等题,中等题,否,一致保留,高,中等题,最高难任务形成常规多步分析，或整题具有受控的非重复规则广度。 原标注依据：连线式推断/微观示意图分析/催化剂,连线式推断/微观示意图分析/催化剂,“碳中和”是指二氧化碳的排放和吸收要实现“收支相抵”。,https://k12static.xdf.cn/k12/image/externalized/cc72bb20-548e-4206-b1d6-5f62cf0ae0cd.png,https://k12static.xdf.cn/k12/image/externalized/7ab82669-7a2a-47a9-8f41-d5e0cdad2eec.png
2963159371790688256,★★★★,4,拔高题,★★★★,4,拔高题,中等题,是,明确改标,高,拔高题,题目包含决定性转换或高密度综合链，需要图像反推、竞争解释排除、方案评价、多步守恒/差量，或多个高阶任务共同作用，校准为拔高题。,铁的名称/氧化反应/氧化物性质/矿石测定/CO还原产物多问题探究，,第善于提出问题、探究问题和解决问题是学好化学的重要方法．某研究性学习小组的同学在学习铁及其化合物知识时进行了系列研究： I．提出问题： 问题1：铁为何称为黑色金属？ 问题2：铁和氧气在不同条件下能发生哪些反应？ 问题3：铁有多种氧化物，它们的性质有哪些差异？ 问题4：钢铁厂在选矿时，如何测定铁矿石中的含铁量？ 问题5：用一氧化碳还原氧化铁得到的黑色固体一定是单质铁吗？ II．解决问题： 问题1 上网查寻，有两种说法： a.因为在铁表面…,https://k12static.xdf.cn/k12/image/externalized/f3d54fc9-9748-4f4f-9807-211a854f6058.png,https://k12static.xdf.cn/k12/image/externalized/bb37f847-93b0-4745-906d-dbf278a5a481.png
2366035050885046272,★★★,3,中等题,★★★,3,中等题,中等题,否,一致保留,高,中等题,最高难任务形成常规多步分析，或整题具有受控的非重复规则广度。 原标注依据：方程式/除杂试剂/操作名称含流程图需分析各步骤作用,方程式/除杂试剂/操作名称含流程图需分析各步骤作用,粗盐中含有少量不溶性杂质（泥沙），还含有少量可溶性杂质（Na2SO4、CaCl2、MgCl2）。现以粗盐为原料制取精盐，生产过程如图。 （1）写出I中发生反应的化学方程式 。 （2）加入过量Na2CO3溶液的目的是 。 （3）操作a的名称是 ，该操作和蒸发结晶都需要用到的仪器为 。 （4）加入适量稀盐酸的作用是除去滤液中的 、 （填化学式）。,https://k12static.xdf.cn/k12/image/externalized/917df892-ed4f-4d60-91e3-bdd82e3692fe.png,https://k12static.xdf.cn/k12/image/externalized/53e0930a-40db-499b-8917-b8ee06507180.png
2770041819969994752,★★★★,4,拔高题,★★★★,4,拔高题,中等题,是,明确改标,高,拔高题,题目包含决定性转换或高密度综合链，需要图像反推、竞争解释排除、方案评价、多步守恒/差量，或多个高阶任务共同作用，校准为拔高题。,质量守恒/方程式书写/混合物计算需建立比例关系求解,"乙醇常用作燃料，乙醇完全燃烧的化学方程式为 ；乙烷（化学式为C2H6）也可用作燃料，现有乙醇和乙烷的混合物5.3g,完全燃烧后生成13.2gCO2，则消耗O2的质量为 g。",https://k12static.xdf.cn/k12/image/externalized/37a124fc-e71a-4f2c-a802-e97d2fa2c079.png,https://k12static.xdf.cn/k12/image/externalized/e8e519b4-d318-447a-b2b6-951f4db9dc2a.png
2770041319266205696,★★★,3,中等题,★★★,3,中等题,中等题,否,一致保留,高,中等题,最高难任务形成常规多步分析，或整题具有受控的非重复规则广度。 原标注依据：溶解度曲线/结晶方法/质量分数计算含曲线图和稀释计算,溶解度曲线/结晶方法/质量分数计算含曲线图和稀释计算,甲、乙两种固体的溶解度曲线如图所示。甲、乙溶解度相等时的温度为 ℃；若甲中混有少量乙，可用 （填“降温”或“蒸发”）结晶的方法提纯甲；t2℃时，将75g甲的饱和溶液与50g水充分混合后，所得溶液溶质质量分数为 。,https://k12static.xdf.cn/k12/image/externalized/67641e54-0e51-4d46-b07a-e2243b5a0b0b.png,https://k12static.xdf.cn/k12/image/externalized/4737185a-5c82-4c89-80e1-b01193a19d25.png
2935369921261543424,★★★★,4,拔高题,★★★★,4,拔高题,中等题,是,明确改标,高,拔高题,题目包含决定性转换或高密度综合链，需要图像反推、竞争解释排除、方案评价、多步守恒/差量，或多个高阶任务共同作用，校准为拔高题。,中和反应现象/微观/pH曲线/方案评价/应用含多任务项目式学习,中和反应在日常生活和工农业生产中有广泛的应用。某化学兴趣小组以“探究中和反应”为主题展开项目式学习。 【任务一】认识中和反应 酸与碱作用生成盐和水的反应，叫作中和反应。兴趣小组同学利用不同酸碱验证酸碱中和反应。 （1）试管①中可观察到的现象是 ________ ，试管②中有白色沉淀产生，反应的化学方程式为 ________ 。 （2）如图四幅图表示向氢氧化钠溶液中滴加过量稀盐酸的不同时间点的微观粒子示意图，请按时间先后排序填写 ___…,https://k12static.xdf.cn/k12/image/externalized/27a717f6-1341-41e1-a98e-4cf6605f4a78.png,https://k12static.xdf.cn/k12/image/externalized/0d0c94ba-dd6f-407c-bcc4-a2da2b682895.png
2141875909409189888,★★★,3,中等题,★★★,3,中等题,中等题,否,一致保留,高,中等题,最高难任务形成常规多步分析，或整题具有受控的非重复规则广度。 原标注依据：电解水实验/气体检验/装置创新评价含NaOH电解液增强导电性,电解水实验/气体检验/装置创新评价含NaOH电解液增强导电性,如下图所示，图1是教材中水电解实验装置，图2是某化学老师针对图1实验自创新装置。 图2的创新实验操作步骤如下： 先将装置固定在铁架台上，向其中注入250g溶质质量分数为8%的氢氧化钠溶液作电解液，以增强溶液的导电性，用注射器将电解液注满移液管并倒立在装置的两极，连接好导线，开启直流电源至16V，约4分钟，产生一定量的气体时，关闭电源，随即检验两极产生的气体。 请你结合上述图示和操作步骤，回答下列问题：,https://k12static.xdf.cn/k12/image/externalized/b9a51f37-5aed-4f86-855e-4c088e154050.png,https://k12static.xdf.cn/k12/image/externalized/f0ecb7d6-b695-4d24-88b7-91cf81c8f582.png
3673164716226224128,★★★,3,中等题,★★★,3,中等题,中等题,否,一致保留,高,中等题,最高难任务形成常规多步分析，或整题具有受控的非重复规则广度。 原标注依据：溶解度曲线/饱和溶液/质量分数/结晶方法含曲线图,溶解度曲线/饱和溶液/质量分数/结晶方法含曲线图,工业制备的重铬酸钾（$\ce{K_{2}Cr_{2}O_{7}}$）中常混有少量$\ce{KCl}$，两种物质的溶解度曲线如题图所示。下列说法正确的是（ ）,https://k12static.xdf.cn/k12/image/externalized/d69a5057-2a83-4f31-b10f-24255f79d7bb.png,https://k12static.xdf.cn/k12/image/externalized/d7c617e6-623d-47d4-ae8f-6039ee22c784.png
3590640777794514944,★★★,3,中等题,★★★,3,中等题,中等题,否,一致保留,高,中等题,最高难任务形成常规多步分析，或整题具有受控的非重复规则广度。 原标注依据：氢能性质/微观电解/甲酸分解/能量利用含计算和微观图,氢能性质/微观电解/甲酸分解/能量利用含计算和微观图,氢气是一种清洁能源，氢能产业技术主要包括氢气的制取、储运及应用。任务一：分析$\mathrm{H}_{2}$的性质。查阅资料，汽油与氢气的部分性质如下表所示。编号性质数据汽油氢气A最小点火能（能在空气中能引发燃烧或爆炸所需的最小火花能量$\times 10^{-3}$ J）0.240.019B爆炸极限（在空气中能发生燃烧或爆炸的体积分数范围/%）1～7.64～75C单位质量发热量（单位质量燃料燃烧产生的热量$\times 10^{3}…,https://k12static.xdf.cn/k12/image/externalized/247fd902-1199-41ef-a811-92f2cbba2362.png,https://k12static.xdf.cn/k12/image/externalized/5ca564fd-c6c1-4820-ac74-9578115daab6.png
3441536657975701504,★★★★★,5,压轴题,★★★★★,5,压轴题,压轴题,否,一致保留,高,压轴题,题目包含复杂建模、多阶段证据和定量关系的深层耦合。 原标注依据：炼铁、脱硫流程、纳米铁制备、多反应和定量测定以及计算,炼铁、脱硫流程、纳米铁制备、多反应和定量测定以及计算,铁及其化合物在生产生活中有着广泛的应用。 一、铁的应用 （1）唐代铸造的“黄河铁牛”（如图1）为桥梁地锚，与铁柱、铁山、铁墩、铁人等共同组成坚固完善的地锚系统。 ①铸造“黄河铁牛”的过程中加入了锡，使其 ________ （填物理性质）比纯铁大。 ②工业上用赤铁矿进行高炉炼铁的化学方程式为 ________ 。 ③生活中为了防止铁制品生锈，可采取的措施有 ________ （任写一种）。 （2）铁粉可以对烟气进行“脱硫”处理，某烟气含…,https://k12static.xdf.cn/k12/image/externalized/1c44e42b-00e4-4dee-9e5b-0a84eac8cfd6.png,https://k12static.xdf.cn/k12/image/externalized/82b8fbf0-e2ed-45ae-ae16-c1fe6be77857.png
3367572794212909056,★★★★,4,拔高题,★★★★,4,拔高题,拔高题,否,边界保留,中,中等题 / 拔高题,题目存在决定性转换、方案评价、多约束或高密度综合链。 原标注依据：需分析实验现象得出结论 现有模型存在相邻档分歧；复核后主标签保留原档，同时记录相邻档为可接受边界。,需分析实验现象得出结论,生活中有时会用果蔬清洗盐来清洗果蔬，兴趣小组对某果蔬清洗盐进行了如下探究。 【查阅资料】①果蔬表面的残留，主要是植物生长过程中使用的杀虫剂等物质，常见杀虫剂多数呈酸性，少数为碱性或中性； ②某市售蛋壳类果蔬清洗盐（以下简称“清洗盐”）产品标签部分内容如下： ××蛋壳类果蔬清洗盐 【功效】除果蜡、高效去杀虫剂、除虫卵 【成分】蛋壳提取物（碳酸钙、氧化钙和氢氧化钙） 【使用方法】取适量清洗盐加入水中，再放入瓜果，轻轻揉搓并浸泡3分钟,https://k12static.xdf.cn/k12/image/externalized/f365c2d9-15b3-49ca-a891-261fc7677bdf.png,https://k12static.xdf.cn/k12/image/externalized/e2b2232d-dedc-4d99-93dd-0b9a52f1d233.png
3363532611828166656,★★★,3,中等题,★★★,3,中等题,中等题,否,一致保留,高,中等题,最高难任务形成常规多步分析，或整题具有受控的非重复规则广度。 原标注依据：化学式意义/微观示意图/复分解反应微粒,化学式意义/微观示意图/复分解反应微粒,基于“宏观—微观—符号”视角认识物质及变化是化学学科特有的思维方式，请结合图示完成下列问题。,https://k12static.xdf.cn/k12/image/externalized/05431b16-571f-430f-92b4-af32a991c118.png,https://k12static.xdf.cn/k12/image/externalized/b6563dd5-a065-479b-acba-4b42cbf322b6.png
3363531065000230912,★★★,3,中等题,★★★,3,中等题,中等题,否,边界保留,中,基础题 / 中等题,最高难任务形成常规多步分析，或整题具有受控的非重复规则广度。 原标注依据：酸的共性/元素守恒/溶解性/化合价/营养素综合素质题 现有模型存在相邻档分歧；复核后主标签保留原档，同时记录相邻档为可接受边界。,酸的共性/元素守恒/溶解性/化合价/营养素综合素质题,化学与生活息息相关，用化学视角认识“五味”，汲取生活智慧。 （1）酸：汉语中酸的本意是“醋”，醋酸化学性质与盐酸相似，是因为两种溶液中都含 。 （2）甜：蔗糖是生活中常用的甜味剂，将蔗糖在纯净氧气中燃烧，生成水和二氧化碳，则蔗糖的组成元素中一定有 。 （3）苦：黄连素，味极苦，可用于治疗肠炎，其在水中的溶解能力随温度升高而增大。为了减轻服用黄连素时产生的苦味，最好用 （选填“热水”或“凉水”）服药。 （4）辣：大蒜的辣味主要来源于大蒜…,https://k12static.xdf.cn/k12/image/externalized/d5b2cde0-a98e-48e6-9f2b-ed31828a94c7.png,https://k12static.xdf.cn/k12/image/externalized/5b5db915-892d-49c4-bff5-4be6ee5e2f1e.png
3358894075764916224,★★★,3,中等题,★★★,3,中等题,中等题,否,边界保留,中,中等题 / 拔高题,最高难任务形成常规多步分析，或整题具有受控的非重复规则广度。 原标注依据：盐的化学性质/离子检验需分析实验方案 现有模型存在相邻档分歧；复核后主标签保留原档，同时记录相邻档为可接受边界。,盐的化学性质/离子检验需分析实验方案,细心的同学发现家中长期烧自来水的壶中出现了部分水垢，为确定水垢成分，开展以下探究，请回答下列问题。 【提出问题】烧水壶中水垢的成分是什么？ 【查阅资料】①当地自来水中含有较多的$C{a}^{2+}，M{g}^{2+}，HC{O}_{3}^{-}$等离子，在加热条件下，这些离子趋于生成溶解性更小的物质，即水垢。 ②有关物质在水中的溶解性表（室温） 物质 Ca（HCO3）2 Mg（HCO3）2 Ca（OH）2 Mg（OH）2 CaCO3 …,https://k12static.xdf.cn/k12/image/externalized/b1c6f416-95ae-416b-a201-5c654dd295e4.png,https://k12static.xdf.cn/k12/image/externalized/cbccd853-686a-48cb-9fd0-e8ae2f83d772.png
3358863230436147200,★★★★,4,拔高题,★★★★,4,拔高题,拔高题,否,边界保留,中,中等题 / 拔高题,题目存在决定性转换、方案评价、多约束或高密度综合链。 原标注依据：制氧/制CO2/气体性质/光合作用含装置选择和性质验证+计算 现有模型存在相邻档分歧；复核后主标签保留原档，同时记录相邻档为可接受边界。,制氧/制CO2/气体性质/光合作用含装置选择和性质验证+计算,兴趣小组以“常见气体”为主题展开学习，请回答下列问题。 主题Ⅰ认识常见气体的制法,https://k12static.xdf.cn/k12/image/externalized/dff7c5d9-99a6-4b38-a97e-a0f1cf71c5af.png,https://k12static.xdf.cn/k12/image/externalized/8ffd49d5-9227-4f92-b42a-64696a24ea35.png
3296646793226100736,★★★,3,中等题,★★★,3,中等题,中等题,否,边界保留,中,基础题 / 中等题,最高难任务形成常规多步分析，或整题具有受控的非重复规则广度。 原标注依据：塑料/智能纤维/营养元素/合金/青铜锈蚀探究 现有模型存在相邻档分歧；复核后主标签保留原档，同时记录相邻档为可接受边界。,塑料/智能纤维/营养元素/合金/青铜锈蚀探究,被誉为“中国运河第一城”的扬州，既有深厚文化底蕴，又充满创新活力。,https://k12static.xdf.cn/k12/image/externalized/155c5196-f6a2-4664-aa58-526fbaa9a5b2.png,https://k12static.xdf.cn/k12/image/externalized/1024603c-4569-499b-965f-811a1dc8e1fc.png
3293408548525752320,★★★,3,中等题,★★★,3,中等题,中等题,否,一致保留,高,中等题,最高难任务形成常规多步分析，或整题具有受控的非重复规则广度。 原标注依据：框图推断以颜色为突破口，需判断铁氧化物和碳氧化物转化关系,框图推断以颜色为突破口，需判断铁氧化物和碳氧化物转化关系,下图表示各物质之间相互转化的关系。A和F是含有两种相同元素的固体，A为红棕色，F为黑色。C和E是含有两种相同元素的气体。B和D是固体单质，D能与稀盐酸反应。请回答下列问题：（1）A和B反应生成D和E的化学方程式是 ，基本反应类型是 。（2）C在空气中燃烧时，火焰呈 。（3）在实验室里，做D在氧气中燃烧实验时，盛有氧气的集气瓶中要预先放入一些水，目是 ，该反应的化学方程式是 。,https://k12static.xdf.cn/k12/image/externalized/382b2efd-9d2b-40bd-a65b-f0da58076a81.png,https://k12static.xdf.cn/k12/image/externalized/6ad9d962-668e-45e0-9a8e-9b9ccf0d4adb.png
3289261047293464576,★★★★,4,拔高题,★★★★,4,拔高题,拔高题,否,边界保留,中,中等题 / 拔高题,题目存在决定性转换、方案评价、多约束或高密度综合链。 原标注依据：电解水/拉瓦锡实验/不同电解质影响含创新装置和气密性检查 现有模型存在相邻档分歧；复核后主标签保留原档，同时记录相邻档为可接受边界。,电解水/拉瓦锡实验/不同电解质影响含创新装置和气密性检查,化学是从分子、原子等微粒角度研究物质的组成、结构、性质及其用途的一门学科。请结合以下资料，完成试题。 【材料一】人类对元素的认识经历了漫长的时间，水曾经就被当成组成物质的一种基本元素。在化学变化中，元素的种类、质量均不发生改变。 【材料二】初中实验室通常用图一所示装置探究水的组成。电解纯水速率较慢，通常可加入氢氧化钠、碳酸钠等电解质增强导电性，加快反应速率。 【材料三】1783年，拉瓦锡研究水的组成，装置如图二所示，将水加热成蒸气通过…,https://k12static.xdf.cn/k12/image/externalized/abc1fe64-7d40-4f4b-86d3-e74ce1488bde.png,https://k12static.xdf.cn/k12/image/externalized/4ee0188f-b583-4813-a70b-926cb5c31f0c.png
3289252194879328256,★★★,3,中等题,★★★,3,中等题,中等题,否,边界保留,中,基础题 / 中等题,最高难任务形成常规多步分析，或整题具有受控的非重复规则广度。 原标注依据：自来水净化/自制净水器/溶液配制/硫铁燃烧集气瓶中水的作用 现有模型存在相邻档分歧；复核后主标签保留原档，同时记录相邻档为可接受边界。,自来水净化/自制净水器/溶液配制/硫铁燃烧集气瓶中水的作用,化学学习小组成员在老师的指导下开展了“深入了解水”的项目式学习活动。 【活动一】了解水的净化 小组同学参观自来水厂后，绘制的自来水厂净水过程示意图。,https://k12static.xdf.cn/k12/image/externalized/dd1f3bcf-fc6a-4dd2-bf2a-9ecde8f545e1.png,https://k12static.xdf.cn/k12/image/externalized/64c76483-83a4-474b-a0cc-b9bf51cd8af8.png
3289241224035180544,★★★,3,中等题,★★★,3,中等题,中等题,否,边界保留,中,基础题 / 中等题,最高难任务形成常规多步分析，或整题具有受控的非重复规则广度。 原标注依据：元素周期表/原子结构/分子运动微型实验/糖溶解/温度影响 现有模型存在相邻档分歧；复核后主标签保留原档，同时记录相邻档为可接受边界。,元素周期表/原子结构/分子运动微型实验/糖溶解/温度影响,从宏观、微观、符号相结合的视角探究物质及其变化规律，是化学研究物质的独特视角。请完成下列问题。 【符号表征与结构性质】,https://k12static.xdf.cn/k12/image/externalized/ec8f6d5b-6bed-47b0-89cb-f6b697115c8d.png,https://k12static.xdf.cn/k12/image/externalized/7ddeafab-ed1a-4269-8719-e7b9c8afae6a.png
3288988111247597568,★★★,3,中等题,★★★,3,中等题,中等题,否,一致保留,高,中等题,最高难任务形成常规多步分析，或整题具有受控的非重复规则广度。 原标注依据：制氧原理/装置选择/催化效率数字化探究/铁燃烧,制氧原理/装置选择/催化效率数字化探究/铁燃烧,掌握实验室制取气体的一般思路和方法是必备的化学素养。“筑梦”学习小组走进实验室制取气体并探究其性质和用途。请回答有关问题。 （一）氧气的制取探究 Ⅰ．实验室制取氧气。实验室现有过氧化氢溶液、高锰酸钾、二氧化锰以及下列装置。 （1）实验室选择气体发生装置需考虑的因素是 ________ 。若用现有药品和装置B制取氧气，反应的化学方程式为 ________ ；若选用加热高锰酸钾的方法制取氧气，应选择的发生装置为 ________ （填装置…,https://k12static.xdf.cn/k12/image/externalized/83924d55-c26a-4a80-9e3f-ce5a21f05b15.png,https://k12static.xdf.cn/k12/image/externalized/b8bb49c2-89a0-4baf-9e86-4cc70879b736.png
3288987658698117120,★★★,3,中等题,★★★,3,中等题,中等题,否,边界保留,中,基础题 / 中等题,最高难任务形成常规多步分析，或整题具有受控的非重复规则广度。 原标注依据：元素周期表信息/原子结构/元素本质区别 现有模型存在相邻档分歧；复核后主标签保留原档，同时记录相邻档为可接受边界。,元素周期表信息/原子结构/元素本质区别,2024年6月，嫦娥六号成功实现月球背面南极地区月壤采集，经分析得出月球上含有He、N、Na、Mg、Si、Se等元素，图1为硒元素在周期表中的部分信息及其原子结构示意图，图2为其它原子结构示意图。请回答下列问题。 （1）硒的相对原子质量为 ，n的值为 。 （2）Na、Mg、Si三种元素的本质区别是 。 （3）镁原子在化学反应中容易 （选填“得到”或“失去”）电子形成稳定结构。氦原子失去2个电子后形成的粒子称为α粒子，α粒子的化学符号为…,https://k12static.xdf.cn/k12/image/externalized/4289285b-17df-42a3-abce-661d44f33891.png,https://k12static.xdf.cn/k12/image/externalized/267e2b7a-309a-4102-b125-a666695b8e5b.png
3235617586145181696,★★★,3,中等题,★★★,3,中等题,中等题,否,一致保留,高,中等题,最高难任务形成常规多步分析，或整题具有受控的非重复规则广度。 原标注依据：空气污染/防治/氧气含量测定,空气污染/防治/氧气含量测定,同学们对身边的空气质量开启了项目型学习的探究之旅。 任务一：查阅空气质量日报 空气质量指数（简称AQI）是定量描述空气质量状况的指数，其范围和对应的空气质量级别分别是0～50（优）、51～100（良）、101～200（轻度污染）、201～300（中度污染）和大于300（严重污染）。某日贵阳市空气质量数据如下表： AQI PM2.5 μg/m3 PM10 μg/m3 一氧化碳μg/m3 二氧化氮 μg/m3 二氧化硫 μg/m3 臭氧 …,https://k12static.xdf.cn/k12/image/externalized/fae7062d-bd6d-4f5b-a2db-614f0ff8040e.png,https://k12static.xdf.cn/k12/image/externalized/d56ebe51-318d-4e2f-b3a8-990506432499.png
3213913311338844160,★★★,3,中等题,★★★,3,中等题,中等题,否,一致保留,高,中等题,最高难任务形成常规多步分析，或整题具有受控的非重复规则广度。 原标注依据：溶解度/饱和溶液/结晶方法/洗盐原理含工业流程和数据计算,溶解度/饱和溶液/结晶方法/洗盐原理含工业流程和数据计算,NaCl在自然界分布广泛，可通过海水、盐矿等途径获取NaCl。某地下盐矿含有NaCl的质量分数为72%，同时还含有Na2SO4以及其他难溶性杂质，利用该盐矿制盐的步骤如下：,https://k12static.xdf.cn/k12/image/externalized/d44d95c4-ad87-4488-b7cd-fddc444bb67c.png,https://k12static.xdf.cn/k12/image/externalized/c414a241-14ff-4611-ae83-d9be2e9a2ee2.png
3210663473597419520,★★★,3,中等题,★★★,3,中等题,中等题,否,一致保留,高,中等题,最高难任务形成常规多步分析，或整题具有受控的非重复规则广度。 原标注依据：硫/铁/碳/磷与氧气反应含实验操作和木炭红磷对比,硫/铁/碳/磷与氧气反应含实验操作和木炭红磷对比,氧气是一种化学性质比较活泼的气体，可以与许多物质发生化学反应。 如图1是探究氧气化学性质的实验。,https://k12static.xdf.cn/k12/image/externalized/9952fecc-49cd-4138-afbc-cfaf773be432.png,https://k12static.xdf.cn/k12/image/externalized/be085851-b496-4736-973b-eb1c6b8d2d79.png
3205696242805469184,★★★,3,中等题,★★★,3,中等题,中等题,否,一致保留,高,中等题,最高难任务形成常规多步分析，或整题具有受控的非重复规则广度。 原标注依据：方程式计算/酸的化学性质/pH影响,方程式计算/酸的化学性质/pH影响,轻量化铝合金被广泛应用于飞机等飞行器的制造，将铝合金置于电解质溶液中电解，在其表面形成致密的氧化铝保护膜以增强耐腐蚀性，其反应原理为$2\mathrm{Al}+3\mathrm{H}_{2}\mathrm{O}\begin{array}{c} \underline{\underline{\mathrm{电解}}}\\ \end{array}\mathrm{Al}_{2}\mathrm{O}_{3}+3\mathrm{H}_{2}\up…,https://k12static.xdf.cn/k12/image/externalized/e746267f-7c03-470a-9830-661770e5ee15.png,https://k12static.xdf.cn/k12/image/externalized/d35ff477-1edc-4eab-97ca-7f024569b327.png
3159132669150097408,★★★,3,中等题,★★★,3,中等题,中等题,否,一致保留,高,中等题,最高难任务形成常规多步分析，或整题具有受控的非重复规则广度。 原标注依据：方程式计算/灭火原理/密度与水溶性,方程式计算/灭火原理/密度与水溶性,丁酸乙酯(化学式为($\mathrm{C}_{6}\mathrm{H}_{12}\mathrm{O}_{2})$无色、具有菠萝香味，其密度比水小，且难溶于水，可与油类互溶，广泛应用于食用香精配方中，可调配多种果香型香精。,https://k12static.xdf.cn/k12/image/externalized/9b2960fa-63d3-4ae3-8afb-54789b672b35.png,https://k12static.xdf.cn/k12/image/externalized/6d455110-4c28-4cb8-b59e-fa4b95ef7687.png
3649850436508995584,★★★,3,中等题,★★★,3,中等题,中等题,否,一致保留,高,中等题,最高难任务形成常规多步分析，或整题具有受控的非重复规则广度。 原标注依据：金属活动性现象+结论+实验试剂选择,金属活动性现象+结论+实验试剂选择,化学小组同学用点滴板进行如下实验验证金属的活动性顺序，请回答下列问题。,https://k12static.xdf.cn/k12/image/externalized/b0566243-c61a-4611-8fff-52b7769c0233.png,https://k12static.xdf.cn/k12/image/externalized/7e08896a-b7aa-4895-b312-73e09fb2c7cb.png
3669564237791961088,★★★,3,中等题,★★★,3,中等题,中等题,否,边界保留,中,基础题 / 中等题,最高难任务形成常规多步分析，或整题具有受控的非重复规则广度。 原标注依据：多个实验的简单综合填空 现有模型存在相邻档分歧；复核后主标签保留原档，同时记录相邻档为可接受边界。,多个实验的简单综合填空,根据所学知识回答下列实验中的问题。,https://k12static.xdf.cn/k12/image/externalized/5ec48528-9959-4a9a-9b1a-8d222a13f29b.png,https://k12static.xdf.cn/k12/image/externalized/31ea0d73-b174-4d49-9894-52b49bc65832.png
3649822479386710016,★★★,3,中等题,★★★,3,中等题,中等题,否,一致保留,高,中等题,最高难任务形成常规多步分析，或整题具有受控的非重复规则广度。 原标注依据：金属活动性直接判断3种金属,金属活动性直接判断3种金属,含$\rm{X}$化合物的水溶液不能用$\rm{Y}$制的容器盛放，但可以用$\rm{Z}$制的容器盛放。这三种金属的活动性顺序是（ ）,https://k12static.xdf.cn/k12/image/externalized/f5fd47f0-9756-4ef4-854b-0bf3126e943c.png,https://k12static.xdf.cn/k12/image/externalized/49de5fb1-7198-48cf-9bb1-82b19e5cc754.png
3672568370269011968,★★★,3,中等题,★★★,3,中等题,中等题,否,一致保留,高,中等题,最高难任务形成常规多步分析，或整题具有受控的非重复规则广度。 原标注依据：高炉炼铁+铁生锈,高炉炼铁+铁生锈,炼铁的主要原料是赤铁矿、焦炭、空气、石灰石，转化过程如图所示。下列有关说法正确的是,https://k12static.xdf.cn/k12/image/externalized/73e2ee92-97bb-48b0-baa8-2a75d590a1f1.png,https://k12static.xdf.cn/k12/image/externalized/5607dd89-42d0-496f-a823-6c3d79533532.png
3105309925994946560,★★★,3,中等题,★★★,3,中等题,中等题,否,一致保留,高,中等题,最高难任务形成常规多步分析，或整题具有受控的非重复规则广度。 原标注依据：选择题探究铁生锈的条件和影响因素,选择题探究铁生锈的条件和影响因素,"为探究铁生锈的条件和影响因素，进行右图所示的实验。下列说法正确的是（ ） "" style=""height: 84px; width: 200px; float: right;"" />",https://k12static.xdf.cn/k12/image/externalized/d3f31c2c-c5fc-4e13-a8e0-089ed3f95c3c.png,https://k12static.xdf.cn/k12/image/externalized/48383734-34cc-4eac-ad54-3545b2ddba37.png
3440122282483929088,★★★,3,中等题,★★★,3,中等题,中等题,否,边界保留,中,基础题 / 中等题,最高难任务形成常规多步分析，或整题具有受控的非重复规则广度。 原标注依据：多种物质能否形成溶液的判断 现有模型存在相邻档分歧；复核后主标签保留原档，同时记录相邻档为可接受边界。,多种物质能否形成溶液的判断,生活中有下列物质：①食盐、②料酒、③面粉、④食用油、⑤白糖、⑥麦片，将它们分别放入适量水中，充分搅拌，能够得到溶液的是（ ）。,https://k12static.xdf.cn/k12/image/externalized/4a14c25d-a749-444a-b688-6e4019abdc0d.png,https://k12static.xdf.cn/k12/image/externalized/36e59428-6304-4abd-b529-73d923a3e691.png
3436864713183588352,★★★,3,中等题,★★★,3,中等题,中等题,否,边界保留,中,基础题 / 中等题,最高难任务形成常规多步分析，或整题具有受控的非重复规则广度。 原标注依据：饱和溶液和不饱和溶液的转化 现有模型存在相邻档分歧；复核后主标签保留原档，同时记录相邻档为可接受边界。,饱和溶液和不饱和溶液的转化,$t\ ^{\circ}C$时，分别采取下列措施，一定能使接近饱和的某物质的溶液变成饱和溶液的是（ ）。 ①降低温度 ②升高温度 ③加水 ④加足量溶质 ⑤恒温蒸发水 ⑥加入该物质的饱和溶液,https://k12static.xdf.cn/k12/image/externalized/a35ddd05-f5ba-4aa4-a64c-877f11844844.png,https://k12static.xdf.cn/k12/image/externalized/9e1d44c7-82bf-418f-a4c0-c4b6ee54a47b.png
3555776442573836288,★★,2,基础题,★★,2,基础题,中等题,是,明确改标,高,基础题,最高难任务仍是单一熟悉关系的一次应用或直接读图，多个选项没有形成连续依赖、共享复杂模型或完整实验推理，校准为基础题。,溶解度含义的理解,20℃时，氯化钠的溶解度为36g，这句话的含义是,https://k12static.xdf.cn/k12/image/externalized/c7a6ffa6-4f38-4283-82af-2a004c5ce3c7.png,https://k12static.xdf.cn/k12/image/externalized/a24eede1-4e87-44f4-a37d-992a3692116f.png
3492218990257512448,★★★,3,中等题,★★★,3,中等题,中等题,否,边界保留,中,基础题 / 中等题,最高难任务形成常规多步分析，或整题具有受控的非重复规则广度。 原标注依据：两种常见物质的溶解度曲线分析-定性占比多 现有模型存在相邻档分歧；复核后主标签保留原档，同时记录相邻档为可接受边界。,两种常见物质的溶解度曲线分析-定性占比多,KNO3与NaCl的溶解度曲线如图所示。下列说法不正确的是（ ）,https://k12static.xdf.cn/k12/image/externalized/8d1aa460-ee42-469d-97e2-05e91aa5838f.png,https://k12static.xdf.cn/k12/image/externalized/41148228-cd4f-4304-bcb3-f5141c2211a3.png
3066331252486434816,★★,2,基础题,★★,2,基础题,中等题,是,明确改标,高,基础题,最高难任务仍是单一熟悉关系的一次应用或直接读图，多个选项没有形成连续依赖、共享复杂模型或完整实验推理，校准为基础题。,气体溶解度及影响因素,夏季天气闷热，水中的含氧量降低，为了防止鱼因缺氧而死亡，可用水泵将养鱼池的水喷向空中，从而增加水中氧气的溶解量。这样做的理由是,https://k12static.xdf.cn/k12/image/externalized/d89c9ae3-2e3f-4388-ba00-f99a11d7d649.png,https://k12static.xdf.cn/k12/image/externalized/0f98efb9-d8fd-4f82-97f5-4c15b84cc136.png
3454263622748192768,★★,2,基础题,★★,2,基础题,中等题,是,明确改标,高,基础题,最高难任务仍是单一熟悉关系的一次应用或直接读图，多个选项没有形成连续依赖、共享复杂模型或完整实验推理，校准为基础题。,溶质溶剂关系简单定量计算,一定温度下，某蔗糖溶液中溶质与溶液的质量比为$2:8$，则$200\;\rm {g}$该溶液中含蔗糖的质量为（ ）,https://k12static.xdf.cn/k12/image/externalized/be818ec9-e6c4-40b8-be45-350c932b129c.png,https://k12static.xdf.cn/k12/image/externalized/645cfb1a-9364-4270-8d53-0e384d9519ea.png
3421237609864204288,★★,2,基础题,★★,2,基础题,中等题,是,明确改标,高,基础题,最高难任务仍是单一熟悉关系的一次应用或直接读图，多个选项没有形成连续依赖、共享复杂模型或完整实验推理，校准为基础题。,溶液增浓溶质质量分数计算,20℃时，向100 g溶质质量分数为26.5%的饱和氯化钠溶液中加入3.5 g氯化钠固体，此时该溶液中溶质的质量分数为,https://k12static.xdf.cn/k12/image/externalized/0d3df288-0996-4f10-b953-8bd32d0533a3.png,https://k12static.xdf.cn/k12/image/externalized/d1d5cbbc-c652-435c-b6e9-2f07dfa7a8d8.png
3662997018067972096,★★★,3,中等题,★★★,3,中等题,中等题,否,边界保留,中,基础题 / 中等题,最高难任务形成常规多步分析，或整题具有受控的非重复规则广度。 原标注依据：溶液配制步骤+误差分析 现有模型存在相邻档分歧；复核后主标签保留原档，同时记录相邻档为可接受边界。,溶液配制步骤+误差分析,某化学实验小组欲用硝酸钾固体配制500g 2%的硝酸钾溶液作为无土栽培营养液，可选用的仪器如图。下列说法正确的是,https://k12static.xdf.cn/k12/image/externalized/269c3405-b674-4869-b68a-b80e37bd3ea6.png,https://k12static.xdf.cn/k12/image/externalized/3becb271-a757-4d66-aab4-5870beb63604.png
3612628159346548736,★★★,3,中等题,★★★,3,中等题,中等题,否,边界保留,中,基础题 / 中等题,最高难任务形成常规多步分析，或整题具有受控的非重复规则广度。 原标注依据：物质转化关系的判断 现有模型存在相邻档分歧；复核后主标签保留原档，同时记录相邻档为可接受边界。,物质转化关系的判断,在给定条件下，下列物质间转化不能实现的是（ ）,https://k12static.xdf.cn/k12/image/externalized/3b792456-7530-465b-a845-d56f7c2b8455.png,https://k12static.xdf.cn/k12/image/externalized/d84d833a-70da-4d79-9e80-6aa809679e6d.png
3657330304116084737,★★★,3,中等题,★★★,3,中等题,中等题,否,一致保留,高,中等题,最高难任务形成常规多步分析，或整题具有受控的非重复规则广度。 原标注依据：饱和石灰水+生石灰性质考查,饱和石灰水+生石灰性质考查,室温下，向某饱和石灰水中加入一定量生石灰，待溶液温度恢复至室温后，下列说法正确的是,https://k12static.xdf.cn/k12/image/externalized/20d503b0-775f-493e-aeb8-79d22b8c0f6a.png,https://k12static.xdf.cn/k12/image/externalized/50ab3620-bd85-4ccd-bc94-531216636a68.png
3676877919753949184,★★★,3,中等题,★★★,3,中等题,中等题,否,一致保留,高,中等题,最高难任务形成常规多步分析，或整题具有受控的非重复规则广度。 原标注依据：中和反应图像-简单定性判断,中和反应图像-简单定性判断,用传感器测得氢氧化钾溶液与稀盐酸反应的pH变化如图所示。下列说法不正确的是,https://k12static.xdf.cn/k12/image/externalized/1380b6a6-798f-4a7d-a186-9802a92bb671.png,https://k12static.xdf.cn/k12/image/externalized/12a74e8d-2090-4633-9259-2d39a429b6b9.png
3678419751975792640,★★★,3,中等题,★★★,3,中等题,中等题,否,一致保留,高,中等题,最高难任务形成常规多步分析，或整题具有受控的非重复规则广度。 原标注依据：根据现象判断酸碱,根据现象判断酸碱,初中化学实验常伴随奇妙的颜色变化。物质M为常见的酸或碱，“→”表示物质的转化关系，其中部分物质已经省略，下列关于物质M的说法不正确的是,https://k12static.xdf.cn/k12/image/externalized/9ea5d96f-de27-405b-a4f7-0d4216fb5180.png,https://k12static.xdf.cn/k12/image/externalized/796bd242-be45-4242-9578-1c7cf29b9e70.png
3678300983431602176,★★★,3,中等题,★★★,3,中等题,中等题,否,一致保留,高,中等题,最高难任务形成常规多步分析，或整题具有受控的非重复规则广度。 原标注依据：酸碱指示剂相关变色+加酸现象考查,酸碱指示剂相关变色+加酸现象考查,兴趣小组利用红萝卜皮制得酸碱指示剂，其颜色随pH变化关系如图，关于该指示剂说法错误的是,https://k12static.xdf.cn/k12/image/externalized/c194d0cd-40b0-4007-b971-42c9fe45fd81.png,https://k12static.xdf.cn/k12/image/externalized/a241ba81-da24-4a0b-bd6f-a071cbe2ad4e.png
3653138302101192704,★★,2,基础题,★★,2,基础题,中等题,是,明确改标,高,基础题,最高难任务仍是单一熟悉关系的一次应用或直接读图，多个选项没有形成连续依赖、共享复杂模型或完整实验推理，校准为基础题。,"pH试纸的使用方法判断",化学兴趣小组同学用 $\mathrm{pH}$ 试纸测定溶液 $\mathrm{pH}$时操作正确的是 （ ）,https://k12static.xdf.cn/k12/image/externalized/41a05999-42b8-438a-b149-59cad59259fe.png,https://k12static.xdf.cn/k12/image/externalized/836e9ec1-c96e-4476-9e69-0b0ffedd935a.png
3380649213455364096,★★★,3,中等题,★★★,3,中等题,中等题,否,一致保留,高,中等题,最高难任务形成常规多步分析，或整题具有受控的非重复规则广度。 原标注依据：粗盐中可溶性杂质去除-滤液成分判断,粗盐中可溶性杂质去除-滤液成分判断,粗盐水中含有可溶性杂质（ $\rm{CaCl_2}$ ， $\rm{MgCl_2}$ ， $\rm{Na_2SO_4}$ ），向其中依次加入过量 $\rm{BaCl_2}$ ​​​​​​​， $\rm{NaOH}$ ， $\rm{Na_2CO_3}$ 溶液，充分反应后过滤，所得滤液中含有的杂质是（ ）,https://k12static.xdf.cn/k12/image/externalized/d8952a1f-466e-4afd-bb1c-48645416407a.png,https://k12static.xdf.cn/k12/image/externalized/961c650d-d493-4f55-a41b-8221fec0ce19.png
3401279313285238784,★★★,3,中等题,★★★,3,中等题,中等题,否,边界保留,中,基础题 / 中等题,最高难任务形成常规多步分析，或整题具有受控的非重复规则广度。 原标注依据：酸碱盐放置在空气中质量变化 现有模型存在相邻档分歧；复核后主标签保留原档，同时记录相邻档为可接受边界。,酸碱盐放置在空气中质量变化,将下列物质长期暴露在空气中，质量减小的是,https://k12static.xdf.cn/k12/image/externalized/01038245-c5f1-4031-abbc-0c0cc07ca8d1.png,https://k12static.xdf.cn/k12/image/externalized/a09fde66-9ea2-4e11-8bbe-ed6082f3798b.png
3673710923523571712,★★★,3,中等题,★★★,3,中等题,中等题,否,一致保留,高,中等题,最高难任务形成常规多步分析，或整题具有受控的非重复规则广度。 原标注依据：生活中常见物质的鉴别,生活中常见物质的鉴别,鉴别下列各组物质的两种方法都正确的是选项物质鉴别方法A黄铜、黄金①观察颜色 ②滴加盐酸B氮气、氧气①闻气味 ②带火星的木条C羊毛、棉花①看颜色 ②燃烧，闻气味D食盐、纯碱①加食醋 ②加水溶解测pH,https://k12static.xdf.cn/k12/image/externalized/47dc26ed-cf76-41ab-b528-29ff96263bf8.png,https://k12static.xdf.cn/k12/image/externalized/78e81850-b321-4d88-be3d-0c9c39d301f3.png
3673381704649707520,★★★,3,中等题,★★★,3,中等题,中等题,否,边界保留,中,基础题 / 中等题,最高难任务形成常规多步分析，或整题具有受控的非重复规则广度。 原标注依据：物质分类的综合判断-混合物、单质、氧化物、碱、盐 现有模型存在相邻档分歧；复核后主标签保留原档，同时记录相邻档为可接受边界。,物质分类的综合判断-混合物、单质、氧化物、碱、盐,运用分类法学习和研究化学物质，能够收到事半功倍的效果，下列分类正确的是选项混合物单质氧化物碱盐A黄铜金刚石H2OCu2(OH)2CO3明矾B可燃冰红磷C2H2OKOH纯碱C空气钢$\mathrm{Na}{_{2}}\mathrm{O}{_{2}}$$\mathrm{Ca}\left(\mathrm{OH}\right){_{2}}$碳铵D福尔马林He干冰火碱$\mathrm{BaSO}{_{4}}$,https://k12static.xdf.cn/k12/image/externalized/545e5f60-11a1-4372-89c7-f47e075bcb74.png,https://k12static.xdf.cn/k12/image/externalized/d56472ee-8adb-4a5d-a9b0-c3a35de184f7.png
3673343888878567424,★★★,3,中等题,★★★,3,中等题,中等题,否,边界保留,中,基础题 / 中等题,最高难任务形成常规多步分析，或整题具有受控的非重复规则广度。 原标注依据：3个关联知识点融合相对原子质量、元素符号、元素分类，需结合周期表信息进行2-3步正向推导判断各选项 现有模型存在相邻档分歧；复核后主标签保留原档，同时记录相邻档为可接受边界。,3个关联知识点融合相对原子质量、元素符号、元素分类，需结合周期表信息进行2-3步正向推导判断各选项,金属钨硬度大，被誉为“工业牙齿”，下列说法正确的是（ ）,https://k12static.xdf.cn/k12/image/externalized/7a0a5f0a-1d2c-451a-b079-4edd01191584.png,https://k12static.xdf.cn/k12/image/externalized/436d65e5-cd6c-4521-84ed-66be25cfaefb.png
3615450208090828800,★★★,3,中等题,★★★,3,中等题,中等题,否,边界保留,中,基础题 / 中等题,最高难任务形成常规多步分析，或整题具有受控的非重复规则广度。 原标注依据：4个关联知识点微粒性、催化剂、CO2性质、溶解性因素综合考查，需逐一分析对比实验设计合理性 现有模型存在相邻档分歧；复核后主标签保留原档，同时记录相邻档为可接受边界。,4个关联知识点微粒性、催化剂、CO2性质、溶解性因素综合考查，需逐一分析对比实验设计合理性,对比实验是科学探究中常用的一种方法，以下对比实验不能达到目的的是,https://k12static.xdf.cn/k12/image/externalized/7bf2a0e1-9a25-45d8-8e4e-3da072146944.png,https://k12static.xdf.cn/k12/image/externalized/02b68477-e40e-4f9e-bb1d-a344214fab9f.png
3606485658831458304,★★★,3,中等题,★★★,3,中等题,中等题,否,一致保留,高,中等题,最高难任务形成常规多步分析，或整题具有受控的非重复规则广度。 原标注依据：燃烧条件、装置探究、方案评价含实验装置图，需2-3步正向推导判断各选项正误,燃烧条件、装置探究、方案评价含实验装置图，需2-3步正向推导判断各选项正误,用如图实验验证可燃物燃烧的条件。下列说法错误的是（ ）,https://k12static.xdf.cn/k12/image/externalized/3364ead8-c0da-4366-a870-88373f50ab35.png,https://k12static.xdf.cn/k12/image/externalized/def282d3-1d60-4035-b0d5-985be10b2a72.png
3502115030045061121,★★★,3,中等题,★★★,3,中等题,中等题,否,边界保留,中,中等题 / 拔高题,最高难任务形成常规多步分析，或整题具有受控的非重复规则广度。 原标注依据：电解水、CO2性质、配制溶液等多个知识点综合考查，含实验装置图，需逐一判断实验设计能否达到目的 现有模型存在相邻档分歧；复核后主标签保留原档，同时记录相邻档为可接受边界。,电解水、CO2性质、配制溶液等多个知识点综合考查，含实验装置图，需逐一判断实验设计能否达到目的,下列实验设计不能达到实验目的的是选项实验目的实验设计A探究二氧化碳是否与水发生反应向装有二氧化碳的软塑料瓶里注水后盖上瓶盖，振荡B探究水的组成检验水电解后产生的气体C鉴别O2和CO2将燃着的木条分别放入两种气体的集气瓶中，观察现象D配制50 g溶质质量分数为16%的NaCl溶液称取8 g NaCl固体于烧杯中，加入42 mL水，搅拌,https://k12static.xdf.cn/k12/image/externalized/ff8b4e0f-73dd-44fe-b2f0-88f6213e3faa.png,https://k12static.xdf.cn/k12/image/externalized/dfad0cdc-b0e6-4c6e-ab9a-edee469c9c24.png
3500652485333078016,★★★,3,中等题,★★★,3,中等题,中等题,否,一致保留,高,中等题,最高难任务形成常规多步分析，或整题具有受控的非重复规则广度。 原标注依据：饱和溶液、溶解度、溶质质量分数3个关联知识点融合，含实验图和计算，需2-3步正向推导,饱和溶液、溶解度、溶质质量分数3个关联知识点融合，含实验图和计算，需2-3步正向推导,$20\text{℃}$时，将$40\mathrm{~ g}$固体(含有氯化铵及不溶于水的杂质)置于烧杯内，进行如图所示的实验，实验过程中溶液温度没有明显变化。,https://k12static.xdf.cn/k12/image/externalized/fcf71fc7-6f92-4e18-961a-371392d8a504.png,https://k12static.xdf.cn/k12/image/externalized/8d61381f-bedb-4956-9395-2c7209bca9be.png
3445568017076912128,★★★,3,中等题,★★★,3,中等题,拔高题,是,明确改标,高,中等题,任务虽然有多个知识点或较长情境，但最高难链仍属于显性的常规2—3层分析；没有决定性隐含转换、复杂方案设计、多约束筛选或高密度综合链，校准为中等题。,酸碱指示剂与中和反应2个知识点融合，含pH曲线图，需2-3步分析图像各点含义判断选项正误,为验证NaOH溶液和稀盐酸能够发生反应，兴趣小组用图1所示装置进行实验，烧杯内溶液的pH随滴入溶液X体积变化的曲线如图2所示。下列说法错误的是,https://k12static.xdf.cn/k12/image/externalized/38390e68-ab5a-4dd1-ae72-96cc14c13e5f.png,https://k12static.xdf.cn/k12/image/externalized/89710b05-af8c-447a-8c9b-0f1626e4121a.png
3358943965331353600,★★★,3,中等题,★★★,3,中等题,中等题,否,边界保留,中,基础题 / 中等题,最高难任务形成常规多步分析，或整题具有受控的非重复规则广度。 原标注依据：硫碳磷与氧气反应、铁镁与氧气反应、催化剂含图表，需判断推理合理性 现有模型存在相邻档分歧；复核后主标签保留原档，同时记录相邻档为可接受边界。,硫碳磷与氧气反应、铁镁与氧气反应、催化剂含图表，需判断推理合理性,比较、推理是化学学习常用的方法，以下是根据一些实验事实推理出的影响化学反应的因素，其中推理不合理的是 序号 实验事实 影响化学反应的因素 A 铁丝在空气中很难燃烧，而在氧气中能剧烈燃烧 反应物浓度 B 碳在常温下不与氧气反应，而在点燃时能与氧气反应 反应温度 C 双氧水在常温下缓慢分解，而在加入二氧化锰后迅速分解 有、无催化剂 D 铜片在空气中很难燃烧，铜粉在空气中较易燃烧 反应物的种类,https://k12static.xdf.cn/k12/image/externalized/6e2dc813-2422-4cf1-baa4-6a0d9a1e596c.png,https://k12static.xdf.cn/k12/image/externalized/ea6504cb-b7ad-4f28-98fb-998590e09b91.png
3350154633367359488,★★★,3,中等题,★★★,3,中等题,中等题,否,一致保留,高,中等题,最高难任务形成常规多步分析，或整题具有受控的非重复规则广度。 原标注依据：过氧化氢制氧与催化剂含装置图和速率图，需实验设计和分析,过氧化氢制氧与催化剂含装置图和速率图，需实验设计和分析,某同学对催化过氧化氢分解的催化剂产生了兴趣，并进行了如下探究：【提出问题】过氧化氢分解只能用二氧化锰作为催化剂吗？【猜想与假设】能催化过氧化氢分解的催化剂不一定只有二氧化锰一种。【设计实验】实验装置如图所示。实验编号温度/℃物质种类(取0.15g)待测数据①20_______a②20氯化铁b③20硫酸铜c【得出结论】进一步实验得出氯化铁和硫酸铜都可以作过氧化氢分解的催化剂。,https://k12static.xdf.cn/k12/image/externalized/64b8a67e-7ba1-48b2-81d1-591ce8beaaa3.png,https://k12static.xdf.cn/k12/image/externalized/a074ac42-7e26-4582-b8d8-0cdb4b1f10d6.png
3308184760608690178,★★★,3,中等题,★★★,3,中等题,中等题,否,边界保留,中,基础题 / 中等题,最高难任务形成常规多步分析，或整题具有受控的非重复规则广度。 原标注依据：铁镁与氧气反应、氢气燃烧含实验步骤，需分析实验现象和结论 现有模型存在相邻档分歧；复核后主标签保留原档，同时记录相邻档为可接受边界。,铁镁与氧气反应、氢气燃烧含实验步骤，需分析实验现象和结论,为探究镁条的性质，实验小组进行如下实验。步骤一：取一小段镁条，打磨除去镁条表面灰黑色固体。步骤二：取一段打磨后的镁条，用坩埚钳夹持，放到酒精灯外焰上加热。步骤三：另取一段打磨后的镁条，放入试管中，滴加适量食醋(主要成分为$\mathrm{CH}_{3}\text{COOH}$)、产生气泡，用燃着的木条靠近气泡，有爆鸣声。下列说法不正确的是,https://k12static.xdf.cn/k12/image/externalized/b37d529c-3942-4d9a-bdaa-3d74cc89d238.png,https://k12static.xdf.cn/k12/image/externalized/ae10b5fd-530b-4142-ae9f-676fe866f99d.png
3260325138393493504,★★★,3,中等题,★★★,3,中等题,中等题,否,边界保留,中,基础题 / 中等题,最高难任务形成常规多步分析，或整题具有受控的非重复规则广度。 原标注依据：化学式读写、元素质量比、元素质量分数3个知识点融合，含3小题计算， 现有模型存在相邻档分歧；复核后主标签保留原档，同时记录相邻档为可接受边界。,化学式读写、元素质量比、元素质量分数3个知识点融合，含3小题计算，,苯甲酸（C6H5COOH）是一种酸性比醋酸更强的有机酸，常用作食品防腐剂。请回答：（1）苯甲酸中含有 种元素。（2）苯甲酸中，C、H、O三种元素的质量比是？。（3）苯甲酸中氧元素的质量分数为？（结果保留到0.1%）。,https://k12static.xdf.cn/k12/image/externalized/607003cd-1b01-48d5-a8a2-61e7a871c05b.png,https://k12static.xdf.cn/k12/image/externalized/2e660c20-188b-4317-a0ab-6390727e70c8.png
3000916891947589632,★★★,3,中等题,★★★,3,中等题,中等题,否,边界保留,中,基础题 / 中等题,最高难任务形成常规多步分析，或整题具有受控的非重复规则广度。 原标注依据：化学式读写及意义、元素质量比、物质分类需综合判断宏观微观及质量比 现有模型存在相邻档分歧；复核后主标签保留原档，同时记录相邻档为可接受边界。,化学式读写及意义、元素质量比、物质分类需综合判断宏观微观及质量比,三聚氰胺（$\mathrm{C}_{3}\mathrm{N}_{6}\mathrm{H}_{6}$）被不法商人冒充蛋白质加入奶粉中，危害儿童健康；但三聚氰胺在工业上可以制作环保阻燃剂、化肥等，用途很多。下列关于三聚氰胺说法正确的是,https://k12static.xdf.cn/k12/image/externalized/0bcd0b35-1d2a-4a13-8c13-9b8e484e49d4.png,https://k12static.xdf.cn/k12/image/externalized/43640409-c876-4c74-9037-3b896322439c.png
3363532821219098624,★★★★,4,拔高题,★★★★,4,拔高题,拔高题,否,边界保留,中,中等题 / 拔高题,题目存在决定性转换、方案评价、多约束或高密度综合链。 原标注依据：温度监测/颜色变化/pH/蒸发/定量测定多方案探究中和反应，跨模块综合 现有模型存在相邻档分歧；复核后主标签保留原档，同时记录相邻档为可接受边界。,温度监测/颜色变化/pH/蒸发/定量测定多方案探究中和反应，跨模块综合,为实现氢氧化钠溶液和盐酸反应的可视化，探究小组设计如下实验，请参与探究并回答下列问题。 实验一、监测温度,https://k12static.xdf.cn/k12/image/externalized/639205e5-c984-44f1-a792-851cd42a7f52.png,https://k12static.xdf.cn/k12/image/externalized/5ebcf7d6-ea94-415a-810c-a2e1fae3620c.png
3000890103303081984,★★★,3,中等题,★★★,3,中等题,中等题,否,边界保留,中,基础题 / 中等题,最高难任务形成常规多步分析，或整题具有受控的非重复规则广度。 原标注依据：化学式读写及意义、元素质量比、纯净物混合物需从多个角度判断甲二醇的说法 现有模型存在相邻档分歧；复核后主标签保留原档，同时记录相邻档为可接受边界。,化学式读写及意义、元素质量比、纯净物混合物需从多个角度判断甲二醇的说法,我国研究人员首次合成甲二醇(化学式为CH2(OH)2)，对大气化学环境具有重大意义，下列关于甲二醇的说法正确的是,https://k12static.xdf.cn/k12/image/externalized/e0cc0863-4f60-4f40-a0bb-5c714b3c641a.png,https://k12static.xdf.cn/k12/image/externalized/ee81b02e-cf1c-41f6-ac97-03958111cdeb.png
3000888360185397249,★★★,3,中等题,★★★,3,中等题,中等题,否,边界保留,中,基础题 / 中等题,最高难任务形成常规多步分析，或整题具有受控的非重复规则广度。 原标注依据：化学式读写及意义、元素质量分数、有机物概念需综合判断咖啡因各说法正误 现有模型存在相邻档分歧；复核后主标签保留原档，同时记录相邻档为可接受边界。,化学式读写及意义、元素质量分数、有机物概念需综合判断咖啡因各说法正误,麻城东部大别山深处盛产的“龟山岩绿”，曾经被评为全国五大名茶之一，香气浓郁，滋味醇厚，汤色碧绿，叶底嫩匀。茶叶中含有的咖啡因（化学式为C8H10O2N4）具有兴奋中枢神经、消除疲劳、帮助消化等功效。下列有关咖啡因的说法正确的是,https://k12static.xdf.cn/k12/image/externalized/5a380925-d0ad-417b-895d-ca3b388a00b1.png,https://k12static.xdf.cn/k12/image/externalized/7d653096-d97d-46e9-a45c-bbf96361b925.png
2993825948108341250,★★★,3,中等题,★★★,3,中等题,中等题,否,边界保留,中,基础题 / 中等题,最高难任务形成常规多步分析，或整题具有受控的非重复规则广度。 原标注依据：化学式读写及意义、元素质量比、元素质量分数、氧化物概念需综合判断丙烯酸各说法 现有模型存在相邻档分歧；复核后主标签保留原档，同时记录相邻档为可接受边界。,化学式读写及意义、元素质量比、元素质量分数、氧化物概念需综合判断丙烯酸各说法,答题卡中用于识别考生信息的条形码具有黏性，其黏性主要来源于胶黏剂丙烯酸。丙烯酸的化学式为$\mathrm{C}_{3}\mathrm{H}_{4}\mathrm{O}_{2}$，下列关于丙烯酸的说法中正确的是,https://k12static.xdf.cn/k12/image/externalized/2058784d-0950-4847-9d01-7adf8718f210.png,https://k12static.xdf.cn/k12/image/externalized/b5c65617-7bad-4052-901a-323d6876ec6a.png
2987645796523458560,★★★,3,中等题,★★★,3,中等题,中等题,否,一致保留,高,中等题,最高难任务形成常规多步分析，或整题具有受控的非重复规则广度。 原标注依据：化学式读写及意义、元素质量分数、有机高分子概念需综合判断达芦那韦各说法,化学式读写及意义、元素质量分数、有机高分子概念需综合判断达芦那韦各说法,李兰娟院士团队发布重大抗病毒研究成果：达芦那韦能有效抑制新型冠状病毒。下列有关达芦那韦($\mathrm{C}_{27}\mathrm{H}_{37}\mathrm{N}_{3}\mathrm{O}_{7}\mathrm{S}$)说法正确的是,https://k12static.xdf.cn/k12/image/externalized/a4939bf2-53b2-41ee-813f-7965613a286a.png,https://k12static.xdf.cn/k12/image/externalized/326ac5da-e008-40c5-98cb-e01623882848.png
2951592911777042432,★★★,3,中等题,★★★,3,中等题,中等题,否,边界保留,中,基础题 / 中等题,最高难任务形成常规多步分析，或整题具有受控的非重复规则广度。 原标注依据：化学方程式、CO2物理化学性质、实验设计评价含实验装置图， 现有模型存在相邻档分歧；复核后主标签保留原档，同时记录相邻档为可接受边界。,化学方程式、CO2物理化学性质、实验设计评价含实验装置图，,用下图实验验证CO2的性质。实验前关闭K。,https://k12static.xdf.cn/k12/image/externalized/7d8f421f-0443-45cd-98fa-95e4ed971d9f.png,https://k12static.xdf.cn/k12/image/externalized/67b28136-17b3-4b65-a1f2-8aab97b461dc.png
2951590697033293824,★★★,3,中等题,★★★,3,中等题,中等题,否,一致保留,高,中等题,最高难任务形成常规多步分析，或整题具有受控的非重复规则广度。 原标注依据：过氧化氢制氧、催化剂、催化剂效率探究含实验图和表格，需实验设计和分析,过氧化氢制氧、催化剂、催化剂效率探究含实验图和表格，需实验设计和分析,二氧化锰可作过氧化氢分解的催化剂，兴趣小组想探究过氧化氢分解有没有其他催化剂。影响过氧化氢分解的因素，除催化剂外，还有什么？【提出问题】氧化铁能否作过氧化氢分解的催化剂？如果能，其催化效果如何？【实验探究】实验步骤实验现象①分别量取$5\mathrm{mL}$5%过氧化氢溶液放入A、B两支试管中，向A试管中加入$1\mathrm{g}$氧化铁粉末，并分别在A、B两支试管中插入带火星木条，观察现象。A试管中产生气泡，带火星木条复燃，B试…,https://k12static.xdf.cn/k12/image/externalized/f16831db-6146-4eb2-b2c4-6ea0e4119972.png,https://k12static.xdf.cn/k12/image/externalized/5dfdc6f9-af84-40f1-8b78-1e460fb090ab.png
2785153153026342913,★★★,3,中等题,★★★,3,中等题,中等题,否,边界保留,中,基础题 / 中等题,最高难任务形成常规多步分析，或整题具有受控的非重复规则广度。 原标注依据：金属与盐溶液反应、滤渣滤液成分分析需逆向推导过量铜粉反应后滤渣滤液成分 现有模型存在相邻档分歧；复核后主标签保留原档，同时记录相邻档为可接受边界。,金属与盐溶液反应、滤渣滤液成分分析需逆向推导过量铜粉反应后滤渣滤液成分,向AgNO3溶液中加入过量铜粉，充分反应后过滤，得滤渣和滤液。下列说法正确的是,https://k12static.xdf.cn/k12/image/externalized/c3f8a4ba-3c31-4bf0-bc1d-4da611f51ba5.png,https://k12static.xdf.cn/k12/image/externalized/3282c710-b6e7-444b-8f78-51cecd37615a.png
2781079964288024577,★★★★,4,拔高题,★★★★,4,拔高题,中等题,是,明确改标,高,拔高题,题目包含决定性转换或高密度综合链，需要图像反推、竞争解释排除、方案评价、多步守恒/差量，或多个高阶任务共同作用，校准为拔高题。,碳单质、碱、盐性质、气体除杂、实验评价需综合判断各除杂方案正确性,除去下列物质中的少量杂质，所用试剂和操作方法都正确的是选项物质少量杂质所用试剂和操作方法ANa2SO4Na2CO3加入过量的稀盐酸，蒸发BH2OCaCl2加入足量的活性炭，过滤CCOCO2将气体通过适量的氢氧化钠溶液DMgSO4溶液H2SO4加入过量的Mg（OH）2，过滤,https://k12static.xdf.cn/k12/image/externalized/f6cf3419-76bd-4d8e-b148-d29afa7c99bb.png,https://k12static.xdf.cn/k12/image/externalized/1b6f6105-b767-47db-85e9-c4709c383c5f.png
2780673734853378048,★★,2,基础题,★★,2,基础题,基础题,否,一致保留,高,基础题,最高难任务需要一次实质应用、转换或基础实验判断，但模型完全显性。 原标注依据：核外电子排布、原子结构示意图，含粒子结构图，需判断化学反应中得失电子情况,核外电子排布、原子结构示意图，含粒子结构图，需判断化学反应中得失电子情况,下列粒子在化学反应中容易失去电子的是,https://k12static.xdf.cn/k12/image/externalized/9f7e78a5-7ef9-4308-859f-03fdefef5a82.png,https://k12static.xdf.cn/k12/image/externalized/6bf49245-e5ff-417e-8794-c293f4c09993.png
2779982004298289152,★★★,3,中等题,★★★,3,中等题,中等题,否,边界保留,中,基础题 / 中等题,最高难任务形成常规多步分析，或整题具有受控的非重复规则广度。 原标注依据：金属与盐、碱、盐性质、过滤、溶液除杂需综合判断各除杂方案正确性 现有模型存在相邻档分歧；复核后主标签保留原档，同时记录相邻档为可接受边界。,金属与盐、碱、盐性质、过滤、溶液除杂需综合判断各除杂方案正确性,下列除杂所选用的试剂及操作方法正确的是物质(括号内为杂质)试剂操作方法ACO2(HCl)足量的氢氧化钠溶液洗气BCa(HCO3)2(CaCO3)无加热CAgNO3(Fe)水溶解、过滤、蒸发、结晶DHNO3溶液(H2SO4)适量Ba(NO3)2溶液过滤,https://k12static.xdf.cn/k12/image/externalized/3004dfdf-70ba-4c39-9cbc-1c6f93b71dc1.png,https://k12static.xdf.cn/k12/image/externalized/61b01509-cd83-4ea0-b6e6-4e7347128d84.png
2779947730445602816,★★★,3,中等题,★★★,3,中等题,中等题,否,边界保留,中,基础题 / 中等题,最高难任务形成常规多步分析，或整题具有受控的非重复规则广度。 原标注依据：CO2性质、碳酸盐、盐性质、气体除杂需综合判断各除杂方案正确性 现有模型存在相邻档分歧；复核后主标签保留原档，同时记录相邻档为可接受边界。,CO2性质、碳酸盐、盐性质、气体除杂需综合判断各除杂方案正确性,除去下列物质中的少量杂质，所用试剂和操作方法都正确的是选项物质少量杂质所用试剂和操作方法A$\mathrm{CO}_{2}$$\mathrm{CO}$点燃B$\mathrm{CaO}$石灰石高温煅烧C$\mathrm{KCl}$$\mathrm{MnO}_{2}$加入足量的水溶解，过滤D$\text{NaCl}$溶液$\mathrm{Na}_{2}\mathrm{SO}_{4}$加入适量的氯化钡溶液，过滤,https://k12static.xdf.cn/k12/image/externalized/695c8785-9b32-439b-856d-01f4c47b29b6.png,https://k12static.xdf.cn/k12/image/externalized/e63fb76e-c3e4-4de2-a1d2-5917452baa33.png
2779930092454645760,★★★,3,中等题,★★★,3,中等题,中等题,否,边界保留,中,基础题 / 中等题,最高难任务形成常规多步分析，或整题具有受控的非重复规则广度。 原标注依据：氧气检验、金属活动性、指示剂、酸碱盐转化、鉴别需综合判断各区分方法正误 现有模型存在相邻档分歧；复核后主标签保留原档，同时记录相邻档为可接受边界。,氧气检验、金属活动性、指示剂、酸碱盐转化、鉴别需综合判断各区分方法正误,区分下列各组物质的方法错误的是选项需区分的物质方法A呼出气体和氧气伸入带火星的木条，观察B氯酸钾和纯碱看颜色C炉具清洁剂（含氢氧化钠）和白醋滴加紫色石蕊溶液，观察D铁丝和银丝加稀盐酸，观察,https://k12static.xdf.cn/k12/image/externalized/da5a8ae0-0719-4288-b0be-7d9ae71442d0.png,https://k12static.xdf.cn/k12/image/externalized/7cea6ddb-a356-43d5-8e02-a3e1b076da76.png
2779928946168139776,★★★,3,中等题,★★★,3,中等题,拔高题,是,明确改标,高,中等题,任务虽然有多个知识点或较长情境，但最高难链仍属于显性的常规2—3层分析；没有决定性隐含转换、复杂方案设计、多约束筛选或高密度综合链，校准为中等题。,方程式书写、硫碳磷与氧气、过氧化氢制氧、金属与盐需判断方程式和反应类型正误,下列有关叙述对应的化学方程式、所属基本反应类型都正确的是,https://k12static.xdf.cn/k12/image/externalized/ed63272b-db18-4039-987d-a5e1170b3cdc.png,https://k12static.xdf.cn/k12/image/externalized/7c658e44-917c-44d5-b12d-2decc18103f4.png
2770604360523681793,★★,2,基础题,★★,2,基础题,基础题,否,边界保留,中,送分题 / 基础题,最高难任务需要一次实质应用、转换或基础实验判断，但模型完全显性。 原标注依据：微粒性、空气成分、氧气性质、碳单质、结构性质用途 现有模型存在相邻档分歧；复核后主标签保留原档，同时记录相邻档为可接受边界。,微粒性、空气成分、氧气性质、碳单质、结构性质用途,对下列事实的解释不正确的是事实解释A宿迁大地美酒飘香分子不停地运动B氧气用于切割金属氧气有可燃性C使用活性炭除去冰箱异味活性炭具有吸附性D食品包装袋中充氮气氮气化学性质稳定,https://k12static.xdf.cn/k12/image/externalized/ae123b5a-80d7-48d3-9fda-38c8465843f2.png,https://k12static.xdf.cn/k12/image/externalized/22b37d8a-ee7e-4417-853b-b4919b010d59.png
2761959865138581504,★★,2,基础题,★★,2,基础题,基础题,否,一致保留,高,基础题,最高难任务需要一次实质应用、转换或基础实验判断，但模型完全显性。 原标注依据：乳化、酸碱盐溶解性、燃烧条件、营养素、定义推理需综合判断各说法正误,乳化、酸碱盐溶解性、燃烧条件、营养素、定义推理需综合判断各说法正误,下列说法正确的是,https://k12static.xdf.cn/k12/image/externalized/a2e36f49-b824-4c24-8670-79a40b828b32.png,https://k12static.xdf.cn/k12/image/externalized/12cd763c-0500-46d9-9459-95c5692929a6.png
2749052661594079236,★★★,3,中等题,★★★,3,中等题,中等题,否,边界保留,中,基础题 / 中等题,最高难任务形成常规多步分析，或整题具有受控的非重复规则广度。 原标注依据：催化剂、酸性质、气体除杂、酸碱盐需综合判断各除杂方案正确性 现有模型存在相邻档分歧；复核后主标签保留原档，同时记录相邻档为可接受边界。,催化剂、酸性质、气体除杂、酸碱盐需综合判断各除杂方案正确性,除去下列物质中的少量杂质，所选用的试剂及操作方法均正确的是选项物质（括号内为杂质）试剂操作方法AKCl(KClO3)少量MnO2加热BNaOH(NaCl)适量稀盐酸蒸发、结晶CCO2(CO)足量O2点燃D稀盐酸（稀硫酸）适量氯化钡溶液过滤,https://k12static.xdf.cn/k12/image/externalized/2a60ef6b-e570-42dd-bdb2-f993bab812b8.png,https://k12static.xdf.cn/k12/image/externalized/662571e0-7e4b-4961-8a17-320e0ffe4f1f.png
2142062412995309569,★★★,3,中等题,★★★,3,中等题,中等题,否,边界保留,中,基础题 / 中等题,最高难任务形成常规多步分析，或整题具有受控的非重复规则广度。 原标注依据：配制氯化钠溶液涉及计算、称量、量取、溶解、误差分析含操作图，需多步分析 现有模型存在相邻档分歧；复核后主标签保留原档，同时记录相邻档为可接受边界。,配制氯化钠溶液涉及计算、称量、量取、溶解、误差分析含操作图，需多步分析,某化学小组在实验室里准备配制溶质质量分数一定的氯化钠溶液。如图是实验操作过程示意图：,https://k12static.xdf.cn/k12/image/externalized/2806cda8-ac71-422e-a1d2-56800e801541.png,https://k12static.xdf.cn/k12/image/externalized/5e71b0d3-bf73-41f2-9ece-01a20391521f.png
2142062254601613312,★★★,3,中等题,★★★,3,中等题,中等题,否,一致保留,高,中等题,最高难任务形成常规多步分析，或整题具有受控的非重复规则广度。 原标注依据：物质的量浓度计算与化学方程式计算含图和数据，需2-3步计算求质量分数和浓度,物质的量浓度计算与化学方程式计算含图和数据，需2-3步计算求质量分数和浓度,大理石的主要成分为碳酸钙。某化学小组为测定当地天然大理石中碳酸钙的含量：取 $ 25\ \rm g $ 大理石样品放入烧杯中，加入一定溶质质量分数的稀盐酸，测得的实验数据如图所示（其中杂质不溶于水，也不与稀盐酸反应），请计算：,https://k12static.xdf.cn/k12/image/externalized/47be9b8c-5b0a-46e7-985b-d2629ae0056e.png,https://k12static.xdf.cn/k12/image/externalized/97a72f0a-c19f-4c2e-b66c-fe7a2fb4c447.png
2141951977071652864,★★★,3,中等题,★★★,3,中等题,中等题,否,一致保留,高,中等题,最高难任务形成常规多步分析，或整题具有受控的非重复规则广度。 原标注依据：溶解度曲线、饱和溶液、质量分数、吸放热含溶解度曲线图，需多步分析,溶解度曲线、饱和溶液、质量分数、吸放热含溶解度曲线图，需多步分析,如图一是 $ \rm a $、$\rm b $、$ \rm c $ 三种固体物质的溶解度曲线。请回答问题：,https://k12static.xdf.cn/k12/image/externalized/e723bd72-0a08-4ea2-b577-d28bc1d30f82.png,https://k12static.xdf.cn/k12/image/externalized/52884fc5-ca3c-4260-a71f-13b9e594fe29.png
2141474880444248064,★★★,3,中等题,★★★,3,中等题,中等题,否,一致保留,高,中等题,最高难任务形成常规多步分析，或整题具有受控的非重复规则广度。 原标注依据：固体溶解度曲线意义含曲线图，需综合判断各选项正误，含常规审题陷阱,固体溶解度曲线意义含曲线图，需综合判断各选项正误，含常规审题陷阱,如图是 $ \rm a $、$ \rm b $、$ \rm c $ 三种物质的溶解度曲线，下列说法正确的是$(\qquad)$,https://k12static.xdf.cn/k12/image/externalized/3ef92c85-34b3-4dce-9037-c9a05d10668e.png,https://k12static.xdf.cn/k12/image/externalized/2a5a4a54-6d86-4601-b7b1-be8f36c2ccd0.png
2141474858147328000,★★★,3,中等题,★★★,3,中等题,中等题,否,边界保留,中,基础题 / 中等题,最高难任务形成常规多步分析，或整题具有受控的非重复规则广度。 原标注依据：海水晒盐、饱和溶液、过滤、方程式含流程图，需综合分析各小题 现有模型存在相邻档分歧；复核后主标签保留原档，同时记录相邻档为可接受边界。,海水晒盐、饱和溶液、过滤、方程式含流程图，需综合分析各小题,工业上利用海水提取粗盐的过程如图所示，回答有关问题：,https://k12static.xdf.cn/k12/image/externalized/29a2434e-49c0-480e-9b81-d2cb8588c758.png,https://k12static.xdf.cn/k12/image/externalized/51b915fc-a701-4707-9ab3-9b6e103a0c75.png
2141474820146933760,★★★,3,中等题,★★★,3,中等题,中等题,否,一致保留,高,中等题,最高难任务形成常规多步分析，或整题具有受控的非重复规则广度。 原标注依据：固体溶解度曲线意义含曲线图，需综合判断各选项正误,固体溶解度曲线意义含曲线图，需综合判断各选项正误,甲、乙两种固体物质的溶解度曲线如图所示。下列叙述中正确的是$(\qquad)$,https://k12static.xdf.cn/k12/image/externalized/ef278405-97d2-433d-9af5-6951a8ad8baf.png,https://k12static.xdf.cn/k12/image/externalized/0e72583d-b5e0-46a1-b4a5-43ff13119247.png
2141425977325858816,★★★,3,中等题,★★★,3,中等题,基础题,是,明确改标,高,中等题,整题包含多个非重复应用任务，或多问共享同一实验、装置或过程模型；需要在方程式、现象解释、装置判断、实验操作或计算规则之间切换，已超过一步基础应用，校准为中等题。,饱和溶液与溶质质量分数分析冷却析晶后溶液变化,一杯 $ 70^\circ \rm C $ 的硝酸钾饱和溶液，冷却后有晶体析出（晶体不含结晶水），若不考虑溶剂的蒸发，则剩余溶液与原溶液相比$(\qquad)$,https://k12static.xdf.cn/k12/image/externalized/beabcdd0-0f6f-4656-b399-f51b52f91445.png,https://k12static.xdf.cn/k12/image/externalized/0669d3d2-ed80-4497-9039-8b1c09255a65.png
2141425965430812672,★★,2,基础题,★★,2,基础题,基础题,否,边界保留,中,送分题 / 基础题,最高难任务需要一次实质应用、转换或基础实验判断，但模型完全显性。 原标注依据：溶质质量分数与溶解度关系需综合判断溶液各说法正误 现有模型存在相邻档分歧；复核后主标签保留原档，同时记录相邻档为可接受边界。,溶质质量分数与溶解度关系需综合判断溶液各说法正误,溶液在日常生活中应用广泛。下列对溶液的有关说法正确的是$(\qquad)$,https://k12static.xdf.cn/k12/image/externalized/838461c4-aa85-4e1e-92ea-5f069df405cd.png,https://k12static.xdf.cn/k12/image/externalized/47ae5cf8-6ce5-4bf9-90ed-c64c885c14ae.png
2141425888524054528,★★★,3,中等题,★★★,3,中等题,中等题,否,边界保留,中,基础题 / 中等题,最高难任务形成常规多步分析，或整题具有受控的非重复规则广度。 原标注依据：溶剂、溶质、溶液性质、乳化需多小题综合填空分析 现有模型存在相邻档分歧；复核后主标签保留原档，同时记录相邻档为可接受边界。,溶剂、溶质、溶液性质、乳化需多小题综合填空分析,溶液在生产和科研中具有广泛的用途，与我们的生活息息相关。,https://k12static.xdf.cn/k12/image/externalized/16ca261a-1ad3-4583-9f8c-1beab3857d9c.png,https://k12static.xdf.cn/k12/image/externalized/359a72c1-d9d4-44f7-b03a-b0168920269c.png
2141411042583719936,★★★,3,中等题,★★★,3,中等题,中等题,否,一致保留,高,中等题,最高难任务形成常规多步分析，或整题具有受控的非重复规则广度。 原标注依据：溶质质量分数计算需根据氢原子个数相等建立比例关系计算,溶质质量分数计算需根据氢原子个数相等建立比例关系计算,酒精溶液中的溶质为乙醇，俗称酒精化学式为 $ \ce{C2H5OH} $，某酒精溶液中酒精分子和水分子的氢原子个数相等，则该溶液中溶质质量分数为$(\qquad)$,https://k12static.xdf.cn/k12/image/externalized/bc218ba0-b4f0-40eb-a3d4-1e3534f8a550.png,https://k12static.xdf.cn/k12/image/externalized/1b454d8a-4a23-4b53-ab0f-cb9f9876b944.png
2141410938128773120,★★★,3,中等题,★★★,3,中等题,中等题,否,边界保留,中,基础题 / 中等题,最高难任务形成常规多步分析，或整题具有受控的非重复规则广度。 原标注依据：溶液导电性、质量分数、饱和溶液需综合判断氯化钾溶液各叙述正误 现有模型存在相邻档分歧；复核后主标签保留原档，同时记录相邻档为可接受边界。,溶液导电性、质量分数、饱和溶液需综合判断氯化钾溶液各叙述正误,我国青海盐湖湖水中富含氯化钾。下列有关氯化钾溶液的叙述不正确的是$(\qquad)$,https://k12static.xdf.cn/k12/image/externalized/8dced366-2167-4393-9307-fbbe5428c0a8.png,https://k12static.xdf.cn/k12/image/externalized/308bc71c-33a0-4958-8eac-2ef47fd6e89f.png
2139857207060832256,★★,2,基础题,★★,2,基础题,基础题,否,一致保留,高,基础题,最高难任务需要一次实质应用、转换或基础实验判断，但模型完全显性。 原标注依据：结合概念需综合判断N60各说法正误,结合概念需综合判断N60各说法正误,科学家通过模拟确认，$\rm 60$ 个 $\rm N$ 原子结合成一个 $\rm N_{60}$ 分子，下列关于 $\rm N_{60}$ 的叙述正确的是$(\qquad)$,https://k12static.xdf.cn/k12/image/externalized/0feb59dc-09ef-46ac-92a4-64a63027fb61.png,https://k12static.xdf.cn/k12/image/externalized/2ff1e92e-686e-4755-9948-1d6a71da0feb.png
3377833498781229056,★★★,3,中等题,★★★,3,中等题,中等题,否,一致保留,高,中等题,最高难任务形成常规多步分析，或整题具有受控的非重复规则广度。 原标注依据：元素守恒、方程式、金属与酸、金属与盐含实验探究，需多步分析异常现象,元素守恒、方程式、金属与酸、金属与盐含实验探究，需多步分析异常现象,某兴趣小组探究铁与硫酸铜溶液的反应。任务一：探究质量守恒定律任务二：探究实验异常现象将打磨后的铁钉放入硫酸铜溶液中，发现有“气泡”产生的异常现象。【提出问题】该气体是什么？【查阅资料】硫酸铜溶液呈酸性，溶液中含有氢离子。【提出假设】猜想①可能是二氧化硫：猜想②可能是氧气猜想③可能是二氧化碳：猜想④可能是氢气。,https://k12static.xdf.cn/k12/image/externalized/4fe58a33-232c-4eee-9e37-d2a87fc61e78.png,https://k12static.xdf.cn/k12/image/externalized/6f5df45f-455b-4759-b6ad-ce1113734fe3.png
2776563008853368832,★★★,3,中等题,★★★,3,中等题,中等题,否,一致保留,高,中等题,最高难任务形成常规多步分析，或整题具有受控的非重复规则广度。 原标注依据：碱的性质、指示剂、盐性质、酸碱盐需多步分析氢氧化钙和氢氧化钠变质过程及成分,碱的性质、指示剂、盐性质、酸碱盐需多步分析氢氧化钙和氢氧化钠变质过程及成分,氢氧化钙和氢氧化钠的变质探究,https://k12static.xdf.cn/k12/image/externalized/5a96edf5-1322-4452-90ff-2c02d84e4433.png,https://k12static.xdf.cn/k12/image/externalized/49040069-6dd1-43c8-899f-0b769f98c8c3.png
3502355617501708288,★★★,3,中等题,★★★,3,中等题,中等题,否,一致保留,高,中等题,最高难任务形成常规多步分析，或整题具有受控的非重复规则广度。 原标注依据：饱和溶液、溶解度曲线、质量分数、配制含溶解度曲线图，需多步分析硫酸铜晶体制作,饱和溶液、溶解度曲线、质量分数、配制含溶解度曲线图，需多步分析硫酸铜晶体制作,感探究之趣，赏化学之美——制作美丽硫酸铜晶体。图1所示为硫酸铜的溶解度曲线，图2所示为制作硫酸铜晶体的实验过程(不考虑水的蒸发)。请回答下列问题：,https://k12static.xdf.cn/k12/image/externalized/9891b863-12a9-4b7f-a0ac-d7098e48c3b2.png,https://k12static.xdf.cn/k12/image/externalized/d8d034c4-a31b-49e7-8e7d-52885741ae40.png
3328513204026122240,★★★,3,中等题,★★★,3,中等题,中等题,否,一致保留,高,中等题,最高难任务形成常规多步分析，或整题具有受控的非重复规则广度。 原标注依据：溶液、溶质溶剂概念、吸放热、饱和溶液含实验图，需综合判断各选项,溶液、溶质溶剂概念、吸放热、饱和溶液含实验图，需综合判断各选项,20℃时，在两只各盛有50g水的烧杯中，分别加入30g氯化钠和蔗糖固体，搅拌使其充分溶解，结果如图所示。下列说法正确的是,https://k12static.xdf.cn/k12/image/externalized/fe0fca21-e137-489f-8f82-d9d93018f11b.png,https://k12static.xdf.cn/k12/image/externalized/1f4f4cc3-c4b3-461d-a583-65094bba530c.png
2373088844644388864,★★,2,基础题,★★,2,基础题,基础题,否,边界保留,中,送分题 / 基础题,最高难任务需要一次实质应用、转换或基础实验判断，但模型完全显性。 原标注依据：碱的物理性质与化学性质需综合判断氢氧化钠各描述正误，含指示剂变色陷阱 现有模型存在相邻档分歧；复核后主标签保留原档，同时记录相邻档为可接受边界。,碱的物理性质与化学性质需综合判断氢氧化钠各描述正误，含指示剂变色陷阱,下列关于氢氧化钠的描述中，错误的是（ ）,https://k12static.xdf.cn/k12/image/externalized/97202899-c6bf-4e27-8b43-5b62b5292fb6.png,https://k12static.xdf.cn/k12/image/externalized/f4578605-81cd-46d3-9141-1e1fbcd7601e.png
3150334772413747200,★,1,送分题,★,1,送分题,送分题,否,一致保留,高,送分题,最高难任务属于单一熟悉模板的直接识别，没有第二次化学决策。 原标注依据：合金概念,合金概念,汉字是中华文化的瑰宝，曾书于竹帛、镂于金石、琢于盘盂。兽骨、青铜、丝绸、竹木都曾为汉字的记录载体，其中属于合金的是A．兽骨B．青铜C．丝绸D．竹木,https://k12static.xdf.cn/k12/image/externalized/1bb8d38d-e07b-4a00-b8ba-2d4145b679c0.png,https://k12static.xdf.cn/k12/image/externalized/93facb58-0ff7-4172-93a1-a948d6db83ef.png
2625256300038373376,★★,2,基础题,★★,2,基础题,基础题,否,边界保留,中,送分题 / 基础题,最高难任务需要一次实质应用、转换或基础实验判断，但模型完全显性。 原标注依据：空气成分、氧气物理化学性质、用途需综合判断氧气各说法正误 现有模型存在相邻档分歧；复核后主标签保留原档，同时记录相邻档为可接受边界。,空气成分、氧气物理化学性质、用途需综合判断氧气各说法正误,航天员在空间站工作、生活都离不开氧气。下列有关氧气的说法正确的是（ ）,https://k12static.xdf.cn/k12/image/externalized/69a47194-c133-415a-a4af-3fd1681d3408.png,https://k12static.xdf.cn/k12/image/externalized/a6c8a59a-e2dd-4bc7-9877-3943d1e0e9d1.png
3237155799090921472,★★★★,4,拔高题,★★★★,4,拔高题,拔高题,否,边界保留,中,中等题 / 拔高题,题目存在决定性转换、方案评价、多约束或高密度综合链。 原标注依据：氧气含量测定实验创新探究，含图/数据表/多步推导/创新改进方案分析 现有模型存在相邻档分歧；复核后主标签保留原档，同时记录相邻档为可接受边界。,氧气含量测定实验创新探究，含图/数据表/多步推导/创新改进方案分析,某兴趣小组同学用红磷测定空气中氧气的含量，实验结束后对集气瓶中是否还含有氧气产生质疑，设计如图1所示装置探究燃烧后氧气浓度的变化情况。 【提出问题】足量红磷在密闭的容器内燃烧熄灭后，容器中是否有氧气剩余？ 【作出猜想】猜想一：有氧气剩余；猜想二：无氧气剩余。 【实验验证】该小组同学按图1组装好实验装置，利用高能激光笔照射燃烧匙上的红磷，红磷燃烧直至熄灭；待装置完全冷却后，将装有白磷的燃烧匙提出水面，再次用高能激光笔照射，白磷居然也被点…,https://k12static.xdf.cn/k12/image/externalized/c9a8c03e-2e5b-4f7c-bffd-92a30ff02a8e.png,https://k12static.xdf.cn/k12/image/externalized/1d16e485-5b26-41fc-93f0-78e3fed95125.png
3044084251937480704,★★★★★,5,压轴题,★★★★★,5,压轴题,压轴题,否,边界保留,中,拔高题 / 压轴题,题目包含复杂建模、多阶段证据和定量关系的深层耦合。 原标注依据：未知反应探究/气体检验/固体成分探究/热分解实验/x:y:z计算，跨模块综合 现有模型存在相邻档分歧；复核后主标签保留原档，同时记录相邻档为可接受边界。,未知反应探究/气体检验/固体成分探究/热分解实验/x:y:z计算，跨模块综合,向CuSO4溶液中加入一定量NaHCO3溶液，观察到有气泡并产生蓝绿色固体。 （一）将气体通入足量澄清石灰水，石灰水变浑浊，气体为 ________ 。 （二）固体分析 【猜想】固体可能是（1）Cu（OH）2 （2）CuCO3（3）CuCO3和 Cu（OH）2的混合物 【资料】CuCO3和Cu（OH）2受热均会分解生成对应的两种氧化物 【实验】经处理得到纯净、干燥的蓝绿色固体。,https://k12static.xdf.cn/k12/image/externalized/0e88790e-fedc-4d81-ae7b-81f29c54008e.png,https://k12static.xdf.cn/k12/image/externalized/f62ce7e1-5dd3-4f0d-abd0-495c87f7202f.png
3017321111061884928,★★★★,4,拔高题,★★★★,4,拔高题,拔高题,否,边界保留,中,中等题 / 拔高题,题目存在决定性转换、方案评价、多约束或高密度综合链。 原标注依据：双工业流程高纯硅+无水氯化钙，含方程式/除杂/循环利用/杂质分析 现有模型存在相邻档分歧；复核后主标签保留原档，同时记录相邻档为可接受边界。,双工业流程高纯硅+无水氯化钙，含方程式/除杂/循环利用/杂质分析,（一）甲工厂：全球首段承载式太阳能光伏发电公路试验段在山东省建成通车。高纯硅是光伏发电的重要材料，生产高纯硅的流程图如下。（二）乙工厂：无水氯化钙在工业上有广泛的用途。以石灰石矿粉(含有SiO2、Fe2O3、MgSO4等杂质)为原料，生产无水氯化钙的流程如下：回答下列问题：,https://k12static.xdf.cn/k12/image/externalized/f33eda44-8934-4ae6-a45a-dd1fe604469d.png,https://k12static.xdf.cn/k12/image/externalized/a4444e3e-0f08-47e8-b023-79d95df09fd9.png
2864648172177551360,★★★★,4,拔高题,★★★★,4,拔高题,拔高题,否,一致保留,高,拔高题,题目存在决定性转换、方案评价、多约束或高密度综合链。 原标注依据：数字化传感器/药品选择/压强温度分析/性质验证/误差分析,数字化传感器/药品选择/压强温度分析/性质验证/误差分析,数字化传感技术应用于化学实验能实现实验数据采集自动化，形成相应图像，更好地解决化学中的疑难问题。化学兴趣小组打算在实验室用贝壳和一定浓度的稀盐酸制取二氧化碳并验证二氧化碳的部分性质，在实验中使用了压强和温度两种传感器。 【查阅资料】①贝壳主要成分为碳酸钙，贝壳中的其它杂质对实验影响可以忽略不计； ②浓盐酸具有挥发性，会挥发出氯化氢气体。 【探究实验一】选择药品 分别取等质量颗粒状和粉末状的贝壳样品与等体积、等浓度的稀盐酸在图1的三颈烧…,https://k12static.xdf.cn/k12/image/externalized/6e4ad385-18a9-4dce-9b5b-e791bbda5669.png,https://k12static.xdf.cn/k12/image/externalized/36b61c61-09e1-433d-9983-0e274cff0e8e.png
3602157856244985856,★★★★,4,拔高题,★★★★,4,拔高题,拔高题,否,一致保留,高,拔高题,题目存在决定性转换、方案评价、多约束或高密度综合链。 原标注依据：黑色物质成分探究/多因素实验/控制变量/科学严谨性评价,黑色物质成分探究/多因素实验/控制变量/科学严谨性评价,在“铁钉与硫酸铜溶液反应”的实验中，铁钉表面有时出现黑色物质，且溶液在短时间内很难变为浅绿色。欲探究其原因，某兴趣小组的同学开展了如下项目式学习。 任务一：验证黑色物质的成分 【查阅资料1】铁粉为黑色固体。 【作出猜想】猜想Ⅰ：黑色物质是铁粉；猜想Ⅱ：黑色物质是氧化铜。 【进行实验1】刮取铁钉表面的黑色物质置于试管中，加入足量稀硫酸，微热。 （1）观察到 ________ 的现象，证明黑色物质是氧化铜，发生反应的化学方程式为 ____…,https://k12static.xdf.cn/k12/image/externalized/bf478297-1167-43ef-82c6-a5f502b97708.png,https://k12static.xdf.cn/k12/image/externalized/e798fe98-d8ca-414a-8449-611cb989b8dd.png
3367572448866766848,★★★★,4,拔高题,★★★★,4,拔高题,拔高题,否,边界保留,中,中等题 / 拔高题,题目存在决定性转换、方案评价、多约束或高密度综合链。 原标注依据：燃烧条件/氧气浓度影响/氧指数概念/数据分析/铁丝燃烧条件 现有模型存在相邻档分歧；复核后主标签保留原档，同时记录相邻档为可接受边界。,燃烧条件/氧气浓度影响/氧指数概念/数据分析/铁丝燃烧条件,兴趣小组的同学在老师指导下完成了对物质燃烧的相关探究。 【查阅资料】着火点：白磷40℃，红磷240℃，两者燃烧都会产生能污染空气的白色粉状固体P2O5。 探究一：探究可燃物燃烧的条件 【设计实验】用图1装置探究可燃物燃烧的条件。 【交流与讨论】,https://k12static.xdf.cn/k12/image/externalized/1e14c63e-2ee7-4c14-8479-4e8c4ce51150.png,https://k12static.xdf.cn/k12/image/externalized/72f5b2a3-2468-40c0-9647-c29bac350db5.png
3054183855710801920,★★★★,4,拔高题,★★★★,4,拔高题,拔高题,否,边界保留,中,中等题 / 拔高题,题目存在决定性转换、方案评价、多约束或高密度综合链。 原标注依据：陌生反应/装置连接/浓度影响/产品检验，含多步装置分析和防倒吸，跨模块综合 现有模型存在相邻档分歧；复核后主标签保留原档，同时记录相邻档为可接受边界。,陌生反应/装置连接/浓度影响/产品检验，含多步装置分析和防倒吸，跨模块综合,焦亚硫酸钠（Na2S2O5）是一种食品添加剂，具有还原性，可以利用反应Na2CO3+2SO2=Na2S2O5+CO2生成，实验室利用如图装置制备焦亚硫酸钠，其中B装置为尾气处理装置，C装置为防倒吸的安全瓶，SO2能溶于水。,https://k12static.xdf.cn/k12/image/externalized/3e56df2a-3864-4b45-a634-e11303dca977.png,https://k12static.xdf.cn/k12/image/externalized/b9c89ea8-e7ee-475a-a4bc-1963bc776439.png
2992106600926035968,★★★★★,5,压轴题,★★★★★,5,压轴题,压轴题,否,边界保留,中,拔高题 / 压轴题,题目包含复杂建模、多阶段证据和定量关系的深层耦合。 原标注依据：含陌生反应/装置功能分析/温度控制/纯度计算 现有模型存在相邻档分歧；复核后主标签保留原档，同时记录相邻档为可接受边界。,含陌生反应/装置功能分析/温度控制/纯度计算,无水四氯化锡（SnCl4）常用作有机合成的氯化催化剂。实验室可用熔融的锡与Cl2（黄绿色气体，有毒）反应制备SnCl4，某小组拟设计实验制备无水四氯化锡。 Ⅰ．查阅资料，得知： 性质 物质 物理性质 化学性质 Sn 熔点：232℃ / SnCl2 熔点：246℃，沸点：652℃ / SnCl4 熔点：-33℃，沸点：114℃ 遇水蒸气剧烈反应，一种产物是SnO2•xH2O，另一种产物在空气中产生白雾 2KMnO4+16HCl═2KCl…,https://k12static.xdf.cn/k12/image/externalized/9cc7b7dd-e408-43a3-ae3b-5d5e8180828c.png,https://k12static.xdf.cn/k12/image/externalized/a6ff9482-5b60-4bc4-8454-7c4cbcd2a740.png
2934099533219045376,★★★★,4,拔高题,★★★★,4,拔高题,拔高题,否,边界保留,中,中等题 / 拔高题,题目存在决定性转换、方案评价、多约束或高密度综合链。 原标注依据：工业流程含方程式/操作/尾气处理/洗涤剂选择，跨模块综合 现有模型存在相邻档分歧；复核后主标签保留原档，同时记录相邻档为可接受边界。,工业流程含方程式/操作/尾气处理/洗涤剂选择，跨模块综合,兴趣小组分析了用硫铁矿烧渣（主要成分Fe2O3、Fe3O4、FeO等）制备铁红（Fe2O3） 的流程图并进行了铁红性质实验。铁红制备的流程图分析（注：NH4HCO3不稳定，易分解） （1）写出焙烧中CO与Fe2O3反应的化学方程式 ________ 。 （2）实验室完成操作1，用到的玻璃仪器有烧杯、玻璃棒和 ________ （填仪器名称） （3）你认为对气体C最佳的处理方法是 ________ A．冷却后排入空气 B．燃烧后排放 C…,https://k12static.xdf.cn/k12/image/externalized/be080dca-1da0-47ee-a09f-a401e1d6382e.png,https://k12static.xdf.cn/k12/image/externalized/86478b6f-305c-4cc0-8f58-1c2ef70b960f.png
2975170857812697088,★★★★,4,拔高题,★★★★,4,拔高题,拔高题,否,边界保留,中,拔高题 / 压轴题,题目存在决定性转换、方案评价、多约束或高密度综合链。 原标注依据：含异常现象分析/多因素实验设计/白色沉淀成分探究 现有模型存在相邻档分歧；复核后主标签保留原档，同时记录相邻档为可接受边界。,含异常现象分析/多因素实验设计/白色沉淀成分探究,某小组在进行镁和稀盐酸反应的实验时，产生气泡先快后慢，静置后试管底部出现白色沉淀，进行以下探究。(1)产生气泡先快后慢的原因是 (2)【初探】出现白色沉淀是否偶然实验1：向4份等体积、等浓度的稀盐酸中加长度不同、宽度相同的打磨过的镁带试管ABCD镁带长度1cm2cm3cm4cm实验现象快速反应产生大量气泡，试管发热，最终镁带溶解快速反应产生大量气泡，试管发热，镁带溶解，出现少量白色浑浊快速反应产生大量气泡，试管发热，镁带溶解，出现白色…,https://k12static.xdf.cn/k12/image/externalized/0c007a19-23df-45b2-aa1a-776a743369d4.png,https://k12static.xdf.cn/k12/image/externalized/46ec1711-3093-4853-bac5-19eae360d2e2.png
2942365409530904576,★★★★,4,拔高题,★★★★,4,拔高题,拔高题,否,边界保留,中,中等题 / 拔高题,题目存在决定性转换、方案评价、多约束或高密度综合链。 原标注依据：天然碱a:b:c测定实验，含多步装置分析/数据修正/操作影响判断，跨模块综合 现有模型存在相邻档分歧；复核后主标签保留原档，同时记录相邻档为可接受边界。,天然碱a:b:c测定实验，含多步装置分析/数据修正/操作影响判断，跨模块综合,我国青海湖地区得到的天然碱并不是碳酸钠的晶体，组成可表示为aNa2CO3•bNaHCO3•cH2O（a、b、c为最简整数比）。某化学课外活动小组对天然碱的成分进行探究： 【查阅资料】 1.碳酸钠比较稳定，加热时不分解； 2.2NaHCO3$\frac{\underline{\;\triangle \;}}{\;}$Na2CO3+CO2↑+H2O 3.B处为两个单向阀：推注射器时A1关闭，A2处打开；拉注射器时，A1打开进空气，A2关闭…,https://k12static.xdf.cn/k12/image/externalized/8402edfb-ea0b-454e-8518-1f1607b5b785.png,https://k12static.xdf.cn/k12/image/externalized/317071b8-669b-4ceb-9b37-ae78018eaa2e.png
2933896346256650240,★★★★,4,拔高题,★★★★,4,拔高题,拔高题,否,一致保留,高,拔高题,题目存在决定性转换、方案评价、多约束或高密度综合链。 原标注依据：工业流程含陌生方程式书写/多步反应机理/操作分析，跨模块知识点融合,工业流程含陌生方程式书写/多步反应机理/操作分析，跨模块知识点融合,工业以软锰矿（主要成分是MnO2，含有SiO2、Fe2O3等少量杂质）为主要原料制备高性能的磁性材料碳酸锰（MnCO3）。其工业流程如图： 已知：MnO2+SO2=MnSO4。 （1）“浸锰”过程中Fe2O3与SO2反应的化学方程式为Fe2O3+SO2+H2SO4=2FeSO4+H2O，该反应是经历以下两步反应实现的。 i.Fe2O3+3H2SO4=Fe2（SO4）3+3H2O ii.…… 写出ii的化学方程式： ________ 。…,https://k12static.xdf.cn/k12/image/externalized/fba5fc78-8a74-4a71-9107-d4222027fa82.png,https://k12static.xdf.cn/k12/image/externalized/2602468a-a992-4b34-8e6b-4877fe77ffa5.png
3658614416288788480,★★★★,4,拔高题,★★★★,4,拔高题,拔高题,否,复核保留,中,拔高题,题目存在决定性转换、方案评价、多约束或高密度综合链。 原标注依据：气体检验、固体除杂、溶液成分判断,气体检验、固体除杂、溶液成分判断,下列实验方案能达到目的的是选项实验目的实验方案A鉴别氢气和甲烷点燃，在火焰上罩一个干冷的烧杯B除去氧化钙中的碳酸钙高温煅烧C检验氢氧化钠溶液是否变质取样后滴加酚酞溶液D分离$\mathrm{CO}_{2}$和$\mathrm{N}_{2}$的混合气体通入澄清石灰水,https://k12static.xdf.cn/k12/image/externalized/e92047eb-483c-4b56-a52e-cc5e44135bd5.png,https://k12static.xdf.cn/k12/image/externalized/78183d87-8b8f-4795-8560-83b416682daf.png
3663371474737328128,★★★★,4,拔高题,★★★★,4,拔高题,拔高题,否,一致保留,高,拔高题,题目存在决定性转换、方案评价、多约束或高密度综合链。 原标注依据：分情况的推断,分情况的推断,如图是初中阶段常见物质之间的转化关系，图中“→”表示某种物质经一步反应转化为另一种物质（部分反应物、生成物及反应条件已略去）。下列说法正确的是,https://k12static.xdf.cn/k12/image/externalized/18fb7813-880c-47bc-a2bd-1fd5f713d3c8.png,https://k12static.xdf.cn/k12/image/externalized/7fae6843-74ff-48a1-b442-72339691ca9a.png
3663371250763378688,★★★★,4,拔高题,★★★★,4,拔高题,拔高题,否,一致保留,高,拔高题,题目存在决定性转换、方案评价、多约束或高密度综合链。 原标注依据：典型特殊计算方法的应用，-极值法,典型特殊计算方法的应用，-极值法,某金属混合物2.4g，与足量稀盐酸反应，生成0.2g氢气。则该金属混合物可能是下列选项中的,https://k12static.xdf.cn/k12/image/externalized/3d8b16ed-4e91-49e3-8b8c-6d5befd9a404.png,https://k12static.xdf.cn/k12/image/externalized/360d8438-21bb-4198-b543-c4c99167b73b.png
3446938330772373504,★★★★,4,拔高题,★★★★,4,拔高题,拔高题,否,边界保留,中,中等题 / 拔高题,题目存在决定性转换、方案评价、多约束或高密度综合链。 原标注依据：图像判断涵盖3大知识模块金属与酸、酸碱盐、空气中氧气含量 现有模型存在相邻档分歧；复核后主标签保留原档，同时记录相邻档为可接受边界。,图像判断涵盖3大知识模块金属与酸、酸碱盐、空气中氧气含量,下列图像与其描述不对应的是（ ）,https://k12static.xdf.cn/k12/image/externalized/89651a80-a171-4b58-b7ac-6ec7f74d52ad.png,https://k12static.xdf.cn/k12/image/externalized/76d33ef2-2562-46fb-9be3-c8506fe34afb.png
3444550658960150528,★★★★,4,拔高题,★★★★,4,拔高题,拔高题,否,边界保留,中,中等题 / 拔高题,题目存在决定性转换、方案评价、多约束或高密度综合链。 原标注依据：三大模块综合，能源的使用、电解水与实验室制取气体相结合 现有模型存在相邻档分歧；复核后主标签保留原档，同时记录相邻档为可接受边界。,三大模块综合，能源的使用、电解水与实验室制取气体相结合,海水电解制氢的反应原理与纯水电解基本相同。最近，我国科研团队提出碱性电解槽(如图)被尝试应用于海水直接电解。 (1)氢气被认为是理想燃料的原因 (答一点即可)，电解水产生氢气的反应原理是 (用化学方程式表示)。 (2)如图所示，我们发现流向正极的粒子是 (填微观粒子名称)， (3)负极产生的气体是 (填化学式)，若将燃着的木条靠近正极产生的气体，观察到的现象是： 。 (4)有关电解水实验的说法正确的是 (不定项)。 A. 水通电时，产…,https://k12static.xdf.cn/k12/image/externalized/7929faf7-2674-4151-a27d-66d525d9615d.png,https://k12static.xdf.cn/k12/image/externalized/9957fc22-e0b7-4001-b07f-616cb0ff4fed.png
3090542954741006336,★★★★,4,拔高题,★★★★,4,拔高题,拔高题,否,一致保留,高,拔高题,题目存在决定性转换、方案评价、多约束或高密度综合链。 原标注依据：滤液滤渣成分分情况判断,滤液滤渣成分分情况判断,在硝酸铜、硝酸银的混合溶液中加入一定量的铝粉，充分反应后过滤。下列说法正确的是,https://k12static.xdf.cn/k12/image/externalized/4b5288e4-b5b3-4fc7-a674-2e0d33311807.png,https://k12static.xdf.cn/k12/image/externalized/fed2f756-9c7c-42b8-b1dc-3384d1034785.png
3659092252741877760,★★★★,4,拔高题,★★★★,4,拔高题,拔高题,否,边界保留,中,中等题 / 拔高题,题目存在决定性转换、方案评价、多约束或高密度综合链。 原标注依据：简单基础知识+陌生流程信息提取 现有模型存在相邻档分歧；复核后主标签保留原档，同时记录相邻档为可接受边界。,简单基础知识+陌生流程信息提取,化学创造美好生活。 Ⅰ．春假期间，小明为全家烹饪了一道地道的自贡美食“冷吃兔”。请回答下列问题： （1）所用的食材有兔肉、食用油、辣椒等，其中富含蛋白质的是 ________ 。 （2）调味时使用的加碘盐中，“碘”属于 ________ （填“微量”或“常量”）元素。 （3）烹饪时若锅中的油不慎着火，可用锅盖盖灭，其灭火原理是 ________ 。 （4）餐后，小明清洗铁锅，为防止其生锈，生活中可采取的合理措施有 ________ （…,https://k12static.xdf.cn/k12/image/externalized/b1a7bf74-6f0b-4613-a0c4-93ad6ee59562.png,https://k12static.xdf.cn/k12/image/externalized/747d1abe-1571-47ad-84ac-7912fcc7872d.png
3031662285817925632,★★★★,4,拔高题,★★★★,4,拔高题,拔高题,否,边界保留,中,中等题 / 拔高题,题目存在决定性转换、方案评价、多约束或高密度综合链。 原标注依据：分析反应过程，确定溶质的可能情况 现有模型存在相邻档分歧；复核后主标签保留原档，同时记录相邻档为可接受边界。,分析反应过程，确定溶质的可能情况,U形管中是滴有酚酞溶液的蒸馏水，向左、右两管中同时逐滴滴加一定量的氢氧化钠稀溶液和稀盐酸（如图所示）。,https://k12static.xdf.cn/k12/image/externalized/c7aa630b-60be-4479-99b8-d4b65a585da4.png,https://k12static.xdf.cn/k12/image/externalized/c8ce0880-400b-4079-a27b-10b8a8f315ac.png
2766494663626493952,★★★★,4,拔高题,★★★★,4,拔高题,拔高题,否,边界保留,中,中等题 / 拔高题,题目存在决定性转换、方案评价、多约束或高密度综合链。 原标注依据：科学探究题-方案设计 现有模型存在相邻档分歧；复核后主标签保留原档，同时记录相邻档为可接受边界。,科学探究题-方案设计,某学习小组用不同浓度的溶液浇灌植物，研究重金属对植物生长的影响。,https://k12static.xdf.cn/k12/image/externalized/67b0c7c4-e5e8-4ca5-9983-8aaeacb1803f.png,https://k12static.xdf.cn/k12/image/externalized/1f139ba2-fe0f-4413-b6f0-fb7deedf4282.png
3444298238648668160,★★★★,4,拔高题,★★★★,4,拔高题,拔高题,否,一致保留,高,拔高题,题目存在决定性转换、方案评价、多约束或高密度综合链。 原标注依据：限定条件下的离子共存判断,限定条件下的离子共存判断,下列物质能在 $\text{pH} = 1$ 的溶液中大量共存的是,https://k12static.xdf.cn/k12/image/externalized/cf41a28c-6959-464d-b00c-05ba613217ee.png,https://k12static.xdf.cn/k12/image/externalized/d13b5e15-e762-46ad-9077-7bf5968db8f5.png
3108328717947248640,★★★,3,中等题,★★★,3,中等题,拔高题,是,明确改标,高,中等题,任务虽然有多个知识点或较长情境，但最高难链仍属于显性的常规2—3层分析；没有决定性隐含转换、复杂方案设计、多约束筛选或高密度综合链，校准为中等题。,价类二维图-物质化学性质、化学式、类别,铁元素的“价类二维图”如图所示。下列说法错误的是,https://k12static.xdf.cn/k12/image/externalized/40cd1d00-d619-40a9-af28-26f9eb15a24a.png,https://k12static.xdf.cn/k12/image/externalized/b630c203-80fc-4d90-8a48-1c12e55012a7.png
3678425347934212096,★★★★,4,拔高题,★★★★,4,拔高题,拔高题,否,边界保留,中,中等题 / 拔高题,题目存在决定性转换、方案评价、多约束或高密度综合链。 原标注依据：实验室制备气体+改进方法+启普发生器+陌生气体装置选择 现有模型存在相邻档分歧；复核后主标签保留原档，同时记录相邻档为可接受边界。,实验室制备气体+改进方法+启普发生器+陌生气体装置选择,化学是以实验为基础的学科，实验室部分仪器或装置如图。回答下列问题：,https://k12static.xdf.cn/k12/image/externalized/28924035-e3c4-4f59-8732-113f7a3291c6.png,https://k12static.xdf.cn/k12/image/externalized/b7c85f54-89b3-4c4e-89b9-f175a4d31513.png
3678415371597586432,★★★★,4,拔高题,★★★★,4,拔高题,拔高题,否,一致保留,高,拔高题,题目存在决定性转换、方案评价、多约束或高密度综合链。 原标注依据：实验方案判断能量变化+气体检验+分子运动速率+二氧化碳性质探究,实验方案判断能量变化+气体检验+分子运动速率+二氧化碳性质探究,下列实验方案不能达到实验目的的是A．验证氧化钙与水反应放热B．验证该气体为氢气C．探究温度对分子运动速率的影响D．探究二氧化碳能与水反应,https://k12static.xdf.cn/k12/image/externalized/00ce062e-c7f6-4d8c-990c-03acdbb289f4.png,https://k12static.xdf.cn/k12/image/externalized/eaa61216-1901-4893-94c1-0495ad52f324.png
3610800181249085440,★★★,3,中等题,★★★,3,中等题,拔高题,是,明确改标,高,中等题,任务虽然有多个知识点或较长情境，但最高难链仍属于显性的常规2—3层分析；没有决定性隐含转换、复杂方案设计、多约束筛选或高密度综合链，校准为中等题。,水的转化和利用-简单判断分子间隙、电解水、还原反应判断、有机物,水是生命之源，如图为 $\mathrm{H_2O}$ 的转化和利用。下列说法不正确的是（ ）,https://k12static.xdf.cn/k12/image/externalized/50c7de47-ea37-4c29-96fb-7f9d42b43a13.png,https://k12static.xdf.cn/k12/image/externalized/b8cce7ed-bd79-4e4c-8c22-9a5e7ec61deb.png
3144513979363385344,★★★,3,中等题,★★★,3,中等题,拔高题,是,明确改标,高,中等题,任务虽然有多个知识点或较长情境，但最高难链仍属于显性的常规2—3层分析；没有决定性隐含转换、复杂方案设计、多约束筛选或高密度综合链，校准为中等题。,3种金属与酸反应图像问题,等质量的三种金属X、Y、Z（化合物中化合价均为+2价）分别与足量同浓度的稀盐酸反应，产生氢气的质量与反应时间的关系如图所示，下列有关说法正确的是,https://k12static.xdf.cn/k12/image/externalized/22ed496d-076f-4a76-bc48-f95a71355cbe.png,https://k12static.xdf.cn/k12/image/externalized/d760cdbf-f5d1-40c9-a6c3-d2d5be14d7b5.png
3446938339898404864,★★★,3,中等题,★★★,3,中等题,拔高题,是,明确改标,高,中等题,任务虽然有多个知识点或较长情境，但最高难链仍属于显性的常规2—3层分析；没有决定性隐含转换、复杂方案设计、多约束筛选或高密度综合链，校准为中等题。,溶液相关图像曲线判断,下列图像中有关量的变化趋势与对应叙述关系正确的是（ ）,https://k12static.xdf.cn/k12/image/externalized/82941569-6a46-4904-aedc-316e5d3c307f.png,https://k12static.xdf.cn/k12/image/externalized/a84beefb-124a-40ce-8452-f9c632215535.png
3610835779546865664,★★★★,4,拔高题,★★★★,4,拔高题,拔高题,否,边界保留,中,中等题 / 拔高题,题目存在决定性转换、方案评价、多约束或高密度综合链。 原标注依据：三种物质溶解度曲线分析、析出晶体+溶质质量分数+溶剂质量 现有模型存在相邻档分歧；复核后主标签保留原档，同时记录相邻档为可接受边界。,三种物质溶解度曲线分析、析出晶体+溶质质量分数+溶剂质量,如图是甲、乙、丙三种固体物质（不含结晶水）在水中的溶解度曲线，下列有关说法不正确的是（ ）,https://k12static.xdf.cn/k12/image/externalized/6cbffce4-5e5a-4582-a29d-b696f09c0451.png,https://k12static.xdf.cn/k12/image/externalized/bf30c77c-729e-4bed-b068-8d9846a6b5e0.png
3678157429465767936,★★★★,4,拔高题,★★★★,4,拔高题,拔高题,否,边界保留,中,中等题 / 拔高题,题目存在决定性转换、方案评价、多约束或高密度综合链。 原标注依据：溶液导电性+实验装置变形 现有模型存在相邻档分歧；复核后主标签保留原档，同时记录相邻档为可接受边界。,溶液导电性+实验装置变形,按下图所示进行趣味实验，将U形管开口端放入烧杯内。下列说法错误的是,https://k12static.xdf.cn/k12/image/externalized/d4eb5855-5e11-43bc-b9d7-b14bcca5683e.png,https://k12static.xdf.cn/k12/image/externalized/89db8d10-3782-4a26-96f1-77f108b965a2.png
3663176643766169600,★★★,3,中等题,★★★,3,中等题,拔高题,是,明确改标,高,中等题,任务虽然有多个知识点或较长情境，但最高难链仍属于显性的常规2—3层分析；没有决定性隐含转换、复杂方案设计、多约束筛选或高密度综合链，校准为中等题。,中和反应图像的定量+定性判断,常温下，某同学用pH传感器测定稀盐酸滴入氢氧化钠溶液过程中pH的变化，测定结果如图所示。下列说法错误的是,https://k12static.xdf.cn/k12/image/externalized/3b752509-4cdd-44d9-9ffc-70bb2871ec3e.png,https://k12static.xdf.cn/k12/image/externalized/a7d61b3d-b34e-43b3-9ad5-cd6731b98337.png
3670136898046713856,★★★,3,中等题,★★★,3,中等题,拔高题,是,明确改标,高,中等题,任务虽然有多个知识点或较长情境，但最高难链仍属于显性的常规2—3层分析；没有决定性隐含转换、复杂方案设计、多约束筛选或高密度综合链，校准为中等题。,题干考查知识归纳总结，涉及板块至少3块,归纳法是一种重要的学习方法，可以将零散知识结构化、系统化。下列知识归纳都正确的一项是（ ） A. 化学与能源 B. 化学与安全常识 ①干电池可将化学能转变为电能 ②使用可燃冰可有效控制温室效应 ③化石燃料属于不可再生能源 ①油锅着火可以用锅盖盖灭 ②高层楼房着火时立即乘电梯逃离 ③夜间发现液化气泄漏，立即开灯寻找泄漏源 C. 化学与生产生活 D. 化学与身体健康 ①食物腐烂是缓慢氧化 ②小苏打可用作发酵粉 ③熟石灰可用于制备波尔多液 …,https://k12static.xdf.cn/k12/image/externalized/ea15c9a1-d53c-4d94-be2c-e37c3706a657.png,https://k12static.xdf.cn/k12/image/externalized/bbcfab02-681a-4932-bc8f-6f7a76f6adaa.png
3676258298490802176,★★★,3,中等题,★★★,3,中等题,拔高题,是,明确改标,高,中等题,任务虽然有多个知识点或较长情境，但最高难链仍属于显性的常规2—3层分析；没有决定性隐含转换、复杂方案设计、多约束筛选或高密度综合链，校准为中等题。,酸碱盐性质应用-趣味实验,某项目式学习小组进行“魔法清水”趣味实验，向盛有“清水”（$\mathrm{Na}_{2}\mathrm{CO}_{3}$溶液）的烧杯中依次加入足量不同试剂，出现如图所示的三种变化。下列说法错误的是,https://k12static.xdf.cn/k12/image/externalized/ef740f12-c79c-483c-8a82-91689b1696b7.png,https://k12static.xdf.cn/k12/image/externalized/57d2668a-96df-4faa-81c0-8481911ccb4b.png
3649838915192115200,★★★,3,中等题,★★★,3,中等题,拔高题,是,明确改标,高,中等题,任务虽然有多个知识点或较长情境，但最高难链仍属于显性的常规2—3层分析；没有决定性隐含转换、复杂方案设计、多约束筛选或高密度综合链，校准为中等题。,海水晒盐+溶解度曲线 分析,“七步走水”古法晒盐技艺传承千年，依靠阳光、海风将海水经层层筛滤、制卤、结晶等步骤，历时多日晒制优质海盐。,https://k12static.xdf.cn/k12/image/externalized/db7927bd-daff-4e68-a548-4a02d0375010.png,https://k12static.xdf.cn/k12/image/externalized/e04fbf8c-df84-4367-9342-dbdf6ef9e185.png
3051917932515160064,★★★★,4,拔高题,★★★★,4,拔高题,拔高题,否,一致保留,高,拔高题,题目存在决定性转换、方案评价、多约束或高密度综合链。 原标注依据：海洋资源的综合考查海水晒盐+制镁+制碱+计算,海洋资源的综合考查海水晒盐+制镁+制碱+计算,烟台拥有绵长的海岸线和两倍于陆地面积的“蔚蓝国土”。作为高质量发展的战略要地，海洋资源的保护和可持续综合利用至关重要。下图是综合利用海水的流程图，请回答：,https://k12static.xdf.cn/k12/image/externalized/25850e20-0c66-4ce8-b6ae-0b140b7fc44b.png,https://k12static.xdf.cn/k12/image/externalized/c3833e54-4933-4ac5-9768-d801823569ee.png
3499824282471792640,★★★★,4,拔高题,★★★★,4,拔高题,拔高题,否,边界保留,中,中等题 / 拔高题,题目存在决定性转换、方案评价、多约束或高密度综合链。 原标注依据：空气中氧气含量测定实验的改进+计算+误差分析 现有模型存在相邻档分歧；复核后主标签保留原档，同时记录相邻档为可接受边界。,空气中氧气含量测定实验的改进+计算+误差分析,在“测定空气中氧气含量”的实验中，小强采用了下图所示装置：在由两个注射器组成的密闭系统中留有30 mL空气，给装有细铜丝的玻璃管加热，同时缓慢推动两个注射器活塞，至玻璃管内的铜丝在较长时间内无进一步变化时，停止加热，待冷却至室温后，将气体全部推至一个注射器内，观察密闭系统内空气体积变化。,https://k12static.xdf.cn/k12/image/externalized/3786311e-c90c-41df-b39a-0b535dda1a1b.png,https://k12static.xdf.cn/k12/image/externalized/36895774-eee0-49c3-a554-220267820879.png
3621106884981084160,★★★★,4,拔高题,★★★★,4,拔高题,拔高题,否,边界保留,中,中等题 / 拔高题,题目存在决定性转换、方案评价、多约束或高密度综合链。 原标注依据：实验室气体制备+燃烧条件探究+陌生制备氧气相关考查+小计算 现有模型存在相邻档分歧；复核后主标签保留原档，同时记录相邻档为可接受边界。,实验室气体制备+燃烧条件探究+陌生制备氧气相关考查+小计算,实验和实践是学习化学的重要手段。,https://k12static.xdf.cn/k12/image/externalized/e129c8ea-6867-4ede-9f8c-76fee401a1d7.png,https://k12static.xdf.cn/k12/image/externalized/98468303-9aa9-448f-b072-bbbd8750140e.png
3489255760196538368,★★★,3,中等题,★★★,3,中等题,拔高题,是,明确改标,高,中等题,任务虽然有多个知识点或较长情境，但最高难链仍属于显性的常规2—3层分析；没有决定性隐含转换、复杂方案设计、多约束筛选或高密度综合链，校准为中等题。,影响反应速率因素的探究,某化学兴趣小组探究了影响过氧化氢溶液分解速率的某种因素。实验数据记录如下： 实验 过氧化氢溶液的质量 过氧化氢溶液的浓度 二氧化锰的质量 相同时间内产生氧气的体积 I $\rm{50.0\ g}$ $\rm{1\%}$ $\rm{0.1\ g}$ $\rm{9\ mL}$ II $\rm{50.0\ g}$ $\rm{2\%}$ $\rm{0.1\ g}$ $\rm{16\ mL}$ III $\rm{50.0\ g}$ $\rm{4…,https://k12static.xdf.cn/k12/image/externalized/98907145-6dc3-4cfa-91a8-a5ae487cb3d3.png,https://k12static.xdf.cn/k12/image/externalized/8719ec3d-a31d-44ad-a8de-efe728a65eb3.png
3618636461316034560,★★★★,4,拔高题,★★★★,4,拔高题,拔高题,否,一致保留,高,拔高题,题目存在决定性转换、方案评价、多约束或高密度综合链。 原标注依据：压强传感器曲线分析,压强传感器曲线分析,在三颈烧瓶中用排空气法收集$\mathrm{CO}_{2}$气体，然后将三颈烧瓶与盛有盐酸、NaOH溶液的注射器和压强传感器密封连接（如图1，气密性良好）。在$\mathrm{t}_{0}$时快速注入一种溶液，$\mathrm{t}_{2}$时逐滴加入第二种溶液，测得瓶内压强随时间变化曲线如图2．下列说法中正确的是,https://k12static.xdf.cn/k12/image/externalized/b4375663-2769-4077-bc24-b7187cb70769.png,https://k12static.xdf.cn/k12/image/externalized/28eefc7d-9bb8-4297-9873-f2bc3fc00e0b.png
3599499647328468992,★★★★,4,拔高题,★★★★,4,拔高题,拔高题,否,一致保留,高,拔高题,题目存在决定性转换、方案评价、多约束或高密度综合链。 原标注依据：根据图像进行物质成分判断,根据图像进行物质成分判断,$\rm{MnO_{2} }$ 是实验中常见的催化剂。某化学兴趣小组采用如图装置，通过焙烧 $\rm{MnCO_{3} }$ 制取$\rm{MnO_{2} }$，发生反应的方程式为：$2\text{MnCO}_{3}+\mathrm{O}_{2}\begin{array}{c} \underline{\underline{\Delta }}\\ \end{array}2\mathrm{MnO}_{2}+2\mathrm{CO}_{2}…,https://k12static.xdf.cn/k12/image/externalized/bdd66cdb-804f-4bfe-bde0-acd916b6e029.png,https://k12static.xdf.cn/k12/image/externalized/c618b80e-d366-4a85-889e-d5e14af34e5b.png
3270077635874062336,★★★,3,中等题,★★★,3,中等题,拔高题,是,明确改标,高,中等题,任务虽然有多个知识点或较长情境，但最高难链仍属于显性的常规2—3层分析；没有决定性隐含转换、复杂方案设计、多约束筛选或高密度综合链，校准为中等题。,物质的转化工艺示意图分析,以氧化镁为载体，通过化学链方法分解氯化铵工艺的示意图如图所示。下列有关说法不正确的是,https://k12static.xdf.cn/k12/image/externalized/e92a7eeb-9018-4bae-ba41-6af2bfe55ecd.png,https://k12static.xdf.cn/k12/image/externalized/94be9d3f-6292-4aa6-b970-cf83f8d5a298.png
2774565964370411520,★★★★,4,拔高题,★★★★,4,拔高题,拔高题,否,一致保留,高,拔高题,题目存在决定性转换、方案评价、多约束或高密度综合链。 原标注依据：制取气体的反应原理探究-装置顺序+检验成分方案,制取气体的反应原理探究-装置顺序+检验成分方案,已知：2Na2O2+2CO2＝2Na2CO3+O2；2Na2O2+2H2O＝4NaOH+O2↑．为了证明过氧化钠（Na2O2）固体可在呼吸面具和潜水艇中做供氧剂，某化学兴趣小组的同学利用如图所示实验装置进行探究活动。（铁架台等已略去）（1）A装置中所发生反应的化学方程式为 。（2）请将如图F方框中A装置的长颈漏斗和玻璃导管补画完整 。（3）D装置的作用是 。E装置中可能发生的有关反应的化学方程式为 。（4）为了达到实验的目的，以上装置…,https://k12static.xdf.cn/k12/image/externalized/2a8a0c6c-b0f5-42c6-90e0-a2a5cbbe2e97.png,https://k12static.xdf.cn/k12/image/externalized/a47bc195-5eae-4e98-ac1c-7c0c0b71c9e4.png
3079047761259257856,★★★,3,中等题,★★★,3,中等题,拔高题,是,明确改标,高,中等题,任务虽然有多个知识点或较长情境，但最高难链仍属于显性的常规2—3层分析；没有决定性隐含转换、复杂方案设计、多约束筛选或高密度综合链，校准为中等题。,溶液和化学方程式的有关计算,取含杂质的硫酸镁样品$14\mathrm{g}$（杂质不溶于水，也不参加反应），向其中加入一定量的氢氧化钠溶液（密度为$1.06\mathrm{g}/\mathrm{cm}^{3}$），恰好完全反应，得到沉淀和$71\mathrm{g}$溶质质量分数为$5\mathrm{\% }$的溶液。计算：,https://k12static.xdf.cn/k12/image/externalized/513dc26b-883c-43a1-b63f-f38c6a1cd2c2.png,https://k12static.xdf.cn/k12/image/externalized/6df6e489-e5f2-4d3b-a7dc-c65c0d1f82be.png
3103690673864609792,★★★★,4,拔高题,★★★★,4,拔高题,拔高题,否,一致保留,高,拔高题,题目存在决定性转换、方案评价、多约束或高密度综合链。 原标注依据：实验型+图像计算,实验型+图像计算,某盐酸中混有少量的MgCl2，小明为了测定该盐酸混合液中HCl的质量分数，进行如下图实验：请结合上图实验数据，完成以下计算：（1）HCl中氢、氯元素质量比为_________________（填最简整数比）；（2）坐标中a的数值为______________；（3）所加NaOH溶液的溶质质量分数为________________；（4）该盐酸混合液中HCl的质量分数（写出计算过程）。,https://k12static.xdf.cn/k12/image/externalized/70c54462-2306-42d9-8af4-c79bf9024c3f.png,https://k12static.xdf.cn/k12/image/externalized/b9ae1a59-04f3-4886-abe8-32c7ce4822e7.png
3657282835516772352,★★★★,4,拔高题,★★★★,4,拔高题,拔高题,否,边界保留,中,拔高题 / 压轴题,题目存在决定性转换、方案评价、多约束或高密度综合链。 原标注依据：复杂计算-质量守恒定律+溶质质量分数 现有模型存在相邻档分歧；复核后主标签保留原档，同时记录相邻档为可接受边界。,复杂计算-质量守恒定律+溶质质量分数,将8 g氧化铜与一定质量的碳在一定条件下反应，得到铜和氧化亚铜($\mathrm{Cu}_{2}\mathrm{O}$)的固体混合物，同时生成二氧化碳。向固体混合物中加入50 g稀硫酸，恰好完全反应，得到4.8 g金属铜。已知：$\mathrm{Cu}_{2}\mathrm{O}+\mathrm{H}_{2}\mathrm{SO}_{4}=\mathrm{Cu}+\text{CuSO}_{4}+\mathrm{H}_{2}\mathr…,https://k12static.xdf.cn/k12/image/externalized/72d1256f-bb81-44e1-b25c-894fe57e80ba.png,https://k12static.xdf.cn/k12/image/externalized/e55d41cf-be9d-45e9-9832-7ce191e0bd0d.png
2765119021919313920,★★★,3,中等题,★★★,3,中等题,拔高题,是,明确改标,高,中等题,任务虽然有多个知识点或较长情境，但最高难链仍属于显性的常规2—3层分析；没有决定性隐含转换、复杂方案设计、多约束筛选或高密度综合链，校准为中等题。,表格数据分析计算,某化学兴趣小组的同学在社会实践中，对废品回收站中废弃电器零部件黄铜（铜、锌合金）中铜的含量产生了兴趣，为了测定该黄铜中铜的含量，小组同学将黄铜带入化学实验室，称取该黄铜样品50克放入指定容器中，然后分四次加入稀硫酸，实验数据记录如下：加入次数第1次第2次第3次第4次加入稀硫酸质量（g）100100100100充分反应后剩余固体质量（g）43.53735n请回答下列问题：（1）根据实验数据分析，n的数值应该为___________；（2…,https://k12static.xdf.cn/k12/image/externalized/3ed74893-14d4-43a7-a0b5-ac5ae27be90a.png,https://k12static.xdf.cn/k12/image/externalized/d180b4ab-509c-4895-a4a8-5e46dcc867d0.png
3442752542464405504,★★★★,4,拔高题,★★★★,4,拔高题,拔高题,否,一致保留,高,拔高题,题目存在决定性转换、方案评价、多约束或高密度综合链。 原标注依据：不用其他试剂的物质的鉴别,不用其他试剂的物质的鉴别,下列各组物质的溶液，不用其他试剂，只用观察和组内物质的溶液相互混合的方法，就能将它们一一鉴别出来的是①NaCl、BaCl2、CuSO4、NaOH、NH4NO3②Ba(NO3)2、NaCl、Na2SO4、H2SO4、HCl③NaOH、FeCl3、MgSO4、BaCl2、KCl,https://k12static.xdf.cn/k12/image/externalized/244adcb1-bc94-4616-a5c8-902ecd497fbe.png,https://k12static.xdf.cn/k12/image/externalized/e1c36bb9-9bb1-47bd-b5d4-385d014a0811.png
3425344446687449088,★★★★,4,拔高题,★★★★,4,拔高题,拔高题,否,一致保留,高,拔高题,题目存在决定性转换、方案评价、多约束或高密度综合链。 原标注依据：4个选项各有限定条件的离子共存判断,4个选项各有限定条件的离子共存判断,下列各组离子在指定的溶液中，能大量共存的一组是,https://k12static.xdf.cn/k12/image/externalized/21883f2c-2e69-428a-a2e6-ecfd6e340807.png,https://k12static.xdf.cn/k12/image/externalized/5235e79a-e5c9-4ded-88f6-981557b6cbf8.png
2796203982968102912,★★★★,4,拔高题,★★★★,4,拔高题,拔高题,否,一致保留,高,拔高题,题目存在决定性转换、方案评价、多约束或高密度综合链。 原标注依据：图像+溶液溶质成分判断,图像+溶液溶质成分判断,某溶液可能含有HCl、CuCl2、CuSO4中的一种或几种，为了探究其组成，向一定质量的该溶液中逐滴加入氢氧化钡溶液，生成沉淀的质量与所加氢氧化钡溶液的质量之间的关系如图所示。下列说法正确的是,https://k12static.xdf.cn/k12/image/externalized/78dd48f4-f8f0-4aa2-ab99-6ba0719f996d.png,https://k12static.xdf.cn/k12/image/externalized/10fababa-be40-405f-a91e-7160de749045.png
3273660516867547136,★★★★,4,拔高题,★★★★,4,拔高题,拔高题,否,一致保留,高,拔高题,题目存在决定性转换、方案评价、多约束或高密度综合链。 原标注依据：实验过程计算-差量法的应用,实验过程计算-差量法的应用,同学们课后走进实验室，处理含硫酸的硫酸铜废液并回收铜，实验过程如图所示（每一步反应都充分进行，忽略实验损耗）。下列说法错误的是,https://k12static.xdf.cn/k12/image/externalized/1d89c542-6a45-47c8-8d90-c8871679d224.png,https://k12static.xdf.cn/k12/image/externalized/3a8d4e46-695b-4388-b803-3ae4c6c33127.png
2773135300846981120,★★★★,4,拔高题,★★★★,4,拔高题,拔高题,否,边界保留,中,拔高题 / 压轴题,题目存在决定性转换、方案评价、多约束或高密度综合链。 原标注依据：探究物质组成+定量 现有模型存在相邻档分歧；复核后主标签保留原档，同时记录相邻档为可接受边界。,探究物质组成+定量,分类回收塑料制品是环境保护的重要研究课题。化学兴趣小组利用过氧化氢溶液取氧气，并用燃烧法探究塑料的组成。 I、设计氧气的发生装图,https://k12static.xdf.cn/k12/image/externalized/7477700c-eec3-48c9-8910-2e18abf4698a.png,https://k12static.xdf.cn/k12/image/externalized/bee3e085-b887-43ae-9cb5-71b1a1f02c66.png
2753001482513895424,★★★,3,中等题,★★★,3,中等题,拔高题,是,明确改标,高,中等题,任务虽然有多个知识点或较长情境，但最高难链仍属于显性的常规2—3层分析；没有决定性隐含转换、复杂方案设计、多约束筛选或高密度综合链，校准为中等题。,溶解度表+实验过程分析,为探究硝酸钾的溶解性，进行了下图所示实验(实验过程)结合硝酸钾在不同温度下的溶解度，判断下列说法不正确的是 温度/℃ 10 20 30 40 50 60 KNO3溶解度/g 20.9 31.6 45.8 63.9 85.5 110.0,https://k12static.xdf.cn/k12/image/externalized/a6f92a61-8a16-4ff0-807c-c9e2ac253172.png,https://k12static.xdf.cn/k12/image/externalized/a1ea8b9b-d084-4f62-9131-8f9f76e7a123.png
2356110250361253888,★★★★,4,拔高题,★★★★,4,拔高题,拔高题,否,一致保留,高,拔高题,题目存在决定性转换、方案评价、多约束或高密度综合链。 原标注依据：滤液滤渣分析2种金属+2种盐溶液,滤液滤渣分析2种金属+2种盐溶液,向Cu（NO3）2、AgNO3的混合溶液中，加入一定质量的Zn粉和Fe粉的混合物。充分反应后过滤，得到滤渣和无色滤液。则下列分析正确的是（ ）,https://k12static.xdf.cn/k12/image/externalized/05fc32ba-9506-4938-8e22-a77140f563cc.png,https://k12static.xdf.cn/k12/image/externalized/4e97087b-104c-4370-bcec-1dc2a467e29d.png
2773127201211359232,★★★★,4,拔高题,★★★★,4,拔高题,拔高题,否,一致保留,高,拔高题,题目存在决定性转换、方案评价、多约束或高密度综合链。 原标注依据：定量探究气体组成,定量探究气体组成,某气体含$\mathrm{H}_{2}、\mathrm{CO~ }、\mathrm{CH}_{4}$中的一种或几种。化学项目小组用如图所示装置探究该气体的组成。实验测得：反应前后装置甲硬质玻璃管中固体的质量减少$\mathrm{m}_{1}\mathrm{g}$，装置乙和装置丙的质量分别增加$\mathrm{m}_{2}\mathrm{g}$和$\mathrm{m}_{3}\mathrm{g}$。（已知：$\mathrm{CH}_{4…,https://k12static.xdf.cn/k12/image/externalized/3919c295-6b48-4f61-aa24-849b3d60a9d8.png,https://k12static.xdf.cn/k12/image/externalized/a9f256c0-c6e5-4293-9d23-bba8e26a5b13.png
2344167086254235648,★★★,3,中等题,★★★,3,中等题,拔高题,是,明确改标,高,中等题,任务虽然有多个知识点或较长情境，但最高难链仍属于显性的常规2—3层分析；没有决定性隐含转换、复杂方案设计、多约束筛选或高密度综合链，校准为中等题。,根据装置选择试剂,用如图所示装置制备气体，并随时控制反应的发生与停止，下列所选试剂制备相应气体合适的是（ ） ①用硫酸铜粉末与过氧化氢溶液混合制备O2 ②用锌片与稀盐酸混合制备H2 ③用高锰酸钾固体制备O2 ④用块状碳酸钙与稀盐酸混合制备CO2 ⑤用氯酸钾固体与二氧化锰固体混合制备O2,https://k12static.xdf.cn/k12/image/externalized/3bf9e7ad-90d9-4204-9953-4e357f4ffb0d.png,https://k12static.xdf.cn/k12/image/externalized/2e9a395f-512d-4d3c-b1cd-d63a652620af.png
2747546704446791680,★★★,3,中等题,★★★,3,中等题,拔高题,是,明确改标,高,中等题,任务虽然有多个知识点或较长情境，但最高难链仍属于显性的常规2—3层分析；没有决定性隐含转换、复杂方案设计、多约束筛选或高密度综合链，校准为中等题。,根据图像判断实验过程及横纵坐标,下列化学反应中y与x的关系，可以用如图曲线表示的是,https://k12static.xdf.cn/k12/image/externalized/29fc85f0-35ac-42e2-8317-afd6405e5498.png,https://k12static.xdf.cn/k12/image/externalized/6a4d3ed5-e888-4edf-8c39-e778323669ef.png
2139859999032184832,★★★★,4,拔高题,★★★★,4,拔高题,拔高题,否,一致保留,高,拔高题,题目存在决定性转换、方案评价、多约束或高密度综合链。 原标注依据：分情况推断题,分情况推断题,$\ce A $、$\ce B $、$\ce C $、$\ce D $、$\ce E $ 分别表示初中化学常见的五种物质，它们的部分反应和转化关系如图所示（ “$-$”表示两种物质能发生反应，“ $\ce{->}$ ”表示一种物质能转化成另一种物质，且省略部分反应物或生成物及条件），其中只有两种物质是氧化物，$\ce E $ 是含有三种元素的物质。,https://k12static.xdf.cn/k12/image/externalized/8b5c21ff-5cd7-4337-a457-42b7c00b2981.png,https://k12static.xdf.cn/k12/image/externalized/b80b33d0-a48e-425e-a0c3-73fb9cb9308c.png
2772952670452695040,★★★★,4,拔高题,★★★★,4,拔高题,拔高题,否,边界保留,中,中等题 / 拔高题,题目存在决定性转换、方案评价、多约束或高密度综合链。 原标注依据：实验室炼铁+回收金属流程 现有模型存在相邻档分歧；复核后主标签保留原档，同时记录相邻档为可接受边界。,实验室炼铁+回收金属流程,金属材料在人类发展的历史长河中起着非常重要的作用。,https://k12static.xdf.cn/k12/image/externalized/43c06710-0970-4f44-818b-eebf288cf9db.png,https://k12static.xdf.cn/k12/image/externalized/55becb0e-633a-4f13-aa58-f0456cd39162.png
3315235075802017792,★★★★,4,拔高题,★★★★,4,拔高题,拔高题,否,边界保留,中,中等题 / 拔高题,题目存在决定性转换、方案评价、多约束或高密度综合链。 原标注依据：铁及其氧化物的循环图-还原反应+反应类型+化合价+化学方程式判断 现有模型存在相邻档分歧；复核后主标签保留原档，同时记录相邻档为可接受边界。,铁及其氧化物的循环图-还原反应+反应类型+化合价+化学方程式判断,氢能是理想清洁能源，在一定条件下利用铁及其氧化物可循环制氢，所有反应物、生成物如图所示。下列说法错误的是,https://k12static.xdf.cn/k12/image/externalized/540653ca-4a6a-48db-8314-7bc3fcf1b13b.png,https://k12static.xdf.cn/k12/image/externalized/ef18b13c-9838-4e39-956c-805ef155049f.png
3262859697949573120,★★★★,4,拔高题,★★★★,4,拔高题,拔高题,否,一致保留,高,拔高题,题目存在决定性转换、方案评价、多约束或高密度综合链。 原标注依据：综合题-铁生锈+垃圾+方程式+合金+方程式+图像分析等,综合题-铁生锈+垃圾+方程式+合金+方程式+图像分析等,铁及其化合物在生产、生活中应用广泛。一、铁的有关知识二、制备活性Fe2O3·H2O用废铁(含Fe、Fe2O3和少量ZnO)制备活性Fe2O3·H2O的流程如下。资料：“还原”反应为$\mathrm{Fe}_{2}\left(\mathrm{SO}_{4}\right)_{3}+\mathrm{SO}_{2}+2\mathrm{H}_{2}\mathrm{O}=2\text{FeSO}_{4}+2\mathrm{H}_{2}\mathr…,https://k12static.xdf.cn/k12/image/externalized/499edd14-bb70-4c5a-8e7a-ff9d95faa307.png,https://k12static.xdf.cn/k12/image/externalized/5a990f29-bfac-49fa-8d66-71191ca600f3.png
2844331766374330368,★★★★,4,拔高题,★★★★,4,拔高题,拔高题,否,一致保留,高,拔高题,题目存在决定性转换、方案评价、多约束或高密度综合链。 原标注依据：综合探究-中和反应+碱的变质,综合探究-中和反应+碱的变质,为深度学习酸、碱、盐有关知识，某化学兴趣小组开展了下列探究活动。 （1）探究中和反应。 实验开始后将注射器内的液体缓慢地全部注入烧瓶内，用pH传感器测得烧瓶内溶液的pH变化如图所示。 ①烧瓶内发生反应的微观实质是 ________ ； ②图中c点所示溶液中所含溶质是 ________ （填化学式）； ③下列试剂不能验证反应到达c点的是 ________ （填字母序号）。 A.锌粒 B.硝酸银溶液 C.无色酚酞试液 D.氧化铁 （2）探…,https://k12static.xdf.cn/k12/image/externalized/ba7c94e9-fdd4-4dca-a270-12550b6b5e6d.png,https://k12static.xdf.cn/k12/image/externalized/5ef8c333-ccfb-403a-b724-c092c50c648e.png
3340246639227023360,★★★★,4,拔高题,★★★★,4,拔高题,拔高题,否,边界保留,中,中等题 / 拔高题,题目存在决定性转换、方案评价、多约束或高密度综合链。 原标注依据：元素质量分数、质量守恒、方程式计算3个跨模块知识点融合，需多步推导和连续计算分析各选项 现有模型存在相邻档分歧；复核后主标签保留原档，同时记录相邻档为可接受边界。,元素质量分数、质量守恒、方程式计算3个跨模块知识点融合，需多步推导和连续计算分析各选项,"将$24.5\text{gKClO}_{3}$和$m\hspace{0pt}\,\,\text{gMnO}_{2}$混合物加热一段时间，得24.05g剩余固体，测得剩余固体中锰元素的质量为2.75g。下列有关说法正确的是",https://k12static.xdf.cn/k12/image/externalized/6a1e9fb8-2e67-4083-9e0d-19cf90e0296d.png,https://k12static.xdf.cn/k12/image/externalized/c1305e00-3a3a-4704-8686-1b8e264ca9cd.png
3323034998727245824,★★★★,4,拔高题,★★★★,4,拔高题,拔高题,否,一致保留,高,拔高题,题目存在决定性转换、方案评价、多约束或高密度综合链。 原标注依据：化学变化、方程式、饱和溶液、结晶跨模块知识点融合，含工业流程图和溶解度表，多步推导,化学变化、方程式、饱和溶液、结晶跨模块知识点融合，含工业流程图和溶解度表，多步推导,高锰酸钾 (KMnO4) 是一种重要的化工产品。工业上以软锰矿 [主要成分二氧化锰 (MnO2)]和氢氧化钾 (KOH) 为原料生产高锰酸钾，生产流程如下图：,https://k12static.xdf.cn/k12/image/externalized/3217d33b-f95b-4593-99af-7c1cadea479f.png,https://k12static.xdf.cn/k12/image/externalized/1b676c8e-6c7a-4bd4-828c-44f76743a2e2.png
3232882271432249344,★★★★,4,拔高题,★★★★,4,拔高题,拔高题,否,边界保留,中,中等题 / 拔高题,题目存在决定性转换、方案评价、多约束或高密度综合链。 原标注依据：化合反应、元素守恒、方程式、CO2检验、推断跨模块知识点融合，含框图推断，需多步逆向推导 现有模型存在相邻档分歧；复核后主标签保留原档，同时记录相邻档为可接受边界。,化合反应、元素守恒、方程式、CO2检验、推断跨模块知识点融合，含框图推断，需多步逆向推导,久置的铜器表面会生成一层绿色固体“铜绿”。铜绿加热生成三种种类相同的物质，A是生活中最常见的液体，B、H均为黑色固体粉末，Q是石灰石的主要成分（“—”表示反应关系，“→”表示转化关系，反应条件及部分反应略去）。请根据框图回答问题：,https://k12static.xdf.cn/k12/image/externalized/eed400dc-ea49-4df7-99e1-70835e69e0e1.png,https://k12static.xdf.cn/k12/image/externalized/4a68a8c3-bc95-4668-a704-e6294fbac47f.png
3135499157514555392,★★★★,4,拔高题,★★★★,4,拔高题,拔高题,否,边界保留,中,中等题 / 拔高题,题目存在决定性转换、方案评价、多约束或高密度综合链。 原标注依据：方程式书写、盐的性质、化学反应能量变化、实验数据处理跨模块知识点融合，含图和计算，多步推导 现有模型存在相邻档分歧；复核后主标签保留原档，同时记录相邻档为可接受边界。,方程式书写、盐的性质、化学反应能量变化、实验数据处理跨模块知识点融合，含图和计算，多步推导,化学不仅研究物质变化，还研究物质变化过程中伴随的能量变化。某化学兴趣小组对下列化学反应中的能量变化开展了拓展学习活动。 【查阅资料】①$\mathrm{Ba}\left(\mathrm{OH}\right)_{2}\cdot 8\mathrm{H}_{2}\mathrm{O}+2\mathrm{NH}_{4}\mathrm{Cl}=\text{BaCl}_{2}+10\mathrm{H}_{2}\mathrm{O}+2\mathrm{…,https://k12static.xdf.cn/k12/image/externalized/e50f437a-8d8e-471e-b4c9-331beed80a02.png,https://k12static.xdf.cn/k12/image/externalized/0262b10a-dba2-41df-9a1f-288469e64828.png
2951592734281695232,★★★★,4,拔高题,★★★★,4,拔高题,拔高题,否,边界保留,中,中等题 / 拔高题,题目存在决定性转换、方案评价、多约束或高密度综合链。 原标注依据：制氧、制氢、制CO2、含杂质计算跨模块知识点融合，含多装置图和计算，多步推导 现有模型存在相邻档分歧；复核后主标签保留原档，同时记录相邻档为可接受边界。,制氧、制氢、制CO2、含杂质计算跨模块知识点融合，含多装置图和计算，多步推导,如图是初中阶段常见的气体发生与收集装置，可以制取与收集多种气体，请结合实验装置，回答有关问题。,https://k12static.xdf.cn/k12/image/externalized/c47b0051-e2c5-4a29-9b74-2f5322f2925e.png,https://k12static.xdf.cn/k12/image/externalized/16fd4dd1-84ae-46a6-89b8-7c149cd0ce7e.png
2751927688094937088,★★★★,4,拔高题,★★★★,4,拔高题,拔高题,否,一致保留,高,拔高题,题目存在决定性转换、方案评价、多约束或高密度综合链。 原标注依据：含杂质化学方程式计算、酸的性质、碳酸盐性质3个跨模块知识点融合，需多步连续计算分析各选项,含杂质化学方程式计算、酸的性质、碳酸盐性质3个跨模块知识点融合，需多步连续计算分析各选项,取碳酸氢钠($2\mathrm{NaHCO}_{3}\begin{array}{c} \underline{\underline{\Delta }}\\ \end{array}\mathrm{Na}_{2}\mathrm{CO}_{3}+\mathrm{CO}_{2}\uparrow +\mathrm{H}_{2}\mathrm{O}$)和碳酸氢铵($\mathrm{NH}_{4}\mathrm{HCO}_{3}\begin{arra…,https://k12static.xdf.cn/k12/image/externalized/49ebf440-6dcd-4a2b-8581-1a2a53bbdf15.png,https://k12static.xdf.cn/k12/image/externalized/eaf5a695-2610-40a0-845a-e34ccc4054d2.png
2749717341438337024,★★★★★,5,压轴题,★★★★★,5,压轴题,压轴题,否,边界保留,中,拔高题 / 压轴题,题目包含复杂建模、多阶段证据和定量关系的深层耦合。 原标注依据：方程式计算、碳单质化学性质、溶质质量分数、盐性质跨模块知识点融合，多选题含多步计算和隐藏条件 现有模型存在相邻档分歧；复核后主标签保留原档，同时记录相邻档为可接受边界。,方程式计算、碳单质化学性质、溶质质量分数、盐性质跨模块知识点融合，多选题含多步计算和隐藏条件,下列说法正确的是,https://k12static.xdf.cn/k12/image/externalized/d1fc7a00-b524-4176-8d71-f866a4b3f4b6.png,https://k12static.xdf.cn/k12/image/externalized/313eec88-4592-4b15-8cca-c2a55ee6ab42.png
2795435878551490560,★★★★,4,拔高题,★★★★,4,拔高题,拔高题,否,一致保留,高,拔高题,题目存在决定性转换、方案评价、多约束或高密度综合链。 原标注依据：指示剂、盐性质、离子检验、酸碱盐转化跨模块知识点融合，含多步实验探究，需逆向推导固体成分,指示剂、盐性质、离子检验、酸碱盐转化跨模块知识点融合，含多步实验探究，需逆向推导固体成分,某白色固体可能由BaCl2、NaOH、Na2CO3、Na2SO4中的一种或几种物质组成，某兴趣小组的同学为确定该白色固体的成分，进行了如下的实验探究，请你参与并回答相关问题。I．初步探究：小金同学设计的实验过程及现象如图所示。【查阅资料】BaCl2溶液显中性。【初步结论】【交流讨论】小英同学认为：无色溶液M变红色，说明溶液M中含有碱性物质，但不能由此推导出原固体物质中是否含有氢氧化钠。若要进一步确定，需对溶液M继续进行探究。为此同学们…,https://k12static.xdf.cn/k12/image/externalized/e3595bf5-d355-4bb0-9d88-74f79cfa7d86.png,https://k12static.xdf.cn/k12/image/externalized/adae3925-3628-4301-abf1-bb74f12f5dbb.png
2933881270312706048,★★★★★,5,压轴题,★★★★★,5,压轴题,压轴题,否,边界保留,中,拔高题 / 压轴题,题目包含复杂建模、多阶段证据和定量关系的深层耦合。 原标注依据：自主招生工业流程，含除杂/方程式/操作条件控制，跨模块综合 现有模型存在相邻档分歧；复核后主标签保留原档，同时记录相邻档为可接受边界。,自主招生工业流程，含除杂/方程式/操作条件控制，跨模块综合,四水合磷酸锌[Zn3（PO4）2•4H2O，相对分子质量为457，难溶于水]是一种性能优良的绿色环保防锈颜料。实验室以锌灰（含ZnO、PbO、CuO、FeO、Fe2O3、SiO2等）为原料制备Zn3（PO4）2•4H2O的流程如图1，回答下列问题： 已知：6NH4HCO3+3ZnSO4$\frac{\underline{\;\;\triangle \;\;}}{\;}$ZnCO3•2Zn（OH）2•H2O↓+3（NH4）2SO4+5C…,https://k12static.xdf.cn/k12/image/externalized/abdb9c05-4168-46c4-85f3-f5123c2fb062.png,https://k12static.xdf.cn/k12/image/externalized/95427961-e863-478e-9fff-1f2fe9f7f7f2.png
2927987401418182656,★★★★,4,拔高题,★★★★,4,拔高题,拔高题,否,边界保留,中,中等题 / 拔高题,题目存在决定性转换、方案评价、多约束或高密度综合链。 原标注依据：工业流程含方程式/除杂/计算/制备流程，跨模块综合 现有模型存在相邻档分歧；复核后主标签保留原档，同时记录相邻档为可接受边界。,工业流程含方程式/除杂/计算/制备流程，跨模块综合,（1）用蛋壳（主要含CaCO3，还有少量MgCO3和有机物）为原料通过以下步骤制取补钙剂醋酸钙【（CH3COO）2Ca】。 已知：Ⅰ.醋酸（CH3COOH）易挥发。 Ⅱ.醋酸钙易溶于水，高于160℃时发生分解。 ①焙烧：在此过程中，CaCO3发生反应的化学方程式为 ________ 。 ②除镁：在酸溶后的溶液中加入Ca（OH）2至碱性，将（CH3COO）2Mg转化为 ________ （填物质化学式）沉淀除去。 ③将中和后的溶液蒸发浓…,https://k12static.xdf.cn/k12/image/externalized/73c2f2a6-a8f3-4667-8bc6-bae2442e6d5e.png,https://k12static.xdf.cn/k12/image/externalized/91f307ff-0c11-4835-a67a-1bc6833c0d9c.png
2889196821579419648,★★★★,4,拔高题,★★★★,4,拔高题,拔高题,否,边界保留,中,拔高题 / 压轴题,题目存在决定性转换、方案评价、多约束或高密度综合链。 原标注依据：框图推断题，以颜色特征为突破口，需判断黑色/红色/红棕色固体关系，多步逆向推导 现有模型存在相邻档分歧；复核后主标签保留原档，同时记录相邻档为可接受边界。,框图推断题，以颜色特征为突破口，需判断黑色/红色/红棕色固体关系，多步逆向推导,人类的生产生活离不开金属和金属材料。 （一）金属冶炼 （1）《天工开物》中记载了炼锡的场景：“煎炼亦用洪炉，入砂数百斤，丛架木炭亦数百斤，鼓鞴（指鼓入空气）熔化”。其中“点铅勾锡”是炼锡的关键步骤，加铅能使锡较易熔化流出，其原因是 ________ 。 （2）下图为高炉冶铁、炼钢并用生产的钢来探究白铜成分的流程图。（已知硫酸镍的化学式为NiSO4） ①用高炉冶铁的主要反应原理是 ________ 。（用化学方程式表示） ②分析流程图，…,https://k12static.xdf.cn/k12/image/externalized/db88f6d1-7911-434b-a801-443b7690cff5.png,https://k12static.xdf.cn/k12/image/externalized/33936abe-0548-46ac-98d7-a7b6e15e12f8.png
2864655491177209856,★★★★★,5,压轴题,★★★★★,5,压轴题,压轴题,否,边界保留,中,拔高题 / 压轴题,题目包含复杂建模、多阶段证据和定量关系的深层耦合。 原标注依据：工业流程+晶体组成测定计算x:y:z，含多步实验/装置分析/数据处理，跨模块融合 现有模型存在相邻档分歧；复核后主标签保留原档，同时记录相邻档为可接受边界。,工业流程+晶体组成测定计算x:y:z，含多步实验/装置分析/数据处理，跨模块融合,镍粉常用于各种高光泽装饰漆和塑料生产，也常用作催化剂。 I．【镍粉制备】工业用电解镍新液（主要含NiSO4、NiCl2）制备碱式碳酸镍晶体xNiCO3•yNi（OH）2•zH2O，并利用其制备镍粉的流程如图： 【资料】（1）反应器中一个重要反应为：3NiSO4+3Na2CO3+2H2O═NiCO3•2Ni（OH）2↓+3Na2SO4+2CO2↑ （2）操作2含过滤、水洗、95%酒精浸泡、晾干等操作。 ①操作1名称是 ________ …,https://k12static.xdf.cn/k12/image/externalized/5d721eb4-616a-44d7-b404-bb0e020e77f0.png,https://k12static.xdf.cn/k12/image/externalized/b7fc14a3-3c3f-4542-9b86-3677acc795d9.png
2864642547413995520,★★★★,4,拔高题,★★★★,4,拔高题,拔高题,否,一致保留,高,拔高题,题目存在决定性转换、方案评价、多约束或高密度综合链。 原标注依据：物质成分探究/数据计算/实验安全性跨模块知识点融合，需多步推导确定组成,物质成分探究/数据计算/实验安全性跨模块知识点融合，需多步推导确定组成,某化学兴趣小组对一包红色粉末组成进行探究，请你参与并回答问题。 【教师提醒】它由Cu、Fe2O3两种固体中的一种或两种组成。 【提出猜想】 （1）猜想①：红色粉末只有Cu； 猜想②：红色粉末只有 ________ ； 猜想③：红色粉末是Cu、Fe2O3的混合物。 【实验探究】同学们为确定红色粉末的组成，称取该粉末5.0g装入硬质玻璃管中，按下图进行实验。开始时缓缓通入CO，过一段时间后再加热使其充分反应。待反应完全后，停止加热，继续通…,https://k12static.xdf.cn/k12/image/externalized/931b9fd8-c920-4c6d-a284-4ba6b0de0233.png,https://k12static.xdf.cn/k12/image/externalized/1dc17d77-20d1-4e77-ab32-4b754a05c153.png
2802077374552592384,★★★★,4,拔高题,★★★★,4,拔高题,拔高题,否,边界保留,中,拔高题 / 压轴题,题目存在决定性转换、方案评价、多约束或高密度综合链。 原标注依据：pH变化/互滴法现象差异/数字化曲线分析/防倒吸/多组实验对比，跨模块综合 现有模型存在相邻档分歧；复核后主标签保留原档，同时记录相邻档为可接受边界。,pH变化/互滴法现象差异/数字化曲线分析/防倒吸/多组实验对比，跨模块综合,研究性学习小组对碳酸钠和碳酸氢钠的性质进行探究，请你参与实验。【提出问题】采用互滴法，使碳酸氢钠溶液、碳酸钠溶液与酸反应的现象一样吗？【设计与实验】（1）等浓度的碳酸氢钠和碳酸钠溶液，pH值分别为9和12，则碳酸钠溶液的碱性更 （填“强”或“弱”）等浓度的碳酸氢钠和碳酸钠溶液分别与相同浓度的盐酸反应，操作和现象如下表：序号操作现象实验①碳酸氢钠溶液逐滴加入盐酸中立刻产生气泡实验②碳酸钠溶液逐滴加入盐酸中立刻产生气泡实验③盐酸逐滴加入碳…,https://k12static.xdf.cn/k12/image/externalized/73003451-2d49-49a8-bd9f-e8f2e015b01c.png,https://k12static.xdf.cn/k12/image/externalized/07ea3559-2e35-4361-880f-65b1d60cfcf9.png
2786115106683076608,★★★★★,5,压轴题,★★★★★,5,压轴题,压轴题,否,边界保留,中,拔高题 / 压轴题,题目包含复杂建模、多阶段证据和定量关系的深层耦合。 原标注依据：利用化学方程式推断化学式/物质的量计算/酸性质/溶解性，含高中物质的量概念，超中考常规 现有模型存在相邻档分歧；复核后主标签保留原档，同时记录相邻档为可接受边界。,利用化学方程式推断化学式/物质的量计算/酸性质/溶解性，含高中物质的量概念，超中考常规,某化学兴趣小组做了“SO2通入Ba(NO3)2溶液”的探究实验，用pH传感器检测反应的进行，实验装置如图。实验中发现C中烧杯内产生白色沉淀。已知：BaSO3是难溶于水的白色沉淀，易溶于强酸；BaSO4是难溶于水和酸的白色沉淀。SO2属于酸性氧化物。I.探究白色沉淀的成分II.探究BaSO4生成的原因通过查阅资料，在酸性环境中${\mathrm{NO}}_{3}^{-}$能将SO2氧化为硫酸。也有同学指出因为C装置为敞开体系，在水溶液中…,https://k12static.xdf.cn/k12/image/externalized/8fca8373-a675-4b70-8343-895a34816aec.png,https://k12static.xdf.cn/k12/image/externalized/89749554-2323-4e54-8231-494b64294cf3.png
2777910264864804864,★★★★★,5,压轴题,★★★★★,5,压轴题,压轴题,否,边界保留,中,拔高题 / 压轴题,题目包含复杂建模、多阶段证据和定量关系的深层耦合。 原标注依据：推断6物质齿轮转化+金属回收流程，跨模块综合，含多步逆向推导 现有模型存在相邻档分歧；复核后主标签保留原档，同时记录相邻档为可接受边界。,推断6物质齿轮转化+金属回收流程，跨模块综合，含多步逆向推导,航母驱动是利用齿轮传动原理，能有效提高能量传递效率。如图中每个齿轮代表一种物质，齿轮沿顺时针方向旋转时可实现六种物质间的依次转化。已知：甲~己是初中化学常见物质，甲可用于制造玻璃、洗涤剂，乙、丙是同一类别的物质，丙为蓝色沉淀，通常情况下丁为液体，已为气体，回答下列问题：,https://k12static.xdf.cn/k12/image/externalized/c5c14458-6e7d-49e9-b8d9-0730bf5b1fc3.png,https://k12static.xdf.cn/k12/image/externalized/f1fac28d-b200-4e1b-ad50-164952939597.png
2763259229328936960,★★★★★,5,压轴题,★★★★★,5,压轴题,压轴题,否,边界保留,中,拔高题 / 压轴题,题目包含复杂建模、多阶段证据和定量关系的深层耦合。 原标注依据：工业流程/方程式/催化剂/数据分析/防锈，含多步实验和组成分析，跨模块综合，且涉及未知量xy的计算 现有模型存在相邻档分歧；复核后主标签保留原档，同时记录相邻档为可接受边界。,工业流程/方程式/催化剂/数据分析/防锈，含多步实验和组成分析，跨模块综合，且涉及未知量xy的计算,铁及其化合物在生产生活中有广泛的应用。(一)铁的广泛应用(二)铁红(Fe2O3)的制备铁红(Fe2O3)广泛应用于印染行业，其生产流程如下，反应均在氢氧化铁悬浊液中进行，氢氧化铁所起作用类似于催化剂。(三)铁触媒催化剂【单相碳化铁(FexCy)】组成分析触媒催化剂的主要成分为单相碳化铁，工业单相碳化铁中常常含有铁单质。资料：①Fe，FexCy在加热时与O2反应能生成相应氧化物。②FexCy不与酸反应。实验1：取36.0g样品，加入足量…,https://k12static.xdf.cn/k12/image/externalized/45eafac8-a98b-41cf-b6ec-3c640b96edf7.png,https://k12static.xdf.cn/k12/image/externalized/38e42aee-e4a9-4ac2-b4ae-a70ef7a0185c.png
3654580263137378304,★★★★★,5,压轴题,★★★★★,5,压轴题,压轴题,否,边界保留,中,拔高题 / 压轴题,题目包含复杂建模、多阶段证据和定量关系的深层耦合。 原标注依据：图像分段定量计算 现有模型存在相邻档分歧；复核后主标签保留原档，同时记录相邻档为可接受边界。,图像分段定量计算,化学兴趣小组为探究酸的化学性质，进行图1所示实验，分别向氧化铜固体和氢氧化钡溶液中加入等质量、等质量分数的稀硫酸，经充分反应静置后，再将甲烧杯内溶液逐滴滴加到乙烧杯中，乙烧杯中沉淀质量与加入液体体积变化关系如图2所示。下列说法正确的是,https://k12static.xdf.cn/k12/image/externalized/707376d1-a52a-413a-9997-2ed6bce62eb4.png,https://k12static.xdf.cn/k12/image/externalized/8af38d95-16f4-4fa8-8999-0645cf7af488.png
3643274097792163840,★★★★★,5,压轴题,★★★★★,5,压轴题,压轴题,否,边界保留,中,拔高题 / 压轴题,题目包含复杂建模、多阶段证据和定量关系的深层耦合。 原标注依据：复杂实验过程+定量分析 现有模型存在相邻档分歧；复核后主标签保留原档，同时记录相邻档为可接受边界。,复杂实验过程+定量分析,淀粉是人体获得能量的重要来源，化学式为$\left(\mathrm{C}_{6}\mathrm{H}_{10}\mathrm{O}_{5}\right)_{n}$。某兴趣小组对淀粉燃烧产物产生了兴趣，进行了以下探究。取一定量淀粉与氧气在密闭容器中用电火花引燃，将燃烧产物依次通过下列装置，装置A增重9.0 g，装置B硬质玻璃管中固体质量减少3.2 g。已知：淀粉和氧气均没有剩余，装置A-C中试剂足量。下列说法中正确的是,https://k12static.xdf.cn/k12/image/externalized/e49d1002-00b6-4ba4-90a1-fde69a850f31.png,https://k12static.xdf.cn/k12/image/externalized/6f6cd1e9-fd8f-4ba0-8dfd-4525fd0597bf.png
2747646484002938880,★★★★★,5,压轴题,★★★★★,5,压轴题,压轴题,否,边界保留,中,拔高题 / 压轴题,题目包含复杂建模、多阶段证据和定量关系的深层耦合。 原标注依据：纯陌生方程式分析、过程较多，篇幅较大 现有模型存在相邻档分歧；复核后主标签保留原档，同时记录相邻档为可接受边界。, 纯陌生方程式分析、过程较多，篇幅较大,二氧化锰因在工业生产中应用广泛而备受关注，制备二氧化锰是一项有意义的工作，某研究性小组对此展开了系列研究。Ⅰ．用高锰酸钾制备资料一：(1)3K2MnO4+ 2H2SO4=2KMnO4+MnO2↓+2K2SO4＋2H2O(2)K2MnO4易溶于水实验室加热高锰酸钾制氧气，反应的化学方程式为 ，其反应类型是 。将反应后的固体剩余物用稀硫酸浸取一段时间后过滤、洗涤、烘干即得MnO2。用稀硫酸而不用水浸取的原因是 。Ⅱ．用硫酸锰制备电解MnS…,https://k12static.xdf.cn/k12/image/externalized/5ce829e9-032a-4c34-a10a-ded8a22ae79a.png,https://k12static.xdf.cn/k12/image/externalized/ac41bda1-619d-4471-8bba-88296b8c1601.png
3001979059765018624,★★★★★,5,压轴题,★★★★★,5,压轴题,压轴题,否,边界保留,中,拔高题 / 压轴题,题目包含复杂建模、多阶段证据和定量关系的深层耦合。 原标注依据：已知直观清晰的信息较少的复杂推断题 现有模型存在相邻档分歧；复核后主标签保留原档，同时记录相邻档为可接受边界。,已知直观清晰的信息较少的复杂推断题,图中A～K是初中化学常见的化合物，A、F、G、I、J、K的物质类别相同，只有B、D、E、F、J、K由两种元素组成，A由四种元素组成且可以用于治疗胃酸过多症，J是重要的调味品，K可用作干燥剂。图中“表示两端物质间能发生化学反应；“→”表示物质间存在转化关系；反应条件、部分反应物和生成物已略去。,https://k12static.xdf.cn/k12/image/externalized/842415a4-8ae4-4f51-a723-89660d0497ed.png,https://k12static.xdf.cn/k12/image/externalized/e184825e-71c4-493f-8478-0524193b7b89.png
2748395397566189568,★★★★,4,拔高题,★★★★,4,拔高题,拔高题,否,边界保留,中,拔高题 / 压轴题,题目存在决定性转换、方案评价、多约束或高密度综合链。 原标注依据：复杂装置的科学探究题 现有模型存在相邻档分歧；复核后主标签保留原档，同时记录相邻档为可接受边界。,复杂装置的科学探究题,春晚节目《只此青绿》取材于宋朝王希孟的《千里江山图》，画中主要用了石绿、石青两种矿物质颜料。I.石绿，又称孔雀石，主要成分的化学式为Cu2(OH)2CO3，我国古代曾用孔雀石炼铜，涉及两步反应。（1）请写出第一步反应的化学方程式： 。Ⅱ.石青。又称蓝铜矿。主要成分的化学式为xCu(OH)2·yCuCO3，某学习小组设计实验对其组成进行探究(假设矿石中其它杂质受热不分解，不溶于水且不与稀硫酸反应。方案1：收6.00g干燥样品放入图中硬质…,https://k12static.xdf.cn/k12/image/externalized/ccadc71b-052a-4cce-a4cd-6213bdd079a9.png,https://k12static.xdf.cn/k12/image/externalized/eb33b55c-e235-4024-aa44-6835eda60c2d.png
2775928531267932160,★★★★★,5,压轴题,★★★★★,5,压轴题,压轴题,否,边界保留,中,拔高题 / 压轴题,题目包含复杂建模、多阶段证据和定量关系的深层耦合。 原标注依据：多选题，物质组成成分实验探究 现有模型存在相邻档分歧；复核后主标签保留原档，同时记录相邻档为可接受边界。,多选题，物质组成成分实验探究,某碳酸钠样品中可能含有碳酸钾、氯化钠、硫酸钠、氯化钡、碳酸钙中的一种或几种杂质，化学兴趣小组同学对碳酸钠样品中杂质的成分进行了如下探究：步骤1：取少量该样品于烧杯中，加入足量水充分溶解后过滤，得到白色沉淀和无色滤液。步骤2：向步骤1所得白色沉淀中加入足量的稀硝酸，部分沉淀溶解并产生气体。步骤3：另取10.6g该样品加入200g稀盐酸，恰好完全反应，生成4.4g二氧化碳。结合以上探究过程，下列说法正确的是,https://k12static.xdf.cn/k12/image/externalized/a08bee58-1146-4e1e-866b-215a242315ef.png,https://k12static.xdf.cn/k12/image/externalized/bd9a3a27-6821-43f6-9ed5-07b90be5ca7c.png
3577898757484531712,★★★★★,5,压轴题,★★★★★,5,压轴题,压轴题,否,一致保留,高,压轴题,题目包含复杂建模、多阶段证据和定量关系的深层耦合。 原标注依据：纯陌生结晶化合物图像相关考查,纯陌生结晶化合物图像相关考查,废旧铁制品的利用： 硫酸亚铁铵晶体（俗称摩尔盐）化学式为 xFeSO4·y（NH4）2SO4·zH2O，是一种重要的化工原料，用途十分广泛。某同学利用废铁屑制备硫酸亚铁铵晶体并设计实验测定其组成。 （1）步骤②中一系列操作中用到的玻璃仪器主要有：烧杯、 、玻璃棒等。 （2）步骤③中使用乙醇汽油洗涤可以快速晾干。这样做的优点是 。 A 避免用水洗涤所造成的晶体损耗 B 酒精易挥发，可低温晾干晶体 测定硫酸亚铁铵晶体的组成及热分解实验，兴…,https://k12static.xdf.cn/k12/image/externalized/c1bf91c1-c62a-4a4d-b1eb-fe97c099ad6e.png,https://k12static.xdf.cn/k12/image/externalized/14a1ba65-acaa-434c-ae42-afe11303f99d.png
3672499214886178816,★★★★★,5,压轴题,★★★★★,5,压轴题,压轴题,否,边界保留,中,拔高题 / 压轴题,题目包含复杂建模、多阶段证据和定量关系的深层耦合。 原标注依据：复杂计算题 现有模型存在相邻档分歧；复核后主标签保留原档，同时记录相邻档为可接受边界。,复杂计算题,已知：$\text{CaCO}_{3}\begin{array}{c} \underline{\underline{\mathrm{高温}}}\\ \end{array}\mathrm{CaO}+\mathrm{CO}_{2}\uparrow$，$\mathrm{Mg}\left(\mathrm{OH}\right)_{2}\begin{array}{c} \underline{\underline{\Delta }}\\ \end{…,https://k12static.xdf.cn/k12/image/externalized/6d884719-de13-4428-9dcc-907f212fc172.png,https://k12static.xdf.cn/k12/image/externalized/af065ec7-6d35-4dea-a02d-4851f8d7c335.png
2755913422573948928,★★★★★,5,压轴题,★★★★★,5,压轴题,压轴题,否,边界保留,中,拔高题 / 压轴题,题目包含复杂建模、多阶段证据和定量关系的深层耦合。 原标注依据：实验过程数据分析计算综合题 现有模型存在相邻档分歧；复核后主标签保留原档，同时记录相邻档为可接受边界。,实验过程数据分析计算综合题,兴趣小组的同学对硫酸铜的性质进行了如下探究。实验1：将铁粉投入硫酸铜溶液中，发现生成红色固体物质的同时还有气泡放出。【提出猜想】从物质组成元素的角度考虑，放出的气体可能是SO2、O2、H2中的一种或几种。【查阅资料】①酸性高锰酸钾溶液呈紫红色，SO2能使酸性高锰酸钾溶液褪色。②O2+4KI+4HCl=2I2+4KC1+2H2O，I2为碘单质，遇淀粉溶液变蓝。【方案设计】依据上述猜想，他们分别设计了如下方案：（1）甲同学为确定是否含有S…,https://k12static.xdf.cn/k12/image/externalized/48d7b7d9-1751-431b-b891-9758cbc688d6.png,https://k12static.xdf.cn/k12/image/externalized/02b3bfb0-4bbc-450e-84fe-a42f74fdf62f.png
3325451625727639552,★★★★★,5,压轴题,★★★★★,5,压轴题,压轴题,否,边界保留,中,拔高题 / 压轴题,题目包含复杂建模、多阶段证据和定量关系的深层耦合。 原标注依据：多模块综合，宏观、微观、碳循环、实验、计算 现有模型存在相邻档分歧；复核后主标签保留原档，同时记录相邻档为可接受边界。,多模块综合，宏观、微观、碳循环、实验、计算,【&ldquo;碳&rdquo;素发现】,https://k12static.xdf.cn/k12/image/externalized/38a0e508-a0b2-4d67-b369-b92ba9565439.png,https://k12static.xdf.cn/k12/image/externalized/8c0948f4-a60a-41e1-86b8-2af81f2ef31a.png
3673947230633308160,★★★★★,5,压轴题,★★★★★,5,压轴题,压轴题,否,边界保留,中,拔高题 / 压轴题,题目包含复杂建模、多阶段证据和定量关系的深层耦合。 原标注依据：探究甲烷的还原性+过程数据‘计算 现有模型存在相邻档分歧；复核后主标签保留原档，同时记录相邻档为可接受边界。,探究甲烷的还原性+过程数据‘计算,甲、乙两位同学在学习甲烷性质时，发现甲烷与氢气和一氧化碳性质上有很多相似之处。但H2和CO都具有还原性，那甲烷有还原性吗？乙同学设计以下实验装置并进行验证。[查阅资料]白色无水CuSO4遇水变蓝，有吸水性。【实验装置】【实验步骤】(假设药品都是足量的，氢氧化钠溶液的作用是防止空气中的CO₂进入装置C)①分别称量装置A、B、C的质量；②向玻璃管中装入CuO；③先通一段时间的CH4，再加热装置A，使其充分反应；④停止加热，继续通入CH4至…,https://k12static.xdf.cn/k12/image/externalized/27f7211a-d80d-422d-bb3a-a7fffa4746be.png,https://k12static.xdf.cn/k12/image/externalized/71b04e85-3ecf-44ce-987f-d231da92dbda.png
3657068260593250305,★★★★,4,拔高题,★★★★,4,拔高题,拔高题,否,一致保留,高,拔高题,题目存在决定性转换、方案评价、多约束或高密度综合链。 原标注依据：氢气还原氧化铜实验定量考察,氢气还原氧化铜实验定量考察,实验小组同学利用氢气与氧化铜的反应，测定水中氢、氧元素的质量比，设计装置如下图。分别测得通氢气前后，装置B的质量差为m₁，装置C的质量差为m₂，D装置的质量差为m₃。下列说法正确的是,https://k12static.xdf.cn/k12/image/externalized/f3e760d1-3304-4b16-8649-7e156e271088.png,https://k12static.xdf.cn/k12/image/externalized/7c8c23d6-0fde-4501-989e-561dd08d9c5f.png
3583577920801918976,★★★★★,5,压轴题,★★★★★,5,压轴题,压轴题,否,边界保留,中,拔高题 / 压轴题,题目包含复杂建模、多阶段证据和定量关系的深层耦合。 原标注依据：溶液反应先后顺序图像分段定量分析 现有模型存在相邻档分歧；复核后主标签保留原档，同时记录相邻档为可接受边界。,溶液反应先后顺序图像分段定量分析,向一定质量Ba（OH）2溶液中先后滴加CuSO4、H2SO4溶液，滴加过程中加入溶液的质量与产生沉淀的质量关系如图所示。下列说法正确的是（ ）,https://k12static.xdf.cn/k12/image/externalized/f7cd4b6f-c8f1-49e3-b950-249408f7eab2.png,https://k12static.xdf.cn/k12/image/externalized/58117942-506f-4671-aafc-1c9ec8b923aa.png
3618637459698524160,★★★★★,5,压轴题,★★★★★,5,压轴题,压轴题,否,边界保留,中,拔高题 / 压轴题,题目包含复杂建模、多阶段证据和定量关系的深层耦合。 原标注依据：粗盐的精制+误差分析+计算多步 现有模型存在相邻档分歧；复核后主标签保留原档，同时记录相邻档为可接受边界。,粗盐的精制+误差分析+计算多步,NaCl既是生活必需品，更是一种重要的化工原料。,https://k12static.xdf.cn/k12/image/externalized/a31fa301-3aff-4d91-ba23-81bf72940873.png,https://k12static.xdf.cn/k12/image/externalized/c5a2c272-f454-4cbd-bc0c-e201ac1405a1.png
3557435382398828544,★★★★★,5,压轴题,★★★★★,5,压轴题,压轴题,否,边界保留,中,拔高题 / 压轴题,题目包含复杂建模、多阶段证据和定量关系的深层耦合。 原标注依据：物质鉴别判断-流程题成分判断 现有模型存在相邻档分歧；复核后主标签保留原档，同时记录相邻档为可接受边界。,物质鉴别判断-流程题成分判断,回答下列问题。,https://k12static.xdf.cn/k12/image/externalized/015a331b-7466-4863-9d96-770407cf9bb4.png,https://k12static.xdf.cn/k12/image/externalized/299e145e-4dac-40d0-bd57-bc8c4513cacd.png
3660303319820926976,★★★★★,5,压轴题,★★★★★,5,压轴题,压轴题,否,边界保留,中,拔高题 / 压轴题,题目包含复杂建模、多阶段证据和定量关系的深层耦合。 原标注依据：选择题-陌生方程式+实验过程分析计算 现有模型存在相邻档分歧；复核后主标签保留原档，同时记录相邻档为可接受边界。,选择题-陌生方程式+实验过程分析计算,学习小组用大理石(主要成分是$\ce{CaCO_{3}}$，另含少量$\ce{MgCO_{3}}$)制备过氧化钙晶体（$\ce{CaO_{2}\cdot 8H_{2}O}$，相对分子质量为$216$），并测定制得的粗品中$\ce{CaO_{2}\cdot 8H_{2}O}$的质量分数，设计如下实验。 步骤一：将大理石溶于一定量的盐酸中，加入适量氢氧化钠溶液，过滤，除去氯化镁等杂质。 步骤二：向滤液中加入 $\ce{NaOH}$ 和 $…,https://k12static.xdf.cn/k12/image/externalized/323b26c9-3485-4380-a913-dd350108d98d.png,https://k12static.xdf.cn/k12/image/externalized/334ad5a0-52f6-47ca-903b-5d0666d3af0f.png
2880278625923117056,★★★★,4,拔高题,★★★★,4,拔高题,拔高题,否,一致保留,高,拔高题,题目存在决定性转换、方案评价、多约束或高密度综合链。 原标注依据：氢氧化钠变质程度探究,氢氧化钠变质程度探究,甲、乙两个化学小组的同学们开展了以氢氧化钠为主题的实验探究，请你参与。 实验一 实验二 实验三 Ⅰ.甲组同学取氢氧化钠固体配制成溶液，探究氢氧化钠的化学性质，实验如图所示。 【初步探究】（1）实验一试管中观察到溶液变成 ________ 色。 （2）实验二试管中发生反应的化学方程式为 ________ 。 （3）实验三试管中无明显现象。 【提出问题】实验三试管中是否发生化学反应？ 【进行实验】取实验三试管中的溶液少许，滴加 _____…,https://k12static.xdf.cn/k12/image/externalized/065194a3-e7b3-435c-ae62-80d38b77ea0c.png,https://k12static.xdf.cn/k12/image/externalized/3adb6a99-8121-4a99-909c-f5980777b4ec.png
3112160188173459456,★★★★★,5,压轴题,★★★★★,5,压轴题,压轴题,否,边界保留,中,拔高题 / 压轴题,题目包含复杂建模、多阶段证据和定量关系的深层耦合。 原标注依据：质量守恒定律多种类图像分析 现有模型存在相邻档分歧；复核后主标签保留原档，同时记录相邻档为可接受边界。,质量守恒定律多种类图像分析,用天平称量铜粉在密闭容器中加热前后的质量（如甲图所示）来验证质量守恒定律。在同一实验中，相同时间内，容器内各种物理量随时间变化的关系如乙图至丁图所示（e点为丁图图像上任意点）。下列说法不正确的是,https://k12static.xdf.cn/k12/image/externalized/db7c8fd1-2e6a-4aa2-af14-6622b8b6a610.png,https://k12static.xdf.cn/k12/image/externalized/c95c4dc6-4670-451a-b143-6ede28319b08.png
3218422454106021888,★★★★★,5,压轴题,★★★★★,5,压轴题,压轴题,否,边界保留,中,拔高题 / 压轴题,题目包含复杂建模、多阶段证据和定量关系的深层耦合。 原标注依据：二氧化碳制取及固体分解实验计算 现有模型存在相邻档分歧；复核后主标签保留原档，同时记录相邻档为可接受边界。,二氧化碳制取及固体分解实验计算,气体的制取和性质是初中化学核心知识之一，结合以下实验装置图回答问题。,https://k12static.xdf.cn/k12/image/externalized/57f343bb-24bd-4180-9b97-474fb8283178.png,https://k12static.xdf.cn/k12/image/externalized/1aac0f1d-a0fe-4f6d-8a41-d5210f7ff26d.png
3673786456478879744,★★★★★,5,压轴题,★★★★★,5,压轴题,压轴题,否,边界保留,中,拔高题 / 压轴题,题目包含复杂建模、多阶段证据和定量关系的深层耦合。 原标注依据：学科综合型计算 现有模型存在相邻档分歧；复核后主标签保留原档，同时记录相邻档为可接受边界。,学科综合型计算,如图所示，在质地均匀的等臂杠杆两端分别挂着两个质地均匀、光滑且体积相同的铁球和铜球。实验前杠杆处于平衡状态，两烧杯中均放入等体积、等质量分数的硝酸银溶液。反应一段时间后均移走烧杯，金属球表面均用滤纸吸干，该过程中金属球外形完整。下列说法正确的是,https://k12static.xdf.cn/k12/image/externalized/a8a135b4-9fdf-49de-bf98-14f363ee8084.png,https://k12static.xdf.cn/k12/image/externalized/ce48e698-0156-430d-93c7-222a632b22d1.png
3150340324476710912,★★★★★,5,压轴题,★★★★★,5,压轴题,压轴题,否,边界保留,中,拔高题 / 压轴题,题目包含复杂建模、多阶段证据和定量关系的深层耦合。 原标注依据：元素守恒图像分析 现有模型存在相邻档分歧；复核后主标签保留原档，同时记录相邻档为可接受边界。,元素守恒图像分析,将$\mathrm{m}_{1}\mathrm{g}$可燃物与过量氧气在密闭容器中用电火花引燃，除生成二氧化碳外，还可能生成水。充分反应后，容器内氧气减少了$\mathrm{m}_{2}\mathrm{g}$。实验过程中生成二氧化碳的质量随时间的变化关系如图所示。下列说法正确的是,https://k12static.xdf.cn/k12/image/externalized/0a7bc5e9-521b-4192-8715-82020045eaf8.png,https://k12static.xdf.cn/k12/image/externalized/8ef7457b-4c69-4886-b54d-c039671e1dc8.png
2748706216480886784,★★★★★,5,压轴题,★★★★★,5,压轴题,压轴题,否,边界保留,中,拔高题 / 压轴题,题目包含复杂建模、多阶段证据和定量关系的深层耦合。 原标注依据：碱+盐的图像分析+计算 现有模型存在相邻档分歧；复核后主标签保留原档，同时记录相邻档为可接受边界。,碱+盐的图像分析+计算,常温下，向100.0gMgCl2、MgSO4的混合溶液中滴加Ba（OH）2溶液，产生沉淀的质量与滴加Ba（OH）2溶液的体积关系如图所示，下列说法不正确的是,https://k12static.xdf.cn/k12/image/externalized/4e3a8d99-deff-4dbe-a1f8-a12a8e7d76c6.png,https://k12static.xdf.cn/k12/image/externalized/aace8b99-f04b-4533-9ec6-a04001cc65bc.png
2345796379967266816,★★★★★,5,压轴题,★★★★★,5,压轴题,压轴题,否,一致保留,高,压轴题,题目包含复杂建模、多阶段证据和定量关系的深层耦合。 原标注依据：选择题-复杂反应过程+计算,选择题-复杂反应过程+计算,"将一定质量的氢氧化钠固体长时间露置在空气中，测其质量是13.3g,将其加入烧杯中，再向烧杯中加入150g质量分数7.3%的稀盐酸恰好完全反应，则已变质的氢氧化钠和未变质的氢氧化钠的质量比是（ ）",https://k12static.xdf.cn/k12/image/externalized/00d86548-db46-45fe-b631-e6c3359a2e63.png,https://k12static.xdf.cn/k12/image/externalized/fa232698-28d2-412b-bee9-77c2ab244ccb.png
2864654761832783872,★★★★★,5,压轴题,★★★★★,5,压轴题,拔高题,是,明确改标,高,压轴题,陌生工业流程、条件图表、实验操作、组成测定和连续定量反推形成不可拆分的任务链，后段结论依赖前段模型，达到压轴结构。,复杂陌生流程+实验,镍粉常用于各种高光泽装饰漆和塑料生产，也常用作催化剂。 I、【镍粉制备】： 工业用电解镍新液（主要含NiSO4、NiCl2）制备碱式碳酸镍晶体xNiCO3•yNi（OH）2•zH2O，并利用其制备镍粉的流程如下： （1）反应器中的一个重要反应为3NiSO4+3Na2CO3+2H2O=NiCO3•2Ni（OH）2+3Na2SO4+2X，X的化学式为 ________ 。 （2）物料在反应器中反应时需要控制反应条件。分析下图，反应器中最适…,https://k12static.xdf.cn/k12/image/externalized/21304c47-526b-4313-93b1-34978b8607c4.png,https://k12static.xdf.cn/k12/image/externalized/a8dc690e-c122-4aa2-90be-38fc34d6a1cb.png
2735876189125455872,★★★★,4,拔高题,★★★★,4,拔高题,拔高题,否,一致保留,高,拔高题,题目存在决定性转换、方案评价、多约束或高密度综合链。 原标注依据：推断题-限定类别,推断题-限定类别,下图中甲、乙、丙、丁、戊依次为单质、氧化物、酸、碱、盐。相连物质之间均能在一定条件下发生化学反应，且生成物之一为水。下列说法不正确的是,https://k12static.xdf.cn/k12/image/externalized/783c396e-04b2-4c32-9afd-ef37454e7768.png,https://k12static.xdf.cn/k12/image/externalized/79ea9f92-9f0c-45c5-a5da-ef5c6799aeef.png
3203930525716459520,★★★★★,5,压轴题,★★★★★,5,压轴题,压轴题,否,边界保留,中,拔高题 / 压轴题,题目包含复杂建模、多阶段证据和定量关系的深层耦合。 原标注依据：探究酸、碱、盐的化学性质-少过量分析 现有模型存在相邻档分歧；复核后主标签保留原档，同时记录相邻档为可接受边界。,探究酸、碱、盐的化学性质-少过量分析,某化学兴趣小组探究酸、碱、盐的化学性质时，进行了如图所示实验。实验后将A、B两支试管内的物质倒入烧杯，充分反应，静置。为探究烧杯内溶液的组成，取适量上层清液，向其中逐滴加入质量分数为$2.0\mathrm{\% }$的氢氧化钡溶液，产生沉淀的质量与加入氢氧化钡溶液质量的变化关系如图所示。下列说法正确的是,https://k12static.xdf.cn/k12/image/externalized/95794420-930e-4f97-b117-8db2fc4453c1.png,https://k12static.xdf.cn/k12/image/externalized/57c51a82-9a8e-40b3-b1ef-73c2765b7923.png
3084495858199703552,★★★★,4,拔高题,★★★★,4,拔高题,拔高题,否,一致保留,高,拔高题,题目存在决定性转换、方案评价、多约束或高密度综合链。 原标注依据：酸的化学性质探究,酸的化学性质探究,某兴趣小组在学习酸的化学性质时进行了如下探究活动，请按要求回答问题：(1)上述六个反应中有溶液颜色改变的是 (填字母)。E试管中若将铝片换成铜片，反应 (填“能”或“不能”)发生。(2)在不同的酸溶液中都含有H+，所以，酸有一些相似的化学性质。上述反应不能体现酸的相似化学性质的是 。(填字母)(3)【查阅资料】Ag2CO3不溶于水但能溶于酸，AgCl不溶于水也不溶于酸。【继续探究】小组同学将反应后B和C试管中的废液倒入一只洁净的烧杯中…,https://k12static.xdf.cn/k12/image/externalized/b95c6dd8-8bb6-4545-b6e7-67828b9350ce.png,https://k12static.xdf.cn/k12/image/externalized/656b8611-3050-4366-80be-1b49af0c067c.png
2993598336987578368,★★★★★,5,压轴题,★★★★★,5,压轴题,压轴题,否,边界保留,中,拔高题 / 压轴题,题目包含复杂建模、多阶段证据和定量关系的深层耦合。 原标注依据：陌生装置+纯度测定 现有模型存在相邻档分歧；复核后主标签保留原档，同时记录相邻档为可接受边界。,陌生装置+纯度测定,氮化铝（AlN）是一种新型非金属材料，室温下能缓慢与水反应，可由铝粉在氮气氛围中于1700℃合成，产物为白色到灰蓝色粉末。某探究小组在实验室制备AlN并测定产品纯度，设计实验如下请回答下列问题：（一）制备AlN（二）测定产品纯度取mg产品，用以下装置测定产品纯度（夹持装置已略去）。,https://k12static.xdf.cn/k12/image/externalized/eb870ccd-600a-4136-ab99-3a4472abd489.png,https://k12static.xdf.cn/k12/image/externalized/6a1a452d-3a55-48fe-ba83-adad988ea920.png
2763009184515301376,★★★★,4,拔高题,★★★★,4,拔高题,拔高题,否,边界保留,中,拔高题 / 压轴题,题目存在决定性转换、方案评价、多约束或高密度综合链。 原标注依据：铜的相关物质的制备 现有模型存在相邻档分歧；复核后主标签保留原档，同时记录相邻档为可接受边界。,铜的相关物质的制备,从古至今，铜及其化合物一直被人类广泛应用。一、铜材料的知识二、CuCl的制备以硫化铜(CuS)精矿为原料制备CuCl的主要流程如下。 资料：CuCl是一种白色固体，难溶于水和乙醇，可溶于氯离子浓度较大的溶液，在潮湿空气中易氧化变质为Cu2(OH)3Cl。三、样品的热重分析称取含Cu2(OH)2CO3的Cu2(OH)3Cl样品54.00g置于装置A中，控制不同的温度对其加热，测得剩余固体质量随温度的变化如图所示。 资料：加热到200℃以…,https://k12static.xdf.cn/k12/image/externalized/93ac7e12-6843-424e-8774-7696f06e1d47.png,https://k12static.xdf.cn/k12/image/externalized/931b6f87-b645-4c3f-802a-3f563363534a.png
2832686734739775488,★★★★,4,拔高题,★★★★,4,拔高题,拔高题,否,一致保留,高,拔高题,题目存在决定性转换、方案评价、多约束或高密度综合链。 原标注依据：工业流程分析+质量分数计算,工业流程分析+质量分数计算,已知NaOH容易与空气中的CO2作用而变质。小军同学在实验室发现一瓶敞口放置的NaOH固体后，设计方案，对这瓶NaOH固体变质情况进行了如下实验探究：回答下列问题：（1）上述实验操作④的名称是： 。（2）根据上述实验，可以确定该固体 变质。（3）步骤③中加过量氯化钙溶液的目的是 。（4）若测得E的pH＝7，则A的成分 （写化学式），若测得E的pH＞7，则A的成分 （写化学式）。（5）实验室有一瓶久置的氢氧化钠，因吸收空气中二氧化碳而变…,https://k12static.xdf.cn/k12/image/externalized/ce28cbff-7831-4101-9a69-ffcf452227a7.png,https://k12static.xdf.cn/k12/image/externalized/852b1499-0aed-4b9f-90e6-3e9c878a4600.png
2952938115451863040,★★★★★,5,压轴题,★★★★★,5,压轴题,压轴题,否,边界保留,中,拔高题 / 压轴题,题目包含复杂建模、多阶段证据和定量关系的深层耦合。 原标注依据：多选题-复杂混合物+酸反应 现有模型存在相邻档分歧；复核后主标签保留原档，同时记录相邻档为可接受边界。,多选题-复杂混合物+酸反应,将10g含有Cu、CuO和Cu2O的固体混合物加入烧杯中，再向其中加入98g溶质质量分数为10%的稀硫酸，恰好完全反应，过滤，得到一定质量该温度下的不饱和溶液和滤渣。下列说法中，合理的是（ ）（已知Cu2O+H2SO4═CuSO4+Cu+H2O）,https://k12static.xdf.cn/k12/image/externalized/fbbfc72b-8ec5-4a34-a860-8c8857f3ba4e.png,https://k12static.xdf.cn/k12/image/externalized/cb5e1d2f-e353-4606-96c3-41eb660c25ea.png
3219498550767931392,★★★★,4,拔高题,★★★★,4,拔高题,拔高题,否,边界保留,中,拔高题 / 压轴题,题目存在决定性转换、方案评价、多约束或高密度综合链。 原标注依据：物质的应用、组成探究 现有模型存在相邻档分歧；复核后主标签保留原档，同时记录相邻档为可接受边界。,物质的应用、组成探究,在生活生产中，含锰物质的应用较为广泛。 (一)含锰物质的应用,https://k12static.xdf.cn/k12/image/externalized/9c615853-df81-4824-8a64-0d3185c3d1cf.png,https://k12static.xdf.cn/k12/image/externalized/1a857cef-f197-4aa3-9649-98f75e98ab63.png
2758484049973329920,★★★★,4,拔高题,★★★★,4,拔高题,压轴题,是,明确改标,高,拔高题,题目具有明显难点，但有效任务仍可压缩为有限的常规实验/计算主线，没有压轴所需的深层模型耦合、多阶段分类筛选或复杂边界验证，校准为拔高题。,转换关系法的应用,已知FeSO4、Fe2（SO4）3混合物中铁元素的质量分数为a%，则硫元素的质量分数为（ ）,https://k12static.xdf.cn/k12/image/externalized/8affd231-d80c-4792-855f-84136809387e.png,https://k12static.xdf.cn/k12/image/externalized/de6bc0fa-c530-49a3-a669-d93b5fcf6c05.png
2761612945929629696,★★★★★,5,压轴题,★★★★★,5,压轴题,压轴题,否,边界保留,中,拔高题 / 压轴题,题目包含复杂建模、多阶段证据和定量关系的深层耦合。 原标注依据：多步计算 现有模型存在相邻档分歧；复核后主标签保留原档，同时记录相邻档为可接受边界。,多步计算,已知，4KO2+2CO2=2K2CO3+3O2，4KO2+2H2SO4=2K2SO4+2H2O+3O2↑，现有28.4gKO2与一定量的CO2反应后，固体质量变为27.8g，向反应后的固体中加入过量的200.0g稀硫酸，将产生的气体通入过量的石灰水中，得到15.0gCaCO3。下列说法不正确的是,https://k12static.xdf.cn/k12/image/externalized/987e0334-65b2-4789-b772-76339e0eee8d.png,https://k12static.xdf.cn/k12/image/externalized/5f4ba2cf-6652-4f60-9430-325a5a34f63b.png
3679349140588404736,★★★★★,5,压轴题,★★★★★,5,压轴题,压轴题,否,边界保留,中,拔高题 / 压轴题,题目包含复杂建模、多阶段证据和定量关系的深层耦合。 原标注依据：气体成分定量分析判断 现有模型存在相邻档分歧；复核后主标签保留原档，同时记录相邻档为可接受边界。,气体成分定量分析判断,某燃气样品可能含有CO、CO2和CH4三种气体中的一种或几种。为确定该燃气样品成分，项目组同学初步设计了如下实验方案供大家讨论：（已知：$\mathrm{CH}_{4}+4\mathrm{CuO}\begin{array}{c} \underline{\underline{\Delta }}\\ \end{array}4\mathrm{Cu}+\mathrm{CO}_{2}+2\mathrm{H}_{2}\mathrm{O}$，装置内…,https://k12static.xdf.cn/k12/image/externalized/dc1e8167-8a35-4847-bf55-6347044d96dd.png,https://k12static.xdf.cn/k12/image/externalized/be9596e6-dee0-4383-8d5a-72b847642689.png
3637102077479575552,★★★★★,5,压轴题,★★★★★,5,压轴题,压轴题,否,边界保留,中,拔高题 / 压轴题,题目包含复杂建模、多阶段证据和定量关系的深层耦合。 原标注依据：综合应用题-流程+微观原理 现有模型存在相邻档分歧；复核后主标签保留原档，同时记录相邻档为可接受边界。,综合应用题-流程+微观原理,铁及其化合物在生产生活中有广泛应用。一、铁的有关知识《天工开物》中记载：“凡铁一炉载土（指铁矿石）二千余斤，或用硬木柴，或用煤炭，或用木炭，…土化成铁之后，从炉腰孔流出。”“其铁流入塘内，数人手持柳木棍排立墙上，…众人柳棍疾搅，即时炒成熟铁（指钢）。”二、制备碳酸亚铁利用铁的氧化物矿渣（主要含有Fe2O3、FeO及Al2O3）制备FeCO3的流程如下：已知：沉铁时还会生成硫酸铵。三、测定碳酸亚铁的纯度制得的FeCO3样品中含有少量Fe…,https://k12static.xdf.cn/k12/image/externalized/901a931a-57e8-45fd-9865-1afe09d54c27.png,https://k12static.xdf.cn/k12/image/externalized/20752a10-3ffa-4cd2-ad6c-0e82139bee3c.png
3625328542991544320,★★★★,4,拔高题,★★★★,4,拔高题,压轴题,是,明确改标,高,拔高题,题目具有明显难点，但有效任务仍可压缩为有限的常规实验/计算主线，没有压轴所需的深层模型耦合、多阶段分类筛选或复杂边界验证，校准为拔高题。,酸碱指示剂项目-条件及目的分析,化学兴趣小组的同学开展了利用黑枸杞制作酸碱指示剂的项目式学习。【活动一】制取试剂实验1：利用黑枸杞自制酸碱指示剂的步骤依次为黑枸杞研钵捣烂→浸泡（乙醇和水的体积比为1∶1）→用纱布将浸泡出的汁液挤出→装瓶备用实验2：将黑枸杞浸取汁液，分别滴入pH不同的无色溶液中，记录现象。pH≤34-56-89-1112≥13溶液颜色红色粉色紫色蓝色绿色黄色【活动二】应用试剂同学们把盛有自上而下依次呈现多种颜色溶液的试管称为“彩虹管”。小组同学看到某…,https://k12static.xdf.cn/k12/image/externalized/fda7f340-9d2a-49ab-bebc-5aa185cf6ee2.png,https://k12static.xdf.cn/k12/image/externalized/e8403dcb-1f0b-4cd3-92b1-4bb947752d85.png
3571990682766712832,★★★★★,5,压轴题,★★★★★,5,压轴题,压轴题,否,边界保留,中,拔高题 / 压轴题,题目包含复杂建模、多阶段证据和定量关系的深层耦合。 原标注依据：金属+盐溶液图像分段分析 现有模型存在相邻档分歧；复核后主标签保留原档，同时记录相邻档为可接受边界。,金属+盐溶液图像分段分析,向m1 g铁粉中，先逐滴加入一定量的Cu(NO3)2溶液，充分反应后再逐滴加入AgNO3溶液，剩余固体质量与所加溶液总质量的关系如图所示。下列说法正确的是,https://k12static.xdf.cn/k12/image/externalized/9c4a626a-aeb4-47e9-98be-9dc6482e2aaa.png,https://k12static.xdf.cn/k12/image/externalized/bb6401bf-0e86-4a5c-a400-fe26cef9292c.png
3558765745163784192,★★★★★,5,压轴题,★★★★★,5,压轴题,压轴题,否,边界保留,中,拔高题 / 压轴题,题目包含复杂建模、多阶段证据和定量关系的深层耦合。 原标注依据：酸碱中和曲线探究题 现有模型存在相邻档分歧；复核后主标签保留原档，同时记录相邻档为可接受边界。,酸碱中和曲线探究题,实验员老师配制了稀盐酸和氢氧化钠溶液，用于九年级各班同学进行实验：使用$\mathrm{pH}$传感器测定酸碱中和过程中溶液$\mathrm{pH}$变化，并分析电脑绘制的曲线。一班同学成功绘制出酸碱中和反应过程中溶液$\mathrm{pH}$变化曲线，如甲图所示。（注：每次实验各班同学取用的氢氧化钠溶液体积都是10mL）【分析甲图】【发现问题】几周后，当十二班同学最后做实验时，绘制出的曲线如乙图所示。【分析图像甲和乙】资料卡片1.酚…,https://k12static.xdf.cn/k12/image/externalized/0f51c56d-5120-44ce-b0fd-2fdc821240ce.png,https://k12static.xdf.cn/k12/image/externalized/c0251316-e889-4fff-9bba-d1310f30720d.png
3527298419035250688,★★★★,4,拔高题,★★★★,4,拔高题,拔高题,否,边界保留,中,拔高题 / 压轴题,题目存在决定性转换、方案评价、多约束或高密度综合链。 原标注依据：铁锈蚀的实验题 现有模型存在相邻档分歧；复核后主标签保留原档，同时记录相邻档为可接受边界。,铁锈蚀的实验题,科技小组同学以“铁锈蚀”为主题开展如下项目式学习。【查阅资料】①食品脱氧剂的主要成分是铁粉和辅助物质，脱氧原理是铁的生锈。②铁锈的主要成分是Fe2O3·nH2O。③铁锈可与盐酸发生反应但不产生气体。【任务一】探究铁生锈的条件【任务二】探究铁锈蚀快慢的因素【任务三】测定铁锈主要成分Fe2O3•nH2O的n数值[查阅资料],https://k12static.xdf.cn/k12/image/externalized/22541b27-9029-4341-8407-1348e489d003.png,https://k12static.xdf.cn/k12/image/externalized/bd7cd0ea-aef5-46ba-8a4e-f5df3e139801.png
3509864154173132800,★★★★★,5,压轴题,★★★★★,5,压轴题,压轴题,否,边界保留,中,拔高题 / 压轴题,题目包含复杂建模、多阶段证据和定量关系的深层耦合。 原标注依据：跨学科-化学、生物 现有模型存在相邻档分歧；复核后主标签保留原档，同时记录相邻档为可接受边界。,跨学科-化学、生物,生活中经常会用果蔬洗盐清洗蔬菜和水果，请与小组同学一同开启项目化学习之旅。【查阅资料】食用级pH调节剂可能是碳酸钠、碳酸氢钠、乳酸、柠檬酸中的一种或两种。任务一：定性探究果蔬洗盐组成【实验初探】【提出猜想】【查阅资料】$\mathrm{Na}_{2}\mathrm{CO}_{3}$受热不易分解；$\text{NaHCO}_{3}$加热后易分解生成$\mathrm{Na}_{2}\mathrm{CO}_{3}$、$\mathrm{H}_…,https://k12static.xdf.cn/k12/image/externalized/776dd634-b4b7-47f4-ae7a-21b047df9ffa.png,https://k12static.xdf.cn/k12/image/externalized/bb93be83-febe-410d-afed-1deb293cf6e6.png
3510810978717827072,★★★★★,5,压轴题,★★★★★,5,压轴题,压轴题,否,边界保留,中,拔高题 / 压轴题,题目包含复杂建模、多阶段证据和定量关系的深层耦合。 原标注依据：含锰物质制备-高中实验下沉 现有模型存在相邻档分歧；复核后主标签保留原档，同时记录相邻档为可接受边界。,含锰物质制备-高中实验下沉,在强碱性条件下，$\mathrm{Cl}_{2}$和$\mathrm{Mn}(\mathrm{OH})_{2}$能反应生成锰酸盐，$\mathrm{Cl}_{2}$和碱反应可以生成盐。某兴趣小组在实验室利用如图装置制备$\mathrm{K}_{2}\mathrm{MnO}_{4}$。已知：$\mathrm{K}_{2}\mathrm{MnO}_{4}$溶液的颜色为绿色；$\mathrm{Mn}(\mathrm{OH})_{2}$是白色…,https://k12static.xdf.cn/k12/image/externalized/e204cb4f-3946-4ff4-b570-102d7e600ff4.png,https://k12static.xdf.cn/k12/image/externalized/ae9a52be-1be5-4e48-a119-54216ca77e5c.png
3440037000270381056,★★★★★,5,压轴题,★★★★★,5,压轴题,压轴题,否,边界保留,中,拔高题 / 压轴题,题目包含复杂建模、多阶段证据和定量关系的深层耦合。 原标注依据：陌生物质多次元素守恒的图像题 现有模型存在相邻档分歧；复核后主标签保留原档，同时记录相邻档为可接受边界。,陌生物质多次元素守恒的图像题,肼，又称联氮，无色油状液体，是一种常见的燃料，它与二氧化氮反应的方程式为：$\mathrm{aN}_{\mathrm{x}}\mathrm{H}_{\mathrm{y}}+\mathrm{bNO}_{2}\begin{array}{c} \underline{\underline{\mathrm{点燃}}}\\ \end{array}\mathrm{cN}_{2}+\mathrm{dH}_{2}\mathrm{O}$。不同质量的二氧化…,https://k12static.xdf.cn/k12/image/externalized/00c23060-e5d7-41f7-8176-0775827f8eda.png,https://k12static.xdf.cn/k12/image/externalized/60aa0062-cfb7-4b0c-ac42-2182eb31c011.png
3605220895252918272,★★★★,4,拔高题,★★★★,4,拔高题,拔高题,否,一致保留,高,拔高题,题目存在决定性转换、方案评价、多约束或高密度综合链。 原标注依据：碳还原氧化铜实验探究+定量分析,碳还原氧化铜实验探究+定量分析,某小组对教材中木炭还原氧化铜实验进行探究。,https://k12static.xdf.cn/k12/image/externalized/3b2e42a1-0309-4136-9e15-9eac83a9b110.png,https://k12static.xdf.cn/k12/image/externalized/fbfb4d27-3814-457d-a961-156edf7046df.png
2786611897697083392,★★★★★,5,压轴题,★★★★★,5,压轴题,压轴题,否,一致保留,高,压轴题,题目包含复杂建模、多阶段证据和定量关系的深层耦合。 原标注依据：陌生实验-高中方程式+物质质量分数测定,陌生实验-高中方程式+物质质量分数测定,某学习小组对课本中“食盐常用于制氯气、烧碱”的内容产生兴趣。在老师的指导下，用自制的实验装置(主体部分如图所示)进行电解饱和食盐水制取氢氧化钠的实验。一段时间后，关闭电源，从K处导出部分的溶液作为待测液进行如下探究。[查阅资料]Ⅰ电解饱和食盐水的化学方程式: $2\text{NaCl}+2{{\text{H}}_{2}}\text{O}\begin{matrix} \underline{\underline{通电}} \\ {} \\…,https://k12static.xdf.cn/k12/image/externalized/d14334d9-4126-4bf5-aad5-c546834390a3.png,https://k12static.xdf.cn/k12/image/externalized/3edb31c7-e42d-42e7-9862-24da843e0a0b.png
3634405739632562176,★★★★★,5,压轴题,★★★★★,5,压轴题,压轴题,否,边界保留,中,拔高题 / 压轴题,题目包含复杂建模、多阶段证据和定量关系的深层耦合。 原标注依据：陌生实验为背景+计算+方案设计+方案评价 现有模型存在相邻档分歧；复核后主标签保留原档，同时记录相邻档为可接受边界。,陌生实验为背景+计算+方案设计+方案评价,兴趣小组的同学对两种品牌管道疏通剂进行项目式学习。说明书部分信息如表品名主要成分注意事项管道疏通剂A氢氧化钠、铝粒①远离明火 ②勿直接接触皮肤管道疏通剂B氢氧化钠、过碳酸钠①避光密封保存 ②勿直接接触皮肤任务一：认识管道疏通剂A资料显示：氢氧化钠能与毛发、油脂发生化学反应，生成物可溶于水，方程式为：$2\mathrm{Al}+2\text{NaOH}+2\mathrm{H}_{2}\mathrm{O}=2\text{NaAlO}_{2…,https://k12static.xdf.cn/k12/image/externalized/11628462-ec69-4489-b19f-57f639bb7587.png,https://k12static.xdf.cn/k12/image/externalized/8f4b5e91-9dd4-4a92-9821-dbba134a5c2d.png
2747106192649633792,★★★★★,5,压轴题,★★★★★,5,压轴题,压轴题,否,边界保留,中,拔高题 / 压轴题,题目包含复杂建模、多阶段证据和定量关系的深层耦合。 原标注依据：竞赛题复杂实验+实验方法书写+化学式计算 现有模型存在相邻档分歧；复核后主标签保留原档，同时记录相邻档为可接受边界。,竞赛题复杂实验+实验方法书写+化学式计算,天然碱（aNa2CO3▪bNaHCO3▪cH2O）在纺织、医疗、食品等领域有广泛的应用，某化学研究性学习小组对Na2CO3、NaHCO3的性质和天然碱的组成进行了如下探究。【查阅资料】①Ca（HCO3）2易溶于水。②300℃时，NaHCO3完全分解：2NaHCO3$\begin{matrix} \underline{\underline{\text{ }\!\!\Delta\!\!\text{ }}} \\ {} \\ \end{ma…,https://k12static.xdf.cn/k12/image/externalized/8c56efa1-dd54-4ac5-a20a-9a99218ecdea.png,https://k12static.xdf.cn/k12/image/externalized/6b666aa4-aabe-43bd-86cc-8f6aefafd916.png
2752868828776361984,★★★★★,5,压轴题,★★★★★,5,压轴题,压轴题,否,一致保留,高,压轴题,题目包含复杂建模、多阶段证据和定量关系的深层耦合。 原标注依据：工业流程+物质的量浓度+物质的量计算高中,工业流程+物质的量浓度+物质的量计算高中,某固体样品中含有的离子由Na+、Ca2+、Ba+、${\mathrm{NH}}_{4}^{+}$、$\mathrm{Cl}^{-}$、${\mathrm{CO}}_{3}^{2-}$、${\mathrm{SO}}_{4}^{2-}$中的若干种组成，取适量该固体进行如下实验：实验中气体均全部逸出，固体A、D、E均为纯净物。【查阅资料】标准状况下1mol气体的体积为22.4L。回答下列问题：,https://k12static.xdf.cn/k12/image/externalized/841476cd-c7d6-4408-b67b-03c34b337370.png,https://k12static.xdf.cn/k12/image/externalized/504506af-086e-4860-846a-12f7c3db531c.png
3431062429023363073,★★★★★,5,压轴题,★★★★★,5,压轴题,压轴题,否,边界保留,中,拔高题 / 压轴题,题目包含复杂建模、多阶段证据和定量关系的深层耦合。 原标注依据：陌生实验+计算 现有模型存在相邻档分歧；复核后主标签保留原档，同时记录相邻档为可接受边界。,陌生实验+计算,工业铁红的主要成分是$\mathrm{Fe}_{2}\mathrm{O}_{3}$，还含有少量的$\mathrm{FeO}$、$\mathrm{Fe}_{3}\mathrm{O}_{4}$。为了测定铁红中铁的质量分数，兴趣小组的同学进行了如下实验，请你参与过程分析。 【资料1】草酸晶体（$\mathrm{H_2C_2O_4\cdot3H_2O}$）在浓$\mathrm{H}_{2}\mathrm{SO}_{4}$作用下受热分解，化学方…,https://k12static.xdf.cn/k12/image/externalized/f35450d0-0e15-4bd5-8b73-9a42b5a5f6cf.png,https://k12static.xdf.cn/k12/image/externalized/18212353-336c-4feb-9ddc-0749a06aaf77.png
3620900423051038720,★★★★★,5,压轴题,★★★★★,5,压轴题,压轴题,否,边界保留,中,拔高题 / 压轴题,题目包含复杂建模、多阶段证据和定量关系的深层耦合。 原标注依据：实验+工业流程+计算综合题 现有模型存在相邻档分歧；复核后主标签保留原档，同时记录相邻档为可接受边界。,实验+工业流程+计算综合题,工业上可以用软锰矿（主要成分为$\mathrm{MnO}_{2}$）除去$\mathrm{SO}_{2}$，同时得到副产品$\text{MnSO}_{4}\cdot \mathrm{H}_{2}\mathrm{O}$。Ⅰ.实验室研究$\mathrm{MnO}_{2}$吸收$\mathrm{SO}_{2}$实验室用$\mathrm{MnO}_{2}$浆液，加入少量$\mathrm{Fe}_{2}\left(\mathrm{SO}_{4}…,https://k12static.xdf.cn/k12/image/externalized/fea7d26b-4c06-4549-a9e8-576aa6b4220b.png,https://k12static.xdf.cn/k12/image/externalized/b0c2d970-c477-4a67-ad58-5f0a1e2058d0.png
2141315654547746816,★★★★,4,拔高题,★★★★,4,拔高题,拔高题,否,边界保留,中,中等题 / 拔高题,题目存在决定性转换、方案评价、多约束或高密度综合链。 原标注依据：工业流程，金属与盐溶液反应信息提取应用，含少过量隐蔽情况分析 现有模型存在相邻档分歧；复核后主标签保留原档，同时记录相邻档为可接受边界。,工业流程，金属与盐溶液反应信息提取应用，含少过量隐蔽情况分析,废旧电路板中主要含有塑料、铜和锡（$\ce{Sn}$）等，为实现对其中锡的绿色回收，某工艺流程如下。下列有关该反应的说法不正确的是$(\qquad)$已知：①$\ce{Sn +SnCl4}\begin{array}{c}\underline{\underline{\qquad}}\\ \qquad \end{array}2\ce{SnCl2}$，$\ce{Cu}$ 与 $\ce{SnCl4}$ 不反应 ②在化学反应中元素化合价升高的反…,https://k12static.xdf.cn/k12/image/externalized/0841a359-e1ae-4d69-974d-b1f0ec5e39e6.png,https://k12static.xdf.cn/k12/image/externalized/16819260-01f9-465a-aa67-2dcf782a5fa9.png
